mode,sample,render_cpu_ms
baseline,10,1.6769
proof,11,3.0016
baseline,12,3.0885
proof,13,3.1381
baseline,14,2.7735
proof,15,3.4902
baseline,16,2.3736
proof,17,3.1907
baseline,18,2.9501
proof,19,2.2076
baseline,20,2.4688
proof,21,2.7110
baseline,22,3.9603
proof,23,3.1961
baseline,24,3.1188
proof,25,3.0496
baseline,26,2.7195
proof,27,2.7410
baseline,28,1.8436
proof,29,1.9944
baseline,30,3.0351
proof,31,2.2146
baseline,32,1.4599
proof,33,2.1409
baseline,34,1.9561
proof,35,3.0534
baseline,36,1.5434
proof,37,2.0024
baseline,38,3.0991
proof,39,5.1336
