frame,time,section,player_x,player_y,camera_x,far_x,mid_x,near_x
Motion_000,3.3167,1,-4.0000,0.9650,-4.0000,-4.0000,-4.0000,-4.0000
Motion_001,4.1167,1,-4.0634,1.4986,-4.0827,-4.0818,-4.0761,-4.0727
Motion_002,4.9333,1,-3.4945,0.9650,-3.9539,-3.9543,-3.9575,-3.9594
Motion_003,5.7500,1,-0.6531,0.9650,-1.2082,-1.2362,-1.4316,-1.5433
Motion_004,6.5500,1,6.6346,1.8786,4.8922,4.8033,4.1808,3.8251
Motion_005,7.3667,2,13.4986,0.9650,12.7504,12.5829,11.4104,10.7404
Motion_006,8.1667,2,12.0000,0.9650,12.0000,11.8400,10.7200,10.0800
Motion_007,8.9833,2,11.9366,0.9650,11.8317,11.6734,10.5652,9.9319
Motion_008,9.7833,2,11.9366,1.1941,11.9365,11.7772,10.6616,10.0242
Motion_009,10.6000,2,14.6308,0.9650,14.5041,14.3190,13.0237,12.2836
Motion_010,11.4167,2,20.0145,-0.1517,18.4636,18.2390,16.6665,15.7680
Motion_011,12.2333,2,27.9839,0.9650,26.4158,26.1117,23.9826,22.7659
Motion_012,13.0333,3,28.7117,0.9650,28.5959,28.2700,25.9882,24.6844
Motion_013,13.8500,3,28.7923,2.1818,28.7921,28.4642,26.1687,24.8571
Motion_014,14.6667,3,31.1744,0.6571,30.1540,29.8125,27.4217,26.0556
Motion_015,15.4833,3,35.8035,1.1953,34.9160,34.5269,31.8027,30.2461
Motion_016,16.2833,4,39.0000,0.9650,39.0000,38.5700,35.5600,33.8400
Motion_017,17.0833,4,38.7135,0.9650,38.7867,38.3589,35.3638,33.6523
Motion_018,17.8833,4,38.9366,2.6578,38.9355,38.5062,35.5007,33.7833
Motion_019,18.6833,4,41.2376,0.9650,40.3312,39.8879,36.7847,35.0115
Motion_020,19.4833,4,44.6077,0.9895,43.6224,43.1462,39.8126,37.9077
Motion_021,20.2833,4,46.2826,1.8695,46.2614,45.7588,42.2405,40.2300
Motion_022,21.0833,4,39.0000,0.9650,39.0000,38.5700,35.5600,33.8400
Motion_023,21.8833,4,39.0000,0.9650,39.0000,38.5700,35.5600,33.8400
Motion_024,22.6833,4,42.4695,1.0674,41.5472,41.0918,37.9035,36.0816
Motion_025,23.4833,4,46.1927,1.9639,45.5249,45.0296,41.5629,39.5819
Motion_026,24.2833,4,46.2843,-0.8234,46.2821,45.7793,42.2595,40.2483
Motion_027,25.0833,4,48.7289,-0.5566,47.7004,47.1834,43.5644,41.4963
Motion_028,25.8833,4,53.0483,1.2002,51.9706,51.4109,47.4930,45.2541
Motion_029,26.6833,4,58.1856,0.9650,57.0534,56.4428,52.1691,49.7270
Motion_030,27.4833,4,63.2977,0.9650,62.1655,61.5039,56.8723,54.2257
