mode,sample,frame_ms,main_thread_ns,valid
original,0,4.1661,0,True
original,1,6.7078,6661400,True
original,2,3.7453,3773400,True
original,3,3.2422,3272300,True
original,4,3.7374,3683800,True
original,5,4.4615,4374300,True
original,6,4.2264,4312000,True
original,7,3.6253,3612300,True
original,8,4.1018,4099800,True
original,9,4.9248,4916900,True
original,10,3.8477,3872300,True
original,11,3.8188,3765500,True
original,12,3.7753,3804800,True
original,13,4.0441,3923900,True
original,14,4.1167,4118400,True
original,15,4.0385,4132900,True
original,16,3.6110,3619400,True
original,17,4.2221,4208600,True
original,18,5.0260,5012700,True
original,19,3.6442,3675000,True
original,20,3.5537,3528600,True
original,21,4.6445,4637700,True
original,22,4.7410,4692100,True
original,23,3.8595,3877000,True
original,24,4.0646,4021300,True
original,25,5.8998,5704900,True
original,26,4.5492,4756400,True
original,27,3.6052,3585100,True
original,28,7.4460,7451800,True
original,29,4.2922,4292100,True
original,30,5.2616,5119200,True
original,31,5.4957,5513300,True
original,32,5.8859,5989500,True
original,33,4.2381,4255700,True
original,34,3.7397,3707200,True
original,35,6.5987,6583800,True
original,36,3.9074,3936900,True
original,37,4.2315,3969000,True
original,38,3.8292,4076300,True
original,39,6.8681,6531300,True
original,40,4.1163,4431400,True
original,41,4.1621,4148500,True
original,42,5.2693,5277900,True
original,43,4.3373,4308600,True
original,44,3.7430,3781900,True
original,45,3.3928,3317200,True
original,46,4.9220,4944900,True
original,47,3.6252,3615900,True
original,48,3.5105,3569200,True
original,49,4.3089,4271300,True
original,50,4.3786,4294100,True
original,51,4.7124,4710900,True
original,52,3.5814,3656700,True
original,53,3.6012,3584800,True
original,54,4.6242,4565000,True
original,55,3.8256,3875400,True
original,56,3.9030,3903800,True
original,57,4.1341,4136000,True
original,58,5.3368,5012200,True
original,59,4.6960,4951300,True
original,60,4.0479,3957100,True
original,61,4.0415,4168100,True
original,62,5.5493,5523800,True
original,63,4.1960,4193200,True
original,64,3.8853,3870000,True
original,65,4.0663,4095200,True
original,66,4.6442,4619000,True
original,67,3.2734,3316500,True
original,68,3.9302,3900000,True
original,69,4.0564,4037600,True
original,70,5.4384,5372100,True
original,71,3.5950,3659500,True
original,72,3.4672,3480100,True
original,73,3.7724,3756400,True
original,74,4.8449,4753800,True
original,75,4.2845,4090400,True
original,76,3.8892,4131700,True
original,77,3.5793,3603100,True
original,78,5.1804,5116900,True
original,79,4.0336,4032300,True
original,80,3.5539,3612200,True
original,81,4.0847,4040800,True
original,82,5.8221,5735100,True
original,83,4.0786,4151900,True
original,84,4.0966,4044800,True
original,85,3.8738,3773000,True
original,86,4.7930,4842900,True
original,87,4.1287,4215700,True
original,88,4.1263,4029700,True
original,89,3.7084,3760200,True
original,90,4.3650,4151500,True
original,91,3.4902,3677700,True
original,92,3.8460,3794800,True
original,93,4.1054,4131200,True
original,94,5.0309,5063600,True
original,95,3.7717,3612700,True
original,96,3.9712,4121400,True
original,97,3.7169,3703900,True
original,98,5.1212,5013000,True
original,99,3.7450,3825000,True
original,100,3.6276,3464900,True
original,101,3.3464,3516200,True
original,102,5.4229,5325900,True
original,103,4.1912,4232200,True
original,104,4.0183,4059500,True
original,105,3.5831,3572600,True
original,106,5.5619,5530300,True
original,107,4.1358,4077200,True
original,108,4.0352,3999400,True
original,109,4.3992,4213400,True
original,110,4.1704,4395300,True
original,111,3.6539,3653100,True
original,112,3.6758,3703700,True
original,113,4.0707,4074800,True
original,114,4.6276,4536200,True
original,115,3.8464,3934000,True
original,116,3.8820,3897800,True
original,117,4.0327,4011800,True
original,118,4.8082,4783500,True
original,119,3.6284,3651700,True
production,0,2.0222,0,True
production,1,3.5386,3533900,True
production,2,4.0803,4038700,True
production,3,3.8346,3852800,True
production,4,3.6954,3695300,True
production,5,3.6487,3639400,True
production,6,3.8077,3687400,True
production,7,3.7919,3836200,True
production,8,3.2546,3313300,True
production,9,3.6822,3659800,True
production,10,3.7528,3764200,True
production,11,4.3611,4244400,True
production,12,3.7432,3836600,True
production,13,3.2725,3280000,True
production,14,3.3896,3313500,True
production,15,4.4177,4453700,True
production,16,3.2039,3233400,True
production,17,3.3242,3334800,True
production,18,3.0327,2995400,True
production,19,3.0993,3118700,True
production,20,3.2562,3237400,True
production,21,3.6617,3660700,True
production,22,3.3549,3324000,True
production,23,3.1741,3203400,True
production,24,3.3038,3296900,True
production,25,3.2074,3204800,True
production,26,3.6565,3640500,True
production,27,3.5984,3593300,True
production,28,3.4195,3420700,True
production,29,3.3480,3301900,True
production,30,3.6263,3650300,True
production,31,3.3357,3340000,True
production,32,3.5984,3607700,True
production,33,3.3155,3314500,True
production,34,3.3133,3310200,True
production,35,4.3167,4257200,True
production,36,3.2579,3298500,True
production,37,3.8633,3752300,True
production,38,3.6044,3696400,True
production,39,4.3886,4251800,True
production,40,4.0036,4123400,True
production,41,3.6955,3694400,True
production,42,3.9498,3925500,True
production,43,4.4521,4437200,True
production,44,3.8205,3813200,True
production,45,3.8894,3927300,True
production,46,3.1919,3190300,True
production,47,3.2934,3263400,True
production,48,5.6845,5610100,True
production,49,3.4557,3509300,True
production,50,3.4130,3372700,True
production,51,3.7930,3820000,True
production,52,3.6810,3552500,True
production,53,3.3685,3502200,True
production,54,3.1465,3149200,True
production,55,3.3811,3381900,True
production,56,3.9461,3917400,True
production,57,4.1929,4164600,True
production,58,4.0756,4094400,True
production,59,3.8039,3804400,True
production,60,3.9907,3992100,True
production,61,4.2654,4242500,True
production,62,3.5823,3581700,True
production,63,3.6415,3634300,True
production,64,3.3852,3342200,True
production,65,3.7513,3775400,True
production,66,3.7295,3747400,True
production,67,2.8919,2903900,True
production,68,2.9293,2910800,True
production,69,3.5769,3582700,True
production,70,3.9096,3879000,True
production,71,3.7190,3727100,True
production,72,3.5648,3487500,True
production,73,3.6610,3732200,True
production,74,3.4004,3399500,True
production,75,6.9349,6909800,True
production,76,4.0807,4054100,True
production,77,3.3416,3359500,True
production,78,3.9381,3904700,True
production,79,3.7299,3762300,True
production,80,3.5496,3540400,True
production,81,3.9982,3843000,True
production,82,3.6289,3759700,True
production,83,4.5514,4485000,True
production,84,4.0931,4159500,True
production,85,3.5350,3532600,True
production,86,3.5183,3529100,True
production,87,4.3813,4311600,True
production,88,4.9429,4513500,True
production,89,4.5851,5039100,True
production,90,4.2544,4197000,True
production,91,5.1216,5129900,True
production,92,3.2765,3345800,True
production,93,2.9739,2975400,True
production,94,3.6116,3512400,True
production,95,4.1868,4247200,True
production,96,3.7099,3662000,True
production,97,4.0535,4067700,True
production,98,3.7516,3776100,True
production,99,6.6688,6362600,True
production,100,3.7030,3995500,True
production,101,4.1216,4040500,True
production,102,4.2492,3846000,True
production,103,5.1028,5542500,True
production,104,3.6305,3590400,True
production,105,3.4805,3536400,True
production,106,3.5353,3541600,True
production,107,4.0730,4046000,True
production,108,3.9715,3944300,True
production,109,3.4947,3521200,True
production,110,3.1872,3217400,True
production,111,4.7177,4661700,True
production,112,3.6844,3709600,True
production,113,3.2441,3252400,True
production,114,3.5200,3501400,True
production,115,3.4524,3444400,True
production,116,3.9809,3956500,True
production,117,4.0419,4052300,True
production,118,3.3308,3283200,True
production,119,4.0667,4073100,True
