frame,time,player_x,player_y,camera_x,far_x,mid_x,near_x
Motion_000,3.3109,-1.6094,1.1070,-1.4091,-1.4350,-1.6163,-1.7200
Motion_001,3.4121,-1.8855,1.3280,-1.6059,-1.6298,-1.7974,-1.8932
Motion_002,3.5135,-2.1465,1.5634,-1.7871,-1.8092,-1.9641,-2.0526
Motion_003,3.6150,-2.3838,1.8034,-2.0217,-2.0415,-2.1800,-2.2591
Motion_004,3.7158,-2.5915,2.0376,-2.2499,-2.2674,-2.3899,-2.4599
Motion_005,3.8176,-2.7662,2.2554,-2.4682,-2.4835,-2.5908,-2.6520
Motion_006,3.9177,-2.9071,2.4474,-2.6591,-2.6725,-2.7664,-2.8200
Motion_007,4.0183,-3.0145,2.6054,-2.8175,-2.8293,-2.9121,-2.9594
Motion_008,4.1219,-3.1012,2.7413,-2.9416,-2.9522,-3.0263,-3.0686
Motion_009,4.2225,-3.1400,2.8048,-3.0341,-3.0437,-3.1114,-3.1500
Motion_010,4.3234,-3.1497,2.8209,-3.0932,-3.1023,-3.1658,-3.2020
Motion_011,4.4245,-3.1307,2.7894,-3.1225,-3.1313,-3.1927,-3.2278
Motion_012,4.5246,-2.9661,2.5328,-3.1075,-3.1164,-3.1789,-3.2146
Motion_013,4.6249,-2.5375,1.9743,-2.9815,-2.9916,-3.0629,-3.1037
Motion_014,4.7255,-1.7635,1.2271,-2.6564,-2.6698,-2.7639,-2.8176
Motion_015,4.8271,-0.8246,0.9650,-2.0624,-2.0818,-2.2174,-2.2949
Motion_016,4.9276,0.0217,0.8993,-1.3150,-1.3419,-1.5298,-1.6372
Motion_017,5.0289,0.8558,0.5726,-0.4906,-0.5257,-0.7713,-0.9117
Motion_018,5.2195,2.4246,-0.0850,-0.4788,-0.5140,-0.7605,-0.9014
Motion_019,5.3211,3.6885,0.1425,2.2372,2.1748,1.7382,1.4887
Motion_020,5.4215,4.7715,0.5785,3.1427,3.0713,2.5713,2.2856
Motion_021,5.5218,5.7764,1.2375,4.1202,4.0390,3.4706,3.1457
Motion_022,5.6232,6.6174,2.0686,5.1107,5.0196,4.3819,4.0175
Motion_023,5.7238,7.2263,2.9528,5.9950,5.8950,5.1954,4.7956
Motion_024,5.8250,7.6071,3.7646,6.7067,6.5996,5.8502,5.4219
Motion_025,5.9256,7.8137,4.4165,7.2238,7.1116,6.3259,5.8769
Motion_026,6.0279,7.9092,4.8599,7.5673,7.4516,6.6419,6.1792
Motion_027,6.1316,7.9429,5.0742,7.7651,7.6475,6.8239,6.3533
Motion_028,6.2324,7.9426,5.0719,7.8690,7.7503,6.9195,6.4447
Motion_029,6.3333,7.9263,4.9625,7.9108,7.7917,6.9579,6.4815
