"sequence","frame","time","scene","label","section","generatedCount","removedHooksCount","centerSelf","centerHierarchy","ropeCurrent","selected","checkpointRope","checkpointSelected","platforms","checkpointPlatforms"
"0","2","0.019999992102384567","Tutorial","DetachAndRefund.enter","1","0","0","False","False","99","6","99","6","",""
"1","402","0.7599997520446777","Tutorial","TryReachTutorialSection.accept","1","0","0","True","True","99","6","99","6","",""
"2","402","0.7599997520446777","Tutorial","CaptureCheckpointState.enter","2","0","0","True","True","99","6","99","6","",""
"3","402","0.7599997520446777","Tutorial","CapturePlatformStates.enter","2","0","0","True","True","99","6","99","6","",""
"4","402","0.7599997520446777","Tutorial","CaptureCheckpointState.exit","2","0","0","True","True","99","6","99","6","",""
"5","793","1.5599994659423828","Tutorial","TryReachTutorialSection.accept","2","0","0","True","True","99","6","99","6","",""
"6","793","1.5599994659423828","Tutorial","CaptureCheckpointState.enter","3","0","0","True","True","99","6","99","6","",""
"7","793","1.5599994659423828","Tutorial","CapturePlatformStates.enter","3","0","0","True","True","99","6","99","6","",""
"8","793","1.5599994659423828","Tutorial","CaptureCheckpointState.exit","3","0","0","True","True","99","6","99","6","",""
"9","1246","2.3799991607666016","Tutorial","TryReachTutorialSection.accept","3","0","0","True","True","99","6","99","6","",""
"10","1246","2.3799991607666016","Tutorial","CaptureCheckpointState.enter","4","0","0","True","True","99","6","99","6","",""
"11","1246","2.3799991607666016","Tutorial","CapturePlatformStates.enter","4","0","0","True","True","99","6","99","6","",""
"12","1246","2.3799991607666016","Tutorial","CaptureCheckpointState.exit","4","0","0","True","True","99","6","99","6","",""
"13","1483","2.8427889347076416","Tutorial","SETUP_COMPLETE: controlled relocation to authored entry checkpoint; earlier puzzles not traversed","4","0","0","True","True","99","6","99","6","",""
"14","1483","2.8427889347076416","Tutorial","RestoreSelectedRopeLength.enter","4","0","0","True","True","99","6","99","6","",""
"15","1586","3.044285535812378","Tutorial","BEFORE_MERGE_0_BRIDGES","4","0","0","True","True","99","6","99","6","",""
"16","1586","3.044285535812378","Tutorial","CreatePlatform.exit","4","1","0","True","True","93","6","99","6","{""start"":{""x"":47.0,""y"":1.5499999523162842},""end"":{""x"":42.0,""y"":0.3499999940395355},""ropeLength"":6.0,""releaseCount"":0,""wrapsCount"":2}",""
"17","1850","4.092522621154785","Tutorial","BEFORE_SECOND_BUILD","4","1","0","True","True","93","6","99","6","{""start"":{""x"":47.0,""y"":1.5499999523162842},""end"":{""x"":42.0,""y"":0.3499999940395355},""ropeLength"":6.0,""releaseCount"":0,""wrapsCount"":2}",""
"18","1850","4.092522621154785","Tutorial","CreatePlatform.exit","4","2","0","True","True","87","6","99","6","[{""start"":{""x"":47.0,""y"":1.5499999523162842},""end"":{""x"":42.0,""y"":0.3499999940395355},""ropeLength"":6.0,""releaseCount"":0,""wrapsCount"":2},{""start"":{""x"":52.0,""y"":0.3499999940395355},""end"":{""x"":47.0,""y"":1.5499999523162842},""ropeLength"":6.0,""releaseCount"":0,""wrapsCount"":2}]",""
"19","1850","4.092522621154785","Tutorial","BEFORE_MERGE_2_BRIDGES","4","2","0","True","True","87","6","99","6","[{""start"":{""x"":47.0,""y"":1.5499999523162842},""end"":{""x"":42.0,""y"":0.3499999940395355},""ropeLength"":6.0,""releaseCount"":0,""wrapsCount"":2},{""start"":{""x"":52.0,""y"":0.3499999940395355},""end"":{""x"":47.0,""y"":1.5499999523162842},""ropeLength"":6.0,""releaseCount"":0,""wrapsCount"":2}]",""
"20","1850","4.092522621154785","Tutorial","CreatePlatform.exit","4","1","0","True","True","87","6","99","6","{""start"":{""x"":42.0,""y"":0.3499999940395355},""end"":{""x"":52.0,""y"":0.3499999940395355},""ropeLength"":12.0,""releaseCount"":0,""wrapsCount"":2}",""
"21","1850","4.092522621154785","Tutorial","Merge.exit","4","1","1","False","False","87","6","99","6","{""start"":{""x"":42.0,""y"":0.3499999940395355},""end"":{""x"":52.0,""y"":0.3499999940395355},""ropeLength"":12.0,""releaseCount"":2,""wrapsCount"":2}",""
"22","1850","4.092522621154785","Tutorial","MERGE_IMMEDIATE_BINDING","4","1","1","False","False","87","6","99","6","{""start"":{""x"":42.0,""y"":0.3499999940395355},""end"":{""x"":52.0,""y"":0.3499999940395355},""ropeLength"":12.0,""releaseCount"":2,""wrapsCount"":2}",""
"23","2039","4.8926100730896","Tutorial","REPRO_BEFORE_CHECKPOINT","4","1","1","False","False","87","6","99","6","{""start"":{""x"":42.0,""y"":0.3499999940395355},""end"":{""x"":52.0,""y"":0.3499999940395355},""ropeLength"":12.0,""releaseCount"":0,""wrapsCount"":2}",""
"24","2039","4.8926100730896","Tutorial","RESTART_BEFORE","4","1","1","False","False","87","6","99","6","{""start"":{""x"":42.0,""y"":0.3499999940395355},""end"":{""x"":52.0,""y"":0.3499999940395355},""ropeLength"":12.0,""releaseCount"":0,""wrapsCount"":2}",""
"25","2039","4.8926100730896","Tutorial","RestartFromCheckpoint.enter","4","1","1","False","False","87","6","99","6","{""start"":{""x"":42.0,""y"":0.3499999940395355},""end"":{""x"":52.0,""y"":0.3499999940395355},""ropeLength"":12.0,""releaseCount"":0,""wrapsCount"":2}",""
"26","2039","4.8926100730896","Tutorial","DetachAndRefund.enter","4","1","1","False","False","87","6","99","6","{""start"":{""x"":42.0,""y"":0.3499999940395355},""end"":{""x"":52.0,""y"":0.3499999940395355},""ropeLength"":12.0,""releaseCount"":0,""wrapsCount"":2}",""
"27","2039","4.8926100730896","Tutorial","RestoreCurrentLength.enter","4","1","1","False","False","87","6","99","6","{""start"":{""x"":42.0,""y"":0.3499999940395355},""end"":{""x"":52.0,""y"":0.3499999940395355},""ropeLength"":12.0,""releaseCount"":0,""wrapsCount"":2}",""
"28","2039","4.8926100730896","Tutorial","RestoreSelectedRopeLength.enter","4","1","1","False","False","99","6","99","6","{""start"":{""x"":42.0,""y"":0.3499999940395355},""end"":{""x"":52.0,""y"":0.3499999940395355},""ropeLength"":12.0,""releaseCount"":0,""wrapsCount"":2}",""
"29","2039","4.8926100730896","Tutorial","RestorePlatformStates.enter","4","1","1","False","False","99","6","99","6","{""start"":{""x"":42.0,""y"":0.3499999940395355},""end"":{""x"":52.0,""y"":0.3499999940395355},""ropeLength"":12.0,""releaseCount"":0,""wrapsCount"":2}",""
"30","2039","4.8926100730896","Tutorial","ClearPlatforms.enter","4","1","1","False","False","99","6","99","6","{""start"":{""x"":42.0,""y"":0.3499999940395355},""end"":{""x"":52.0,""y"":0.3499999940395355},""ropeLength"":12.0,""releaseCount"":0,""wrapsCount"":2}",""
"31","2039","4.8926100730896","Tutorial","RestoreRemovedHooks.enter","4","1","1","False","False","99","6","99","6","{""start"":{""x"":42.0,""y"":0.3499999940395355},""end"":{""x"":52.0,""y"":0.3499999940395355},""ropeLength"":12.0,""releaseCount"":0,""wrapsCount"":2}",""
"32","2039","4.8926100730896","Tutorial","RestoreRemovedHooks.exit","4","1","0","True","True","99","6","99","6","{""start"":{""x"":42.0,""y"":0.3499999940395355},""end"":{""x"":52.0,""y"":0.3499999940395355},""ropeLength"":12.0,""releaseCount"":0,""wrapsCount"":2}",""
"33","2039","4.8926100730896","Tutorial","RestorePlatformStates.exit","4","0","0","True","True","99","6","99","6","",""
"34","2039","4.8926100730896","Tutorial","RestartFromCheckpoint.exit","4","0","0","True","True","99","6","99","6","",""
"35","2039","4.8926100730896","Tutorial","RESTART_COMPLETE","4","0","0","True","True","99","6","99","6","",""
"36","2383","5.894325256347656","Tutorial","DetachAndRefund.enter","4","0","0","True","True","99","6","99","6","",""
"0","2","0.019999992102384567","MainStage","DetachAndRefund.enter","1","0","0","False","False","50","7","50","7","",""
"1","407","0.7799997329711914","MainStage","TryReachSection.accept","1","0","0","True","True","50","7","50","7","",""
"2","407","0.7799997329711914","MainStage","CaptureCheckpointState.enter","9","0","0","True","True","50","7","50","7","",""
"3","407","0.7799997329711914","MainStage","CapturePlatformStates.enter","9","0","0","True","True","50","7","50","7","",""
"4","407","0.7799997329711914","MainStage","CaptureCheckpointState.exit","9","0","0","True","True","50","7","50","7","",""
"5","628","1.25094735622406","MainStage","SETUP_COMPLETE: controlled relocation to authored entry checkpoint; earlier puzzles not traversed","9","0","0","True","True","50","7","50","7","",""
"6","628","1.25094735622406","MainStage","RestoreSelectedRopeLength.enter","9","0","0","True","True","50","7","50","7","",""
"7","738","1.4511710405349731","MainStage","BEFORE_MERGE_0_BRIDGES","9","0","0","True","True","50","6","50","7","",""
"8","738","1.4511710405349731","MainStage","CreatePlatform.exit","9","1","0","True","True","44","6","50","7","{""start"":{""x"":185.5,""y"":-1.0499999523162842},""end"":{""x"":180.0,""y"":-2.1500000953674316},""ropeLength"":6.0,""releaseCount"":0,""wrapsCount"":2}",""
"9","1013","2.492720127105713","MainStage","BEFORE_SECOND_BUILD","9","1","0","True","True","44","6","50","7","{""start"":{""x"":185.5,""y"":-1.0499999523162842},""end"":{""x"":180.0,""y"":-2.1500000953674316},""ropeLength"":6.0,""releaseCount"":0,""wrapsCount"":2}",""
"10","1013","2.492720127105713","MainStage","CreatePlatform.exit","9","2","0","True","True","38","6","50","7","[{""start"":{""x"":185.5,""y"":-1.0499999523162842},""end"":{""x"":180.0,""y"":-2.1500000953674316},""ropeLength"":6.0,""releaseCount"":0,""wrapsCount"":2},{""start"":{""x"":191.0,""y"":-2.1500000953674316},""end"":{""x"":185.5,""y"":-1.0499999523162842},""ropeLength"":6.0,""releaseCount"":0,""wrapsCount"":2}]",""
"11","1013","2.492720127105713","MainStage","BEFORE_MERGE_2_BRIDGES","9","2","0","True","True","38","6","50","7","[{""start"":{""x"":185.5,""y"":-1.0499999523162842},""end"":{""x"":180.0,""y"":-2.1500000953674316},""ropeLength"":6.0,""releaseCount"":0,""wrapsCount"":2},{""start"":{""x"":191.0,""y"":-2.1500000953674316},""end"":{""x"":185.5,""y"":-1.0499999523162842},""ropeLength"":6.0,""releaseCount"":0,""wrapsCount"":2}]",""
"12","1013","2.492720127105713","MainStage","CreatePlatform.exit","9","1","0","True","True","38","6","50","7","{""start"":{""x"":180.0,""y"":-2.1500000953674316},""end"":{""x"":191.0,""y"":-2.1500000953674316},""ropeLength"":12.0,""releaseCount"":0,""wrapsCount"":2}",""
"13","1013","2.492720127105713","MainStage","Merge.exit","9","1","1","False","False","38","6","50","7","{""start"":{""x"":180.0,""y"":-2.1500000953674316},""end"":{""x"":191.0,""y"":-2.1500000953674316},""ropeLength"":12.0,""releaseCount"":2,""wrapsCount"":2}",""
"14","1013","2.492720127105713","MainStage","MERGE_IMMEDIATE_BINDING","9","1","1","False","False","38","6","50","7","{""start"":{""x"":180.0,""y"":-2.1500000953674316},""end"":{""x"":191.0,""y"":-2.1500000953674316},""ropeLength"":12.0,""releaseCount"":2,""wrapsCount"":2}",""
"15","1206","3.2944180965423584","MainStage","REPRO_BEFORE_CHECKPOINT","9","1","1","False","False","38","6","50","7","{""start"":{""x"":180.0,""y"":-2.1500000953674316},""end"":{""x"":191.0,""y"":-2.1500000953674316},""ropeLength"":12.0,""releaseCount"":0,""wrapsCount"":2}",""
"16","1660","4.619998455047607","MainStage","TryReachSection.accept","9","1","1","False","False","38","6","50","7","{""start"":{""x"":180.0,""y"":-2.1500000953674316},""end"":{""x"":191.0,""y"":-2.1500000953674316},""ropeLength"":12.0,""releaseCount"":0,""wrapsCount"":2}",""
"17","1660","4.619998455047607","MainStage","CaptureCheckpointState.enter","10","1","1","False","False","38","6","50","7","{""start"":{""x"":180.0,""y"":-2.1500000953674316},""end"":{""x"":191.0,""y"":-2.1500000953674316},""ropeLength"":12.0,""releaseCount"":0,""wrapsCount"":2}",""
"18","1660","4.619998455047607","MainStage","CapturePlatformStates.enter","10","1","1","False","False","38","6","38","6","{""start"":{""x"":180.0,""y"":-2.1500000953674316},""end"":{""x"":191.0,""y"":-2.1500000953674316},""ropeLength"":12.0,""releaseCount"":0,""wrapsCount"":2}",""
"19","1660","4.619998455047607","MainStage","CaptureCheckpointState.exit","10","1","1","False","False","38","6","38","6","{""start"":{""x"":180.0,""y"":-2.1500000953674316},""end"":{""x"":191.0,""y"":-2.1500000953674316},""ropeLength"":12.0,""releaseCount"":0,""wrapsCount"":2}","{""start"":{""x"":180.0,""y"":-2.1500000953674316},""end"":{""x"":191.0,""y"":-2.1500000953674316},""ropeLength"":12.0,""releaseCount"":0,""wrapsCount"":0}"
"20","1660","4.620906352996826","MainStage","CHECKPOINT_CAPTURE_OBSERVED","10","1","1","False","False","38","6","38","6","{""start"":{""x"":180.0,""y"":-2.1500000953674316},""end"":{""x"":191.0,""y"":-2.1500000953674316},""ropeLength"":12.0,""releaseCount"":0,""wrapsCount"":2}","{""start"":{""x"":180.0,""y"":-2.1500000953674316},""end"":{""x"":191.0,""y"":-2.1500000953674316},""ropeLength"":12.0,""releaseCount"":0,""wrapsCount"":0}"
"21","1661","4.951874256134033","MainStage","RESTART_BEFORE","10","1","1","False","False","38","6","38","6","{""start"":{""x"":180.0,""y"":-2.1500000953674316},""end"":{""x"":191.0,""y"":-2.1500000953674316},""ropeLength"":12.0,""releaseCount"":0,""wrapsCount"":2}","{""start"":{""x"":180.0,""y"":-2.1500000953674316},""end"":{""x"":191.0,""y"":-2.1500000953674316},""ropeLength"":12.0,""releaseCount"":0,""wrapsCount"":0}"
"22","1661","4.951874256134033","MainStage","RestartFromCheckpoint.enter","10","1","1","False","False","38","6","38","6","{""start"":{""x"":180.0,""y"":-2.1500000953674316},""end"":{""x"":191.0,""y"":-2.1500000953674316},""ropeLength"":12.0,""releaseCount"":0,""wrapsCount"":2}","{""start"":{""x"":180.0,""y"":-2.1500000953674316},""end"":{""x"":191.0,""y"":-2.1500000953674316},""ropeLength"":12.0,""releaseCount"":0,""wrapsCount"":0}"
"23","1661","4.951874256134033","MainStage","DetachAndRefund.enter","10","1","1","False","False","38","6","38","6","{""start"":{""x"":180.0,""y"":-2.1500000953674316},""end"":{""x"":191.0,""y"":-2.1500000953674316},""ropeLength"":12.0,""releaseCount"":0,""wrapsCount"":2}","{""start"":{""x"":180.0,""y"":-2.1500000953674316},""end"":{""x"":191.0,""y"":-2.1500000953674316},""ropeLength"":12.0,""releaseCount"":0,""wrapsCount"":0}"
"24","1661","4.951874256134033","MainStage","RestoreCurrentLength.enter","10","1","1","False","False","38","6","38","6","{""start"":{""x"":180.0,""y"":-2.1500000953674316},""end"":{""x"":191.0,""y"":-2.1500000953674316},""ropeLength"":12.0,""releaseCount"":0,""wrapsCount"":2}","{""start"":{""x"":180.0,""y"":-2.1500000953674316},""end"":{""x"":191.0,""y"":-2.1500000953674316},""ropeLength"":12.0,""releaseCount"":0,""wrapsCount"":0}"
"25","1661","4.951874256134033","MainStage","RestoreSelectedRopeLength.enter","10","1","1","False","False","38","6","38","6","{""start"":{""x"":180.0,""y"":-2.1500000953674316},""end"":{""x"":191.0,""y"":-2.1500000953674316},""ropeLength"":12.0,""releaseCount"":0,""wrapsCount"":2}","{""start"":{""x"":180.0,""y"":-2.1500000953674316},""end"":{""x"":191.0,""y"":-2.1500000953674316},""ropeLength"":12.0,""releaseCount"":0,""wrapsCount"":0}"
"26","1661","4.951874256134033","MainStage","RestorePlatformStates.enter","10","1","1","False","False","38","6","38","6","{""start"":{""x"":180.0,""y"":-2.1500000953674316},""end"":{""x"":191.0,""y"":-2.1500000953674316},""ropeLength"":12.0,""releaseCount"":0,""wrapsCount"":2}","{""start"":{""x"":180.0,""y"":-2.1500000953674316},""end"":{""x"":191.0,""y"":-2.1500000953674316},""ropeLength"":12.0,""releaseCount"":0,""wrapsCount"":0}"
"27","1661","4.951874256134033","MainStage","ClearPlatforms.enter","10","1","1","False","False","38","6","38","6","{""start"":{""x"":180.0,""y"":-2.1500000953674316},""end"":{""x"":191.0,""y"":-2.1500000953674316},""ropeLength"":12.0,""releaseCount"":0,""wrapsCount"":2}","{""start"":{""x"":180.0,""y"":-2.1500000953674316},""end"":{""x"":191.0,""y"":-2.1500000953674316},""ropeLength"":12.0,""releaseCount"":0,""wrapsCount"":0}"
"28","1661","4.951874256134033","MainStage","RestoreRemovedHooks.enter","10","1","1","False","False","38","6","38","6","{""start"":{""x"":180.0,""y"":-2.1500000953674316},""end"":{""x"":191.0,""y"":-2.1500000953674316},""ropeLength"":12.0,""releaseCount"":0,""wrapsCount"":2}","{""start"":{""x"":180.0,""y"":-2.1500000953674316},""end"":{""x"":191.0,""y"":-2.1500000953674316},""ropeLength"":12.0,""releaseCount"":0,""wrapsCount"":0}"
"29","1661","4.951874256134033","MainStage","RestoreRemovedHooks.exit","10","1","0","True","True","38","6","38","6","{""start"":{""x"":180.0,""y"":-2.1500000953674316},""end"":{""x"":191.0,""y"":-2.1500000953674316},""ropeLength"":12.0,""releaseCount"":0,""wrapsCount"":2}","{""start"":{""x"":180.0,""y"":-2.1500000953674316},""end"":{""x"":191.0,""y"":-2.1500000953674316},""ropeLength"":12.0,""releaseCount"":0,""wrapsCount"":0}"
"30","1661","4.951874256134033","MainStage","CreatePlatform.exit","10","1","0","True","True","38","6","38","6","{""start"":{""x"":180.0,""y"":-2.1500000953674316},""end"":{""x"":191.0,""y"":-2.1500000953674316},""ropeLength"":12.0,""releaseCount"":0,""wrapsCount"":2}","{""start"":{""x"":180.0,""y"":-2.1500000953674316},""end"":{""x"":191.0,""y"":-2.1500000953674316},""ropeLength"":12.0,""releaseCount"":0,""wrapsCount"":0}"
"31","1661","4.951874256134033","MainStage","RestorePlatformStates.exit","10","1","0","True","True","38","6","38","6","{""start"":{""x"":180.0,""y"":-2.1500000953674316},""end"":{""x"":191.0,""y"":-2.1500000953674316},""ropeLength"":12.0,""releaseCount"":0,""wrapsCount"":2}","{""start"":{""x"":180.0,""y"":-2.1500000953674316},""end"":{""x"":191.0,""y"":-2.1500000953674316},""ropeLength"":12.0,""releaseCount"":0,""wrapsCount"":0}"
"32","1661","4.951874256134033","MainStage","RestartFromCheckpoint.exit","10","1","0","True","True","38","6","38","6","{""start"":{""x"":180.0,""y"":-2.1500000953674316},""end"":{""x"":191.0,""y"":-2.1500000953674316},""ropeLength"":12.0,""releaseCount"":0,""wrapsCount"":2}","{""start"":{""x"":180.0,""y"":-2.1500000953674316},""end"":{""x"":191.0,""y"":-2.1500000953674316},""ropeLength"":12.0,""releaseCount"":0,""wrapsCount"":0}"
"33","1661","4.951874256134033","MainStage","RESTART_COMPLETE","10","1","0","True","True","38","6","38","6","{""start"":{""x"":180.0,""y"":-2.1500000953674316},""end"":{""x"":191.0,""y"":-2.1500000953674316},""ropeLength"":12.0,""releaseCount"":0,""wrapsCount"":2}","{""start"":{""x"":180.0,""y"":-2.1500000953674316},""end"":{""x"":191.0,""y"":-2.1500000953674316},""ropeLength"":12.0,""releaseCount"":0,""wrapsCount"":0}"
"34","2168","5.953195571899414","MainStage","DetachAndRefund.enter","10","0","0","False","False","38","6","38","6","","{""start"":{""x"":180.0,""y"":-2.1500000953674316},""end"":{""x"":191.0,""y"":-2.1500000953674316},""ropeLength"":12.0,""releaseCount"":0,""wrapsCount"":0}"
