path,alias,classification,tracked_count,untracked_count,modified_tracked_count,HEAD_path_count,origin_main_path_count,current_content_matches_origin_count,containing_repo,HEAD,origin_main,GitHub_current_folder_saved
C:/Users/田尻大翔/Documents/UnityProjects/DesertLoop,D,A. KEEP,2312,1097,17,2312,4659,2294,C:/Users/田尻大翔/Documents/UnityProjects/DesertLoop,5a004e294713789a1f6642ca56b3b5c9bc601e57,e6dc6acf0227382cc94398e6c1d36f716ff3bbb0,Only matching tracked subset verified; untracked/modified/ignored files NOT saved by path inclusion
C:/Users/田尻大翔/Documents/UnityProjects/DesertLoop/Logs,D/Logs,D. DO NOT DELETE YET,0,0,0,0,0,0,C:/Users/田尻大翔/Documents/UnityProjects/DesertLoop,5a004e294713789a1f6642ca56b3b5c9bc601e57,e6dc6acf0227382cc94398e6c1d36f716ff3bbb0,Only matching tracked subset verified; untracked/modified/ignored files NOT saved by path inclusion
C:/Users/田尻大翔/.codex,C,A. KEEP,N/A,N/A,N/A,N/A,N/A,N/A,None (may contain nested repos),N/A,N/A,Not asserted; parent can contain nested repositories/local-only work
C:/Users/田尻大翔/Documents/Codex/2026-08-07/new-chat/outputs/HimoHitoPrototype,H,A. KEEP,1050,4030,4,1050,1050,1046,C:/Users/田尻大翔/Documents/Codex/2026-08-07/new-chat/outputs/HimoHitoPrototype,702a4bc044b0eb35bedb552753ca8495599bc1ee,702a4bc044b0eb35bedb552753ca8495599bc1ee,Only matching tracked subset verified; untracked/modified/ignored files NOT saved by path inclusion
C:/Users/田尻大翔/.codex/visualizations,C/visualizations,A. KEEP,N/A,N/A,N/A,N/A,N/A,N/A,None (may contain nested repos),N/A,N/A,Not asserted; parent can contain nested repositories/local-only work
C:/Users/田尻大翔/.codex/visualizations/2026,C/visualizations/2026,A. KEEP,N/A,N/A,N/A,N/A,N/A,N/A,None (may contain nested repos),N/A,N/A,Not asserted; parent can contain nested repositories/local-only work
C:/Users/田尻大翔/.codex/visualizations/2026/09/12/01a095fe-94f6-7783-a93d-497f16bab356,V,D. DO NOT DELETE YET,N/A,N/A,N/A,N/A,N/A,N/A,None (may contain nested repos),N/A,N/A,Not asserted; parent can contain nested repositories/local-only work
C:/Users/田尻大翔/Documents/Codex/2026-08-07/new-chat/outputs/HimoHitoPrototype/.codex_tmp,H/.codex_tmp,D. DO NOT DELETE YET,0,0,0,0,0,0,C:/Users/田尻大翔/Documents/Codex/2026-08-07/new-chat/outputs/HimoHitoPrototype,702a4bc044b0eb35bedb552753ca8495599bc1ee,702a4bc044b0eb35bedb552753ca8495599bc1ee,Only matching tracked subset verified; untracked/modified/ignored files NOT saved by path inclusion
C:/Users/田尻大翔/.codex/sessions,C/sessions,A. KEEP,N/A,N/A,N/A,N/A,N/A,N/A,None (may contain nested repos),N/A,N/A,Not asserted; parent can contain nested repositories/local-only work
C:/Users/田尻大翔/.codex/sessions/2026,C/sessions/2026,A. KEEP,N/A,N/A,N/A,N/A,N/A,N/A,None (may contain nested repos),N/A,N/A,Not asserted; parent can contain nested repositories/local-only work
C:/Users/田尻大翔/Documents/Codex/2026-08-07/new-chat/outputs/HimoHitoPrototype/.codex_tmp/MainStageCleanReproduction_20261001,H/.codex_tmp/MainStageCleanReproduction_20261001,C. PROBABLY SAFE,0,0,0,0,0,0,C:/Users/田尻大翔/Documents/Codex/2026-08-07/new-chat/outputs/HimoHitoPrototype,702a4bc044b0eb35bedb552753ca8495599bc1ee,702a4bc044b0eb35bedb552753ca8495599bc1ee,Only matching tracked subset verified; untracked/modified/ignored files NOT saved by path inclusion
C:/Users/田尻大翔/Documents/Codex/2026-08-07/new-chat/outputs/HimoHitoPrototype/output,H/output,D. DO NOT DELETE YET,0,2366,0,0,0,0,C:/Users/田尻大翔/Documents/Codex/2026-08-07/new-chat/outputs/HimoHitoPrototype,702a4bc044b0eb35bedb552753ca8495599bc1ee,702a4bc044b0eb35bedb552753ca8495599bc1ee,Only matching tracked subset verified; untracked/modified/ignored files NOT saved by path inclusion
C:/Users/田尻大翔/Documents/UnityProjects/DesertLoop/Logs/M5CameraBPlaytest,D/Logs/M5CameraBPlaytest,D. DO NOT DELETE YET,0,0,0,0,0,0,C:/Users/田尻大翔/Documents/UnityProjects/DesertLoop,5a004e294713789a1f6642ca56b3b5c9bc601e57,e6dc6acf0227382cc94398e6c1d36f716ff3bbb0,Only matching tracked subset verified; untracked/modified/ignored files NOT saved by path inclusion
C:/Users/田尻大翔/.codex/visualizations/2026/09/12/01a095fe-94f6-7783-a93d-497f16bab356/UDF2,V/UDF2,D. DO NOT DELETE YET,N/A,N/A,N/A,N/A,N/A,N/A,None (may contain nested repos),N/A,N/A,Not asserted; parent can contain nested repositories/local-only work
C:/Users/田尻大翔/Documents/UnityProjects/DesertLoop/Logs/SpaceLoopPhase1,D/Logs/SpaceLoopPhase1,D. DO NOT DELETE YET,0,0,0,0,0,0,C:/Users/田尻大翔/Documents/UnityProjects/DesertLoop,5a004e294713789a1f6642ca56b3b5c9bc601e57,e6dc6acf0227382cc94398e6c1d36f716ff3bbb0,Only matching tracked subset verified; untracked/modified/ignored files NOT saved by path inclusion
C:/Users/田尻大翔/Documents/Codex/2026-08-07/new-chat/outputs/HimoHitoPrototype/Docs,H/Docs,A. KEEP,584,1651,1,584,584,583,C:/Users/田尻大翔/Documents/Codex/2026-08-07/new-chat/outputs/HimoHitoPrototype,702a4bc044b0eb35bedb552753ca8495599bc1ee,702a4bc044b0eb35bedb552753ca8495599bc1ee,Only matching tracked subset verified; untracked/modified/ignored files NOT saved by path inclusion
C:/Users/田尻大翔/Documents/Codex/2026-08-07/new-chat/outputs/HimoHitoPrototype/Docs/QA,H/Docs/QA,A. KEEP,494,1641,0,494,494,494,C:/Users/田尻大翔/Documents/Codex/2026-08-07/new-chat/outputs/HimoHitoPrototype,702a4bc044b0eb35bedb552753ca8495599bc1ee,702a4bc044b0eb35bedb552753ca8495599bc1ee,Only matching tracked subset verified; untracked/modified/ignored files NOT saved by path inclusion
C:/Users/田尻大翔/Documents/UnityProjects/DesertLoop/Logs/GateAContract,D/Logs/GateAContract,D. DO NOT DELETE YET,0,0,0,0,0,0,C:/Users/田尻大翔/Documents/UnityProjects/DesertLoop,5a004e294713789a1f6642ca56b3b5c9bc601e57,e6dc6acf0227382cc94398e6c1d36f716ff3bbb0,Only matching tracked subset verified; untracked/modified/ignored files NOT saved by path inclusion
C:/Users/田尻大翔/Documents/UnityProjects/DesertLoop/Logs/M5CameraComparison_20260920,D/Logs/M5CameraComparison_20260920,D. DO NOT DELETE YET,0,0,0,0,0,0,C:/Users/田尻大翔/Documents/UnityProjects/DesertLoop,5a004e294713789a1f6642ca56b3b5c9bc601e57,e6dc6acf0227382cc94398e6c1d36f716ff3bbb0,Only matching tracked subset verified; untracked/modified/ignored files NOT saved by path inclusion
C:/Users/田尻大翔/Documents/UnityProjects/DesertLoop/Library,D/Library,B. SAFE TO DELETE AFTER CONFIRMATION,0,0,0,0,0,0,C:/Users/田尻大翔/Documents/UnityProjects/DesertLoop,5a004e294713789a1f6642ca56b3b5c9bc601e57,e6dc6acf0227382cc94398e6c1d36f716ff3bbb0,Only matching tracked subset verified; untracked/modified/ignored files NOT saved by path inclusion
C:/Users/田尻大翔/Documents/UnityProjects/DesertLoop/Logs/ProductionArtIntegration03,D/Logs/ProductionArtIntegration03,D. DO NOT DELETE YET,0,0,0,0,0,0,C:/Users/田尻大翔/Documents/UnityProjects/DesertLoop,5a004e294713789a1f6642ca56b3b5c9bc601e57,e6dc6acf0227382cc94398e6c1d36f716ff3bbb0,Only matching tracked subset verified; untracked/modified/ignored files NOT saved by path inclusion
C:/Users/田尻大翔/.codex/visualizations/2026/09/12/01a095fe-94f6-7783-a93d-497f16bab356/UDF1,V/UDF1,D. DO NOT DELETE YET,N/A,N/A,N/A,N/A,N/A,N/A,None (may contain nested repos),N/A,N/A,Not asserted; parent can contain nested repositories/local-only work
C:/Users/田尻大翔/Documents/UnityProjects/DesertLoop/Logs/ProductionArtIntegration02,D/Logs/ProductionArtIntegration02,D. DO NOT DELETE YET,0,0,0,0,0,0,C:/Users/田尻大翔/Documents/UnityProjects/DesertLoop,5a004e294713789a1f6642ca56b3b5c9bc601e57,e6dc6acf0227382cc94398e6c1d36f716ff3bbb0,Only matching tracked subset verified; untracked/modified/ignored files NOT saved by path inclusion
C:/Users/田尻大翔/Documents/UnityProjects/DesertLoop/Logs/M5DistanceAB,D/Logs/M5DistanceAB,D. DO NOT DELETE YET,0,0,0,0,0,0,C:/Users/田尻大翔/Documents/UnityProjects/DesertLoop,5a004e294713789a1f6642ca56b3b5c9bc601e57,e6dc6acf0227382cc94398e6c1d36f716ff3bbb0,Only matching tracked subset verified; untracked/modified/ignored files NOT saved by path inclusion
C:/Users/田尻大翔/Documents/UnityProjects/DesertLoop/Logs/M5E1V2MultiCycle,D/Logs/M5E1V2MultiCycle,D. DO NOT DELETE YET,0,0,0,0,0,0,C:/Users/田尻大翔/Documents/UnityProjects/DesertLoop,5a004e294713789a1f6642ca56b3b5c9bc601e57,e6dc6acf0227382cc94398e6c1d36f716ff3bbb0,Only matching tracked subset verified; untracked/modified/ignored files NOT saved by path inclusion
C:/Users/田尻大翔/Documents/UnityProjects/DesertLoop/Logs/M5E1V2Seamless,D/Logs/M5E1V2Seamless,D. DO NOT DELETE YET,0,0,0,0,0,0,C:/Users/田尻大翔/Documents/UnityProjects/DesertLoop,5a004e294713789a1f6642ca56b3b5c9bc601e57,e6dc6acf0227382cc94398e6c1d36f716ff3bbb0,Only matching tracked subset verified; untracked/modified/ignored files NOT saved by path inclusion
C:/Users/田尻大翔/Documents/UnityProjects/DesertLoop/Logs/M5DistanceD,D/Logs/M5DistanceD,D. DO NOT DELETE YET,0,0,0,0,0,0,C:/Users/田尻大翔/Documents/UnityProjects/DesertLoop,5a004e294713789a1f6642ca56b3b5c9bc601e57,e6dc6acf0227382cc94398e6c1d36f716ff3bbb0,Only matching tracked subset verified; untracked/modified/ignored files NOT saved by path inclusion
C:/Users/田尻大翔/Documents/UnityProjects/DesertLoop/Logs/M5DistanceE1,D/Logs/M5DistanceE1,D. DO NOT DELETE YET,0,0,0,0,0,0,C:/Users/田尻大翔/Documents/UnityProjects/DesertLoop,5a004e294713789a1f6642ca56b3b5c9bc601e57,e6dc6acf0227382cc94398e6c1d36f716ff3bbb0,Only matching tracked subset verified; untracked/modified/ignored files NOT saved by path inclusion
C:/Users/田尻大翔/Documents/UnityProjects/DesertLoop/Logs/M5E1V2,D/Logs/M5E1V2,D. DO NOT DELETE YET,0,0,0,0,0,0,C:/Users/田尻大翔/Documents/UnityProjects/DesertLoop,5a004e294713789a1f6642ca56b3b5c9bc601e57,e6dc6acf0227382cc94398e6c1d36f716ff3bbb0,Only matching tracked subset verified; untracked/modified/ignored files NOT saved by path inclusion
C:/Users/田尻大翔/Documents/UnityProjects/DesertLoop/Logs/M5DistanceC,D/Logs/M5DistanceC,D. DO NOT DELETE YET,0,0,0,0,0,0,C:/Users/田尻大翔/Documents/UnityProjects/DesertLoop,5a004e294713789a1f6642ca56b3b5c9bc601e57,e6dc6acf0227382cc94398e6c1d36f716ff3bbb0,Only matching tracked subset verified; untracked/modified/ignored files NOT saved by path inclusion
C:/Users/田尻大翔/Documents/Codex/2026-08-07/new-chat/outputs/HimoHitoPrototype/Builds,H/Builds,D. DO NOT DELETE YET,0,0,0,0,0,0,C:/Users/田尻大翔/Documents/Codex/2026-08-07/new-chat/outputs/HimoHitoPrototype,702a4bc044b0eb35bedb552753ca8495599bc1ee,702a4bc044b0eb35bedb552753ca8495599bc1ee,Only matching tracked subset verified; untracked/modified/ignored files NOT saved by path inclusion
C:/Users/田尻大翔/Documents/UnityProjects/DesertLoop/Logs/ProductionArtIntegration01,D/Logs/ProductionArtIntegration01,D. DO NOT DELETE YET,0,0,0,0,0,0,C:/Users/田尻大翔/Documents/UnityProjects/DesertLoop,5a004e294713789a1f6642ca56b3b5c9bc601e57,e6dc6acf0227382cc94398e6c1d36f716ff3bbb0,Only matching tracked subset verified; untracked/modified/ignored files NOT saved by path inclusion
C:/Users/田尻大翔/Documents/UnityProjects/DesertLoop/Logs/CreativeVisualPrototype7,D/Logs/CreativeVisualPrototype7,D. DO NOT DELETE YET,0,0,0,0,0,0,C:/Users/田尻大翔/Documents/UnityProjects/DesertLoop,5a004e294713789a1f6642ca56b3b5c9bc601e57,e6dc6acf0227382cc94398e6c1d36f716ff3bbb0,Only matching tracked subset verified; untracked/modified/ignored files NOT saved by path inclusion
C:/Users/田尻大翔/Documents/UnityProjects/DesertLoop/Logs/CreativeToolchainLab,D/Logs/CreativeToolchainLab,D. DO NOT DELETE YET,0,0,0,0,0,0,C:/Users/田尻大翔/Documents/UnityProjects/DesertLoop,5a004e294713789a1f6642ca56b3b5c9bc601e57,e6dc6acf0227382cc94398e6c1d36f716ff3bbb0,Only matching tracked subset verified; untracked/modified/ignored files NOT saved by path inclusion
C:/Users/田尻大翔/Documents/UnityProjects/DesertLoop/Logs/CreativeVisualPrototype6,D/Logs/CreativeVisualPrototype6,D. DO NOT DELETE YET,0,0,0,0,0,0,C:/Users/田尻大翔/Documents/UnityProjects/DesertLoop,5a004e294713789a1f6642ca56b3b5c9bc601e57,e6dc6acf0227382cc94398e6c1d36f716ff3bbb0,Only matching tracked subset verified; untracked/modified/ignored files NOT saved by path inclusion
C:/Users/田尻大翔/Documents/UnityProjects/DesertLoop/Logs/CreativeVisualPrototype4,D/Logs/CreativeVisualPrototype4,D. DO NOT DELETE YET,0,0,0,0,0,0,C:/Users/田尻大翔/Documents/UnityProjects/DesertLoop,5a004e294713789a1f6642ca56b3b5c9bc601e57,e6dc6acf0227382cc94398e6c1d36f716ff3bbb0,Only matching tracked subset verified; untracked/modified/ignored files NOT saved by path inclusion
C:/Users/田尻大翔/Documents/UnityProjects/DesertLoop/Logs/HybridProductionVisualCandidate,D/Logs/HybridProductionVisualCandidate,D. DO NOT DELETE YET,0,0,0,0,0,0,C:/Users/田尻大翔/Documents/UnityProjects/DesertLoop,5a004e294713789a1f6642ca56b3b5c9bc601e57,e6dc6acf0227382cc94398e6c1d36f716ff3bbb0,Only matching tracked subset verified; untracked/modified/ignored files NOT saved by path inclusion
C:/Users/田尻大翔/Documents/UnityProjects/DesertLoop/Logs/CreativeVisualPrototype5,D/Logs/CreativeVisualPrototype5,D. DO NOT DELETE YET,0,0,0,0,0,0,C:/Users/田尻大翔/Documents/UnityProjects/DesertLoop,5a004e294713789a1f6642ca56b3b5c9bc601e57,e6dc6acf0227382cc94398e6c1d36f716ff3bbb0,Only matching tracked subset verified; untracked/modified/ignored files NOT saved by path inclusion
C:/Users/田尻大翔/Documents/UnityProjects/DesertLoop/Logs/CreativeVisualPrototype8,D/Logs/CreativeVisualPrototype8,D. DO NOT DELETE YET,0,0,0,0,0,0,C:/Users/田尻大翔/Documents/UnityProjects/DesertLoop,5a004e294713789a1f6642ca56b3b5c9bc601e57,e6dc6acf0227382cc94398e6c1d36f716ff3bbb0,Only matching tracked subset verified; untracked/modified/ignored files NOT saved by path inclusion
C:/Users/田尻大翔/Documents/UnityProjects/DesertLoop/Logs/CreativeVisualPrototype3,D/Logs/CreativeVisualPrototype3,D. DO NOT DELETE YET,0,0,0,0,0,0,C:/Users/田尻大翔/Documents/UnityProjects/DesertLoop,5a004e294713789a1f6642ca56b3b5c9bc601e57,e6dc6acf0227382cc94398e6c1d36f716ff3bbb0,Only matching tracked subset verified; untracked/modified/ignored files NOT saved by path inclusion
C:/Users/田尻大翔/Documents/UnityProjects/DesertLoop/Logs/CreativeVisualPrototype1,D/Logs/CreativeVisualPrototype1,D. DO NOT DELETE YET,0,0,0,0,0,0,C:/Users/田尻大翔/Documents/UnityProjects/DesertLoop,5a004e294713789a1f6642ca56b3b5c9bc601e57,e6dc6acf0227382cc94398e6c1d36f716ff3bbb0,Only matching tracked subset verified; untracked/modified/ignored files NOT saved by path inclusion
C:/Users/田尻大翔/Documents/UnityProjects/DesertLoop/Logs/CreativeVisualPrototype2,D/Logs/CreativeVisualPrototype2,D. DO NOT DELETE YET,0,0,0,0,0,0,C:/Users/田尻大翔/Documents/UnityProjects/DesertLoop,5a004e294713789a1f6642ca56b3b5c9bc601e57,e6dc6acf0227382cc94398e6c1d36f716ff3bbb0,Only matching tracked subset verified; untracked/modified/ignored files NOT saved by path inclusion
C:/Users/田尻大翔/Documents/Codex/2026-08-07/new-chat/outputs/HimoHitoPrototype/.codex_tmp/Tutorial2p5DProductionIntegration_20261001,H/.codex_tmp/Tutorial2p5DProductionIntegration_20261001,D. DO NOT DELETE YET,0,0,0,0,0,0,C:/Users/田尻大翔/Documents/Codex/2026-08-07/new-chat/outputs/HimoHitoPrototype,702a4bc044b0eb35bedb552753ca8495599bc1ee,702a4bc044b0eb35bedb552753ca8495599bc1ee,Only matching tracked subset verified; untracked/modified/ignored files NOT saved by path inclusion
C:/Users/田尻大翔/Documents/Codex/2026-08-07/new-chat/outputs/HimoHitoPrototype/.codex_tmp/FullGameRegression_20260930,H/.codex_tmp/FullGameRegression_20260930,D. DO NOT DELETE YET,0,0,0,0,0,0,C:/Users/田尻大翔/Documents/Codex/2026-08-07/new-chat/outputs/HimoHitoPrototype,702a4bc044b0eb35bedb552753ca8495599bc1ee,702a4bc044b0eb35bedb552753ca8495599bc1ee,Only matching tracked subset verified; untracked/modified/ignored files NOT saved by path inclusion
C:/Users/田尻大翔/.codex/visualizations/2026/09/12/01a095fe-94f6-7783-a93d-497f16bab356/Gate2R1Proof,V/Gate2R1Proof,D. DO NOT DELETE YET,N/A,N/A,N/A,N/A,N/A,N/A,None (may contain nested repos),N/A,N/A,Not asserted; parent can contain nested repositories/local-only work
C:/Users/田尻大翔/.codex/visualizations/2026/09/12/01a095fe-94f6-7783-a93d-497f16bab356/Gate2Proof,V/Gate2Proof,D. DO NOT DELETE YET,N/A,N/A,N/A,N/A,N/A,N/A,None (may contain nested repos),N/A,N/A,Not asserted; parent can contain nested repositories/local-only work
C:/Users/田尻大翔/.codex/visualizations/2026/09/12/01a095fe-94f6-7783-a93d-497f16bab356/LTI2,V/LTI2,D. DO NOT DELETE YET,N/A,N/A,N/A,N/A,N/A,N/A,None (may contain nested repos),N/A,N/A,Not asserted; parent can contain nested repositories/local-only work
C:/Users/田尻大翔/.codex/visualizations/2026/09/12/01a095fe-94f6-7783-a93d-497f16bab356/LTI,V/LTI,D. DO NOT DELETE YET,N/A,N/A,N/A,N/A,N/A,N/A,None (may contain nested repos),N/A,N/A,Not asserted; parent can contain nested repositories/local-only work
C:/Users/田尻大翔/.codex/visualizations/2026/09/12/01a095fe-94f6-7783-a93d-497f16bab356/HERO,V/HERO,D. DO NOT DELETE YET,N/A,N/A,N/A,N/A,N/A,N/A,None (may contain nested repos),N/A,N/A,Not asserted; parent can contain nested repositories/local-only work
C:/Users/田尻大翔/.codex/visualizations/2026/09/12/01a095fe-94f6-7783-a93d-497f16bab356/GRA,V/GRA,D. DO NOT DELETE YET,N/A,N/A,N/A,N/A,N/A,N/A,None (may contain nested repos),N/A,N/A,Not asserted; parent can contain nested repositories/local-only work
C:/Users/田尻大翔/.codex/visualizations/2026/09/12/01a095fe-94f6-7783-a93d-497f16bab356/Proof2ColorFix,V/Proof2ColorFix,D. DO NOT DELETE YET,N/A,N/A,N/A,N/A,N/A,N/A,None (may contain nested repos),N/A,N/A,Not asserted; parent can contain nested repositories/local-only work
C:/Users/田尻大翔/.codex/visualizations/2026/09/12/01a095fe-94f6-7783-a93d-497f16bab356/Proof2Calibration,V/Proof2Calibration,D. DO NOT DELETE YET,N/A,N/A,N/A,N/A,N/A,N/A,None (may contain nested repos),N/A,N/A,Not asserted; parent can contain nested repositories/local-only work
C:/Users/田尻大翔/.codex/visualizations/2026/09/12/01a095fe-94f6-7783-a93d-497f16bab356/UDF1B,V/UDF1B,D. DO NOT DELETE YET,N/A,N/A,N/A,N/A,N/A,N/A,None (may contain nested repos),N/A,N/A,Not asserted; parent can contain nested repositories/local-only work
C:/Users/田尻大翔/Documents/Codex/2026-08-07/new-chat/outputs/HimoHitoPrototype/.codex_tmp/Tutorial2p5DIntroFix_20261002,H/.codex_tmp/Tutorial2p5DIntroFix_20261002,D. DO NOT DELETE YET,0,0,0,0,0,0,C:/Users/田尻大翔/Documents/Codex/2026-08-07/new-chat/outputs/HimoHitoPrototype,702a4bc044b0eb35bedb552753ca8495599bc1ee,702a4bc044b0eb35bedb552753ca8495599bc1ee,Only matching tracked subset verified; untracked/modified/ignored files NOT saved by path inclusion
C:/Users/田尻大翔/Documents/Codex/2026-08-07/new-chat/outputs/HimoHitoPrototype/.codex_tmp/SubmissionBuild20260911,H/.codex_tmp/SubmissionBuild20260911,A. KEEP,0,0,0,0,0,0,C:/Users/田尻大翔/Documents/Codex/2026-08-07/new-chat/outputs/HimoHitoPrototype,702a4bc044b0eb35bedb552753ca8495599bc1ee,702a4bc044b0eb35bedb552753ca8495599bc1ee,Only matching tracked subset verified; untracked/modified/ignored files NOT saved by path inclusion
C:/Users/田尻大翔/Documents/Codex/2026-08-07/new-chat/outputs/HimoHitoPrototype/.codex_tmp/HumanPlaytest_20260930_231714,H/.codex_tmp/HumanPlaytest_20260930_231714,D. DO NOT DELETE YET,0,0,0,0,0,0,C:/Users/田尻大翔/Documents/Codex/2026-08-07/new-chat/outputs/HimoHitoPrototype,702a4bc044b0eb35bedb552753ca8495599bc1ee,702a4bc044b0eb35bedb552753ca8495599bc1ee,Only matching tracked subset verified; untracked/modified/ignored files NOT saved by path inclusion
C:/Users/田尻大翔/Documents/Codex/2026-08-07/new-chat/outputs/HimoHitoPrototype/.codex_tmp/HumanPlaytestFixes_20261001_065300,H/.codex_tmp/HumanPlaytestFixes_20261001_065300,C. PROBABLY SAFE,0,0,0,0,0,0,C:/Users/田尻大翔/Documents/Codex/2026-08-07/new-chat/outputs/HimoHitoPrototype,702a4bc044b0eb35bedb552753ca8495599bc1ee,702a4bc044b0eb35bedb552753ca8495599bc1ee,Only matching tracked subset verified; untracked/modified/ignored files NOT saved by path inclusion
C:/Users/田尻大翔/Documents/Codex/2026-08-07/new-chat/outputs/HimoHitoPrototype/Docs/QA/Tutorial2p5DProductionIntegration_20261001,H/Docs/QA/Tutorial2p5DProductionIntegration_20261001,D. DO NOT DELETE YET,0,531,0,0,0,0,C:/Users/田尻大翔/Documents/Codex/2026-08-07/new-chat/outputs/HimoHitoPrototype,702a4bc044b0eb35bedb552753ca8495599bc1ee,702a4bc044b0eb35bedb552753ca8495599bc1ee,Only matching tracked subset verified; untracked/modified/ignored files NOT saved by path inclusion
C:/Users/田尻大翔/Documents/Codex/2026-08-07/new-chat/outputs/HimoHitoPrototype/Builds/Submission,H/Builds/Submission,A. KEEP,0,0,0,0,0,0,C:/Users/田尻大翔/Documents/Codex/2026-08-07/new-chat/outputs/HimoHitoPrototype,702a4bc044b0eb35bedb552753ca8495599bc1ee,702a4bc044b0eb35bedb552753ca8495599bc1ee,Only matching tracked subset verified; untracked/modified/ignored files NOT saved by path inclusion
C:/Users/田尻大翔/Documents/UnityProjects/DesertLoop/Docs,D/Docs,A. KEEP,1820,965,1,1820,4167,1818,C:/Users/田尻大翔/Documents/UnityProjects/DesertLoop,5a004e294713789a1f6642ca56b3b5c9bc601e57,e6dc6acf0227382cc94398e6c1d36f716ff3bbb0,Only matching tracked subset verified; untracked/modified/ignored files NOT saved by path inclusion
C:/Users/田尻大翔/Documents/Codex/2026-08-07/new-chat/outputs/HimoHitoPrototype/.codex_tmp/Tutorial2p5DAllSections_20261001,H/.codex_tmp/Tutorial2p5DAllSections_20261001,D. DO NOT DELETE YET,0,0,0,0,0,0,C:/Users/田尻大翔/Documents/Codex/2026-08-07/new-chat/outputs/HimoHitoPrototype,702a4bc044b0eb35bedb552753ca8495599bc1ee,702a4bc044b0eb35bedb552753ca8495599bc1ee,Only matching tracked subset verified; untracked/modified/ignored files NOT saved by path inclusion
C:/Users/田尻大翔/Documents/Codex/2026-08-07/new-chat/outputs/HimoHitoPrototype/.codex_tmp/Tutorial2p5DForegroundRefine_20261001,H/.codex_tmp/Tutorial2p5DForegroundRefine_20261001,D. DO NOT DELETE YET,0,0,0,0,0,0,C:/Users/田尻大翔/Documents/Codex/2026-08-07/new-chat/outputs/HimoHitoPrototype,702a4bc044b0eb35bedb552753ca8495599bc1ee,702a4bc044b0eb35bedb552753ca8495599bc1ee,Only matching tracked subset verified; untracked/modified/ignored files NOT saved by path inclusion
C:/Users/田尻大翔/Documents/Codex/2026-08-07/new-chat/outputs/HimoHitoPrototype/.codex_tmp/Tutorial2p5DProof_20261001,H/.codex_tmp/Tutorial2p5DProof_20261001,D. DO NOT DELETE YET,0,0,0,0,0,0,C:/Users/田尻大翔/Documents/Codex/2026-08-07/new-chat/outputs/HimoHitoPrototype,702a4bc044b0eb35bedb552753ca8495599bc1ee,702a4bc044b0eb35bedb552753ca8495599bc1ee,Only matching tracked subset verified; untracked/modified/ignored files NOT saved by path inclusion
C:/Users/田尻大翔/Documents/Codex/2026-08-07/new-chat/outputs/HimoHitoPrototype/output/DeterministicSceneSyncAB_20261001_154205,H/output/DeterministicSceneSyncAB_20261001_154205,C. PROBABLY SAFE,0,290,0,0,0,0,C:/Users/田尻大翔/Documents/Codex/2026-08-07/new-chat/outputs/HimoHitoPrototype,702a4bc044b0eb35bedb552753ca8495599bc1ee,702a4bc044b0eb35bedb552753ca8495599bc1ee,Only matching tracked subset verified; untracked/modified/ignored files NOT saved by path inclusion
C:/Users/田尻大翔/.codex/visualizations/2026/09/12/01a095fe-94f6-7783-a93d-497f16bab356/UDF1A,V/UDF1A,D. DO NOT DELETE YET,N/A,N/A,N/A,N/A,N/A,N/A,None (may contain nested repos),N/A,N/A,Not asserted; parent can contain nested repositories/local-only work
C:/Users/田尻大翔/Documents/Codex/2026-08-07/new-chat/outputs/HimoHitoPrototype/Docs/QA/Tutorial2p5DIntroFix_20261002,H/Docs/QA/Tutorial2p5DIntroFix_20261002,D. DO NOT DELETE YET,0,386,0,0,0,0,C:/Users/田尻大翔/Documents/Codex/2026-08-07/new-chat/outputs/HimoHitoPrototype,702a4bc044b0eb35bedb552753ca8495599bc1ee,702a4bc044b0eb35bedb552753ca8495599bc1ee,Only matching tracked subset verified; untracked/modified/ignored files NOT saved by path inclusion
C:/Users/田尻大翔/Documents/UnityProjects/DesertLoop/.git,D/.git,A. KEEP,0,0,0,0,0,0,C:/Users/田尻大翔/Documents/UnityProjects/DesertLoop,5a004e294713789a1f6642ca56b3b5c9bc601e57,e6dc6acf0227382cc94398e6c1d36f716ff3bbb0,Only matching tracked subset verified; untracked/modified/ignored files NOT saved by path inclusion
C:/Users/田尻大翔/Documents/Codex/2026-08-07/new-chat/outputs/HimoHitoPrototype/Builds/Share,H/Builds/Share,C. PROBABLY SAFE,0,0,0,0,0,0,C:/Users/田尻大翔/Documents/Codex/2026-08-07/new-chat/outputs/HimoHitoPrototype,702a4bc044b0eb35bedb552753ca8495599bc1ee,702a4bc044b0eb35bedb552753ca8495599bc1ee,Only matching tracked subset verified; untracked/modified/ignored files NOT saved by path inclusion
C:/Users/田尻大翔/Documents/Codex/2026-08-07/new-chat/outputs/HimoHitoPrototype/.codex_tmp/CraftUiCheck,H/.codex_tmp/CraftUiCheck,C. PROBABLY SAFE,0,0,0,0,0,0,C:/Users/田尻大翔/Documents/Codex/2026-08-07/new-chat/outputs/HimoHitoPrototype,702a4bc044b0eb35bedb552753ca8495599bc1ee,702a4bc044b0eb35bedb552753ca8495599bc1ee,Only matching tracked subset verified; untracked/modified/ignored files NOT saved by path inclusion
C:/Users/田尻大翔/.codex/plugins,C/plugins,A. KEEP,N/A,N/A,N/A,N/A,N/A,N/A,None (may contain nested repos),N/A,N/A,Not asserted; parent can contain nested repositories/local-only work
C:/Users/田尻大翔/Documents/Codex/2026-08-07/new-chat/outputs/HimoHitoPrototype/Library,H/Library,D. DO NOT DELETE YET,0,0,0,0,0,0,C:/Users/田尻大翔/Documents/Codex/2026-08-07/new-chat/outputs/HimoHitoPrototype,702a4bc044b0eb35bedb552753ca8495599bc1ee,702a4bc044b0eb35bedb552753ca8495599bc1ee,Only matching tracked subset verified; untracked/modified/ignored files NOT saved by path inclusion
C:/Users/田尻大翔/Documents/Codex/2026-08-07/new-chat/outputs/HimoHitoPrototype/Docs/QA/Tutorial2p5DForegroundRefine_20261001,H/Docs/QA/Tutorial2p5DForegroundRefine_20261001,D. DO NOT DELETE YET,0,172,0,0,0,0,C:/Users/田尻大翔/Documents/Codex/2026-08-07/new-chat/outputs/HimoHitoPrototype,702a4bc044b0eb35bedb552753ca8495599bc1ee,702a4bc044b0eb35bedb552753ca8495599bc1ee,Only matching tracked subset verified; untracked/modified/ignored files NOT saved by path inclusion
C:/Users/田尻大翔/Documents/Codex/2026-08-07/new-chat/outputs/HimoHitoPrototype/Docs/QA/Tutorial2p5DProof_20261001,H/Docs/QA/Tutorial2p5DProof_20261001,D. DO NOT DELETE YET,0,167,0,0,0,0,C:/Users/田尻大翔/Documents/Codex/2026-08-07/new-chat/outputs/HimoHitoPrototype,702a4bc044b0eb35bedb552753ca8495599bc1ee,702a4bc044b0eb35bedb552753ca8495599bc1ee,Only matching tracked subset verified; untracked/modified/ignored files NOT saved by path inclusion
C:/Users/田尻大翔/.codex/.sandbox-bin,C/.sandbox-bin,A. KEEP,N/A,N/A,N/A,N/A,N/A,N/A,None (may contain nested repos),N/A,N/A,Not asserted; parent can contain nested repositories/local-only work
C:/Users/田尻大翔/Documents/Codex/2026-08-07/new-chat/outputs/HimoHitoPrototype/output/Tutorial2p5DForegroundRefine_20261001_Refine01,H/output/Tutorial2p5DForegroundRefine_20261001_Refine01,D. DO NOT DELETE YET,0,148,0,0,0,0,C:/Users/田尻大翔/Documents/Codex/2026-08-07/new-chat/outputs/HimoHitoPrototype,702a4bc044b0eb35bedb552753ca8495599bc1ee,702a4bc044b0eb35bedb552753ca8495599bc1ee,Only matching tracked subset verified; untracked/modified/ignored files NOT saved by path inclusion
C:/Users/田尻大翔/Documents/Codex/2026-08-07/new-chat/outputs/HimoHitoPrototype/output/Tutorial2p5DAllSections_20261001_Trial01,H/output/Tutorial2p5DAllSections_20261001_Trial01,D. DO NOT DELETE YET,0,149,0,0,0,0,C:/Users/田尻大翔/Documents/Codex/2026-08-07/new-chat/outputs/HimoHitoPrototype,702a4bc044b0eb35bedb552753ca8495599bc1ee,702a4bc044b0eb35bedb552753ca8495599bc1ee,Only matching tracked subset verified; untracked/modified/ignored files NOT saved by path inclusion
C:/Users/田尻大翔/Documents/Codex/2026-08-07/new-chat/outputs/HimoHitoPrototype/.codex_tmp/HumanPlaytestFixes_20260930,H/.codex_tmp/HumanPlaytestFixes_20260930,C. PROBABLY SAFE,0,0,0,0,0,0,C:/Users/田尻大翔/Documents/Codex/2026-08-07/new-chat/outputs/HimoHitoPrototype,702a4bc044b0eb35bedb552753ca8495599bc1ee,702a4bc044b0eb35bedb552753ca8495599bc1ee,Only matching tracked subset verified; untracked/modified/ignored files NOT saved by path inclusion
C:/Users/田尻大翔/Documents/Codex/2026-08-07/new-chat/outputs/HimoHitoPrototype/.codex_tmp/CheckpointMergedBridgeFix_20260930,H/.codex_tmp/CheckpointMergedBridgeFix_20260930,C. PROBABLY SAFE,0,0,0,0,0,0,C:/Users/田尻大翔/Documents/Codex/2026-08-07/new-chat/outputs/HimoHitoPrototype,702a4bc044b0eb35bedb552753ca8495599bc1ee,702a4bc044b0eb35bedb552753ca8495599bc1ee,Only matching tracked subset verified; untracked/modified/ignored files NOT saved by path inclusion
C:/Users/田尻大翔/Documents/Codex/2026-08-07/new-chat/outputs/HimoHitoPrototype/.codex_tmp/MainStageSceneDiffAudit_20261001,H/.codex_tmp/MainStageSceneDiffAudit_20261001,C. PROBABLY SAFE,0,0,0,0,0,0,C:/Users/田尻大翔/Documents/Codex/2026-08-07/new-chat/outputs/HimoHitoPrototype,702a4bc044b0eb35bedb552753ca8495599bc1ee,702a4bc044b0eb35bedb552753ca8495599bc1ee,Only matching tracked subset verified; untracked/modified/ignored files NOT saved by path inclusion
C:/Users/田尻大翔/Documents/Codex/2026-08-07/new-chat/outputs/HimoHitoPrototype/.codex_tmp/CheckpointMergedBridgeRepro_20260930,H/.codex_tmp/CheckpointMergedBridgeRepro_20260930,C. PROBABLY SAFE,0,0,0,0,0,0,C:/Users/田尻大翔/Documents/Codex/2026-08-07/new-chat/outputs/HimoHitoPrototype,702a4bc044b0eb35bedb552753ca8495599bc1ee,702a4bc044b0eb35bedb552753ca8495599bc1ee,Only matching tracked subset verified; untracked/modified/ignored files NOT saved by path inclusion
C:/Users/田尻大翔/Documents/Codex/2026-08-07/new-chat/outputs/HimoHitoPrototype/output/Tutorial2p5DIntroFix_20261002_Review01,H/output/Tutorial2p5DIntroFix_20261002_Review01,D. DO NOT DELETE YET,0,148,0,0,0,0,C:/Users/田尻大翔/Documents/Codex/2026-08-07/new-chat/outputs/HimoHitoPrototype,702a4bc044b0eb35bedb552753ca8495599bc1ee,702a4bc044b0eb35bedb552753ca8495599bc1ee,Only matching tracked subset verified; untracked/modified/ignored files NOT saved by path inclusion
C:/Users/田尻大翔/Documents/Codex/2026-08-07/new-chat/outputs/HimoHitoPrototype/output/Tutorial2p5DProductionIntegration_20261001_Production04,H/output/Tutorial2p5DProductionIntegration_20261001_Production04,D. DO NOT DELETE YET,0,147,0,0,0,0,C:/Users/田尻大翔/Documents/Codex/2026-08-07/new-chat/outputs/HimoHitoPrototype,702a4bc044b0eb35bedb552753ca8495599bc1ee,702a4bc044b0eb35bedb552753ca8495599bc1ee,Only matching tracked subset verified; untracked/modified/ignored files NOT saved by path inclusion
C:/Users/田尻大翔/Documents/Codex/2026-08-07/new-chat/outputs/HimoHitoPrototype/output/Tutorial2p5DProductionIntegration_20261001_Production03,H/output/Tutorial2p5DProductionIntegration_20261001_Production03,D. DO NOT DELETE YET,0,147,0,0,0,0,C:/Users/田尻大翔/Documents/Codex/2026-08-07/new-chat/outputs/HimoHitoPrototype,702a4bc044b0eb35bedb552753ca8495599bc1ee,702a4bc044b0eb35bedb552753ca8495599bc1ee,Only matching tracked subset verified; untracked/modified/ignored files NOT saved by path inclusion
C:/Users/田尻大翔/Documents/Codex/2026-08-07/new-chat/outputs/HimoHitoPrototype/output/Tutorial2p5DProductionIntegration_20261001_Production02,H/output/Tutorial2p5DProductionIntegration_20261001_Production02,D. DO NOT DELETE YET,0,146,0,0,0,0,C:/Users/田尻大翔/Documents/Codex/2026-08-07/new-chat/outputs/HimoHitoPrototype,702a4bc044b0eb35bedb552753ca8495599bc1ee,702a4bc044b0eb35bedb552753ca8495599bc1ee,Only matching tracked subset verified; untracked/modified/ignored files NOT saved by path inclusion
C:/Users/田尻大翔/Documents/Codex/2026-08-07/new-chat/outputs/HimoHitoPrototype/output/Tutorial2p5DProof_20261001_Proof01,H/output/Tutorial2p5DProof_20261001_Proof01,D. DO NOT DELETE YET,0,148,0,0,0,0,C:/Users/田尻大翔/Documents/Codex/2026-08-07/new-chat/outputs/HimoHitoPrototype,702a4bc044b0eb35bedb552753ca8495599bc1ee,702a4bc044b0eb35bedb552753ca8495599bc1ee,Only matching tracked subset verified; untracked/modified/ignored files NOT saved by path inclusion
C:/Users/田尻大翔/Documents/Codex/2026-08-07/new-chat/outputs/HimoHitoPrototype/output/HumanPlaytest_20260930_231714,H/output/HumanPlaytest_20260930_231714,D. DO NOT DELETE YET,0,158,0,0,0,0,C:/Users/田尻大翔/Documents/Codex/2026-08-07/new-chat/outputs/HimoHitoPrototype,702a4bc044b0eb35bedb552753ca8495599bc1ee,702a4bc044b0eb35bedb552753ca8495599bc1ee,Only matching tracked subset verified; untracked/modified/ignored files NOT saved by path inclusion
C:/Users/田尻大翔/Documents/Codex/2026-08-07/new-chat/outputs/HimoHitoPrototype/output/HumanPlaytestFixes_20261001_065300,H/output/HumanPlaytestFixes_20261001_065300,C. PROBABLY SAFE,0,153,0,0,0,0,C:/Users/田尻大翔/Documents/Codex/2026-08-07/new-chat/outputs/HimoHitoPrototype,702a4bc044b0eb35bedb552753ca8495599bc1ee,702a4bc044b0eb35bedb552753ca8495599bc1ee,Only matching tracked subset verified; untracked/modified/ignored files NOT saved by path inclusion
C:/Users/田尻大翔/Documents/Codex/2026-08-07/new-chat/outputs/HimoHitoPrototype/output/Tutorial2p5DProductionIntegration_20261001_Baseline05,H/output/Tutorial2p5DProductionIntegration_20261001_Baseline05,D. DO NOT DELETE YET,0,146,0,0,0,0,C:/Users/田尻大翔/Documents/Codex/2026-08-07/new-chat/outputs/HimoHitoPrototype,702a4bc044b0eb35bedb552753ca8495599bc1ee,702a4bc044b0eb35bedb552753ca8495599bc1ee,Only matching tracked subset verified; untracked/modified/ignored files NOT saved by path inclusion
C:/Users/田尻大翔/Documents/Codex/2026-08-07/new-chat/outputs/HimoHitoPrototype/output/Tutorial2p5DProductionIntegration_20261001_Baseline03,H/output/Tutorial2p5DProductionIntegration_20261001_Baseline03,D. DO NOT DELETE YET,0,146,0,0,0,0,C:/Users/田尻大翔/Documents/Codex/2026-08-07/new-chat/outputs/HimoHitoPrototype,702a4bc044b0eb35bedb552753ca8495599bc1ee,702a4bc044b0eb35bedb552753ca8495599bc1ee,Only matching tracked subset verified; untracked/modified/ignored files NOT saved by path inclusion
C:/Users/田尻大翔/Documents/Codex/2026-08-07/new-chat/outputs/HimoHitoPrototype/output/Tutorial2p5DProductionIntegration_20261001_Baseline04,H/output/Tutorial2p5DProductionIntegration_20261001_Baseline04,D. DO NOT DELETE YET,0,146,0,0,0,0,C:/Users/田尻大翔/Documents/Codex/2026-08-07/new-chat/outputs/HimoHitoPrototype,702a4bc044b0eb35bedb552753ca8495599bc1ee,702a4bc044b0eb35bedb552753ca8495599bc1ee,Only matching tracked subset verified; untracked/modified/ignored files NOT saved by path inclusion
C:/Users/田尻大翔/Documents/Codex/2026-08-07/new-chat/outputs/HimoHitoPrototype/output/MainStageCleanReproduction_ExternalBGM_20261001_151833,H/output/MainStageCleanReproduction_ExternalBGM_20261001_151833,C. PROBABLY SAFE,0,146,0,0,0,0,C:/Users/田尻大翔/Documents/Codex/2026-08-07/new-chat/outputs/HimoHitoPrototype,702a4bc044b0eb35bedb552753ca8495599bc1ee,702a4bc044b0eb35bedb552753ca8495599bc1ee,Only matching tracked subset verified; untracked/modified/ignored files NOT saved by path inclusion
C:/Users/田尻大翔/Documents/Codex/2026-08-07/new-chat/outputs/HimoHitoPrototype/output/Tutorial2p5DProductionIntegration_20261001_Baseline01,H/output/Tutorial2p5DProductionIntegration_20261001_Baseline01,D. DO NOT DELETE YET,0,146,0,0,0,0,C:/Users/田尻大翔/Documents/Codex/2026-08-07/new-chat/outputs/HimoHitoPrototype,702a4bc044b0eb35bedb552753ca8495599bc1ee,702a4bc044b0eb35bedb552753ca8495599bc1ee,Only matching tracked subset verified; untracked/modified/ignored files NOT saved by path inclusion
C:/Users/田尻大翔/Documents/UnityProjects/DesertLoop/Logs/GateAArtFixV22,D/Logs/GateAArtFixV22,D. DO NOT DELETE YET,0,0,0,0,0,0,C:/Users/田尻大翔/Documents/UnityProjects/DesertLoop,5a004e294713789a1f6642ca56b3b5c9bc601e57,e6dc6acf0227382cc94398e6c1d36f716ff3bbb0,Only matching tracked subset verified; untracked/modified/ignored files NOT saved by path inclusion
C:/Users/田尻大翔/Documents/Codex/2026-08-07/new-chat/outputs/HimoHitoPrototype/.git,H/.git,A. KEEP,0,0,0,0,0,0,C:/Users/田尻大翔/Documents/Codex/2026-08-07/new-chat/outputs/HimoHitoPrototype,702a4bc044b0eb35bedb552753ca8495599bc1ee,702a4bc044b0eb35bedb552753ca8495599bc1ee,Only matching tracked subset verified; untracked/modified/ignored files NOT saved by path inclusion
C:/Users/田尻大翔/Documents/Codex/2026-08-07/new-chat/outputs/HimoHitoPrototype/Docs/QA/Tutorial2p5DAllSections_20261001,H/Docs/QA/Tutorial2p5DAllSections_20261001,D. DO NOT DELETE YET,0,222,0,0,0,0,C:/Users/田尻大翔/Documents/Codex/2026-08-07/new-chat/outputs/HimoHitoPrototype,702a4bc044b0eb35bedb552753ca8495599bc1ee,702a4bc044b0eb35bedb552753ca8495599bc1ee,Only matching tracked subset verified; untracked/modified/ignored files NOT saved by path inclusion
C:/Users/田尻大翔/.codex/generated_images,C/generated_images,A. KEEP,N/A,N/A,N/A,N/A,N/A,N/A,None (may contain nested repos),N/A,N/A,Not asserted; parent can contain nested repositories/local-only work
C:/Users/田尻大翔/Documents/UnityProjects/DesertLoop/Logs/HoleComparison,D/Logs/HoleComparison,D. DO NOT DELETE YET,0,0,0,0,0,0,C:/Users/田尻大翔/Documents/UnityProjects/DesertLoop,5a004e294713789a1f6642ca56b3b5c9bc601e57,e6dc6acf0227382cc94398e6c1d36f716ff3bbb0,Only matching tracked subset verified; untracked/modified/ignored files NOT saved by path inclusion
C:/Users/田尻大翔/Documents/UnityProjects/DesertLoop/Logs/M5H6Crack,D/Logs/M5H6Crack,D. DO NOT DELETE YET,0,0,0,0,0,0,C:/Users/田尻大翔/Documents/UnityProjects/DesertLoop,5a004e294713789a1f6642ca56b3b5c9bc601e57,e6dc6acf0227382cc94398e6c1d36f716ff3bbb0,Only matching tracked subset verified; untracked/modified/ignored files NOT saved by path inclusion
C:/Users/田尻大翔/Documents/UnityProjects/DesertLoop/Logs/M5H5Refinement,D/Logs/M5H5Refinement,D. DO NOT DELETE YET,0,0,0,0,0,0,C:/Users/田尻大翔/Documents/UnityProjects/DesertLoop,5a004e294713789a1f6642ca56b3b5c9bc601e57,e6dc6acf0227382cc94398e6c1d36f716ff3bbb0,Only matching tracked subset verified; untracked/modified/ignored files NOT saved by path inclusion
C:/Users/田尻大翔/Documents/UnityProjects/DesertLoop/Logs/M5NaturalCrack,D/Logs/M5NaturalCrack,D. DO NOT DELETE YET,0,0,0,0,0,0,C:/Users/田尻大翔/Documents/UnityProjects/DesertLoop,5a004e294713789a1f6642ca56b3b5c9bc601e57,e6dc6acf0227382cc94398e6c1d36f716ff3bbb0,Only matching tracked subset verified; untracked/modified/ignored files NOT saved by path inclusion
C:/Users/田尻大翔/Documents/UnityProjects/DesertLoop/Logs/M5DesertLayout,D/Logs/M5DesertLayout,D. DO NOT DELETE YET,0,0,0,0,0,0,C:/Users/田尻大翔/Documents/UnityProjects/DesertLoop,5a004e294713789a1f6642ca56b3b5c9bc601e57,e6dc6acf0227382cc94398e6c1d36f716ff3bbb0,Only matching tracked subset verified; untracked/modified/ignored files NOT saved by path inclusion
C:/Users/田尻大翔/Documents/UnityProjects/DesertLoop/Logs/M5CleanTerrain,D/Logs/M5CleanTerrain,D. DO NOT DELETE YET,0,0,0,0,0,0,C:/Users/田尻大翔/Documents/UnityProjects/DesertLoop,5a004e294713789a1f6642ca56b3b5c9bc601e57,e6dc6acf0227382cc94398e6c1d36f716ff3bbb0,Only matching tracked subset verified; untracked/modified/ignored files NOT saved by path inclusion
C:/Users/田尻大翔/Documents/UnityProjects/DesertLoop/Logs/Foreground,D/Logs/Foreground,D. DO NOT DELETE YET,0,0,0,0,0,0,C:/Users/田尻大翔/Documents/UnityProjects/DesertLoop,5a004e294713789a1f6642ca56b3b5c9bc601e57,e6dc6acf0227382cc94398e6c1d36f716ff3bbb0,Only matching tracked subset verified; untracked/modified/ignored files NOT saved by path inclusion
C:/Users/田尻大翔/Documents/Codex/2026-08-07/new-chat/outputs/HimoHitoPrototype/Builds/Windows,H/Builds/Windows,C. PROBABLY SAFE,0,0,0,0,0,0,C:/Users/田尻大翔/Documents/Codex/2026-08-07/new-chat/outputs/HimoHitoPrototype,702a4bc044b0eb35bedb552753ca8495599bc1ee,702a4bc044b0eb35bedb552753ca8495599bc1ee,Only matching tracked subset verified; untracked/modified/ignored files NOT saved by path inclusion
C:/Users/田尻大翔/Documents/Codex/2026-08-07/new-chat/outputs/HimoHitoPrototype/Builds/HimoHitoPrototype_Friend_2026-08-28-230228,H/Builds/HimoHitoPrototype_Friend_2026-08-28-230228,C. PROBABLY SAFE,0,0,0,0,0,0,C:/Users/田尻大翔/Documents/Codex/2026-08-07/new-chat/outputs/HimoHitoPrototype,702a4bc044b0eb35bedb552753ca8495599bc1ee,702a4bc044b0eb35bedb552753ca8495599bc1ee,Only matching tracked subset verified; untracked/modified/ignored files NOT saved by path inclusion
C:/Users/田尻大翔/Documents/UnityProjects/DesertLoop/Logs/M2Refinement,D/Logs/M2Refinement,D. DO NOT DELETE YET,0,0,0,0,0,0,C:/Users/田尻大翔/Documents/UnityProjects/DesertLoop,5a004e294713789a1f6642ca56b3b5c9bc601e57,e6dc6acf0227382cc94398e6c1d36f716ff3bbb0,Only matching tracked subset verified; untracked/modified/ignored files NOT saved by path inclusion
C:/Users/田尻大翔/Documents/Codex/2026-08-07/new-chat/outputs/HimoHitoPrototype/Assets,H/Assets,A. KEEP,437,13,2,437,437,435,C:/Users/田尻大翔/Documents/Codex/2026-08-07/new-chat/outputs/HimoHitoPrototype,702a4bc044b0eb35bedb552753ca8495599bc1ee,702a4bc044b0eb35bedb552753ca8495599bc1ee,Only matching tracked subset verified; untracked/modified/ignored files NOT saved by path inclusion
C:/Users/田尻大翔/Documents/UnityProjects/DesertLoop/Logs/Midground,D/Logs/Midground,D. DO NOT DELETE YET,0,0,0,0,0,0,C:/Users/田尻大翔/Documents/UnityProjects/DesertLoop,5a004e294713789a1f6642ca56b3b5c9bc601e57,e6dc6acf0227382cc94398e6c1d36f716ff3bbb0,Only matching tracked subset verified; untracked/modified/ignored files NOT saved by path inclusion
C:/Users/田尻大翔/.codex/.tmp,C/.tmp,A. KEEP,N/A,N/A,N/A,N/A,N/A,N/A,None (may contain nested repos),N/A,N/A,Not asserted; parent can contain nested repositories/local-only work
C:/Users/田尻大翔/Documents/Codex/2026-08-07/new-chat/outputs/HimoHitoPrototype/Docs/QA/MainStageCleanReproduction_20261001,H/Docs/QA/MainStageCleanReproduction_20261001,A. KEEP,224,1,0,224,224,224,C:/Users/田尻大翔/Documents/Codex/2026-08-07/new-chat/outputs/HimoHitoPrototype,702a4bc044b0eb35bedb552753ca8495599bc1ee,702a4bc044b0eb35bedb552753ca8495599bc1ee,Only matching tracked subset verified; untracked/modified/ignored files NOT saved by path inclusion
C:/Users/田尻大翔/Documents/UnityProjects/DesertLoop/Logs/TerrainMassB2,D/Logs/TerrainMassB2,D. DO NOT DELETE YET,0,0,0,0,0,0,C:/Users/田尻大翔/Documents/UnityProjects/DesertLoop,5a004e294713789a1f6642ca56b3b5c9bc601e57,e6dc6acf0227382cc94398e6c1d36f716ff3bbb0,Only matching tracked subset verified; untracked/modified/ignored files NOT saved by path inclusion
C:/Users/田尻大翔/Documents/Codex/2026-08-07/new-chat/outputs/HimoHitoPrototype/Docs/QA/FullGameRegression_20260930,H/Docs/QA/FullGameRegression_20260930,A. KEEP,0,144,0,0,0,0,C:/Users/田尻大翔/Documents/Codex/2026-08-07/new-chat/outputs/HimoHitoPrototype,702a4bc044b0eb35bedb552753ca8495599bc1ee,702a4bc044b0eb35bedb552753ca8495599bc1ee,Only matching tracked subset verified; untracked/modified/ignored files NOT saved by path inclusion
C:/Users/田尻大翔/.codex/.sandbox,C/.sandbox,A. KEEP,N/A,N/A,N/A,N/A,N/A,N/A,None (may contain nested repos),N/A,N/A,Not asserted; parent can contain nested repositories/local-only work
C:/Users/田尻大翔/Documents/Codex/2026-08-07/new-chat/outputs/HimoHitoPrototype/Docs/QA/HumanPlaytestFixes_20260930,H/Docs/QA/HumanPlaytestFixes_20260930,A. KEEP,118,0,0,118,118,118,C:/Users/田尻大翔/Documents/Codex/2026-08-07/new-chat/outputs/HimoHitoPrototype,702a4bc044b0eb35bedb552753ca8495599bc1ee,702a4bc044b0eb35bedb552753ca8495599bc1ee,Only matching tracked subset verified; untracked/modified/ignored files NOT saved by path inclusion
C:/Users/田尻大翔/Documents/UnityProjects/DesertLoop/Logs/TerrainBenchmark,D/Logs/TerrainBenchmark,D. DO NOT DELETE YET,0,0,0,0,0,0,C:/Users/田尻大翔/Documents/UnityProjects/DesertLoop,5a004e294713789a1f6642ca56b3b5c9bc601e57,e6dc6acf0227382cc94398e6c1d36f716ff3bbb0,Only matching tracked subset verified; untracked/modified/ignored files NOT saved by path inclusion
C:/Users/田尻大翔/.codex/visualizations/2026/09/12/01a095fe-94f6-7783-a93d-497f16bab356/Gate2MethodCloseSource,V/Gate2MethodCloseSource,D. DO NOT DELETE YET,N/A,N/A,N/A,N/A,N/A,N/A,None (may contain nested repos),N/A,N/A,Not asserted; parent can contain nested repositories/local-only work
C:/Users/田尻大翔/Documents/UnityProjects/DesertLoop/Logs/TerrainMass,D/Logs/TerrainMass,D. DO NOT DELETE YET,0,0,0,0,0,0,C:/Users/田尻大翔/Documents/UnityProjects/DesertLoop,5a004e294713789a1f6642ca56b3b5c9bc601e57,e6dc6acf0227382cc94398e6c1d36f716ff3bbb0,Only matching tracked subset verified; untracked/modified/ignored files NOT saved by path inclusion
C:/Users/田尻大翔/.codex/visualizations/2026/08/08/019fdfa3-5ee1-7911-8a24-63282af5bae4,VH,D. DO NOT DELETE YET,N/A,N/A,N/A,N/A,N/A,N/A,None (may contain nested repos),N/A,N/A,Not asserted; parent can contain nested repositories/local-only work
C:/Users/田尻大翔/Documents/UnityProjects/DesertLoop/Logs/L2CurrentAssembly_ReadOnlyEvidence_v1_20260926,D/Logs/L2CurrentAssembly_ReadOnlyEvidence_v1_20260926,D. DO NOT DELETE YET,0,0,0,0,0,0,C:/Users/田尻大翔/Documents/UnityProjects/DesertLoop,5a004e294713789a1f6642ca56b3b5c9bc601e57,e6dc6acf0227382cc94398e6c1d36f716ff3bbb0,Only matching tracked subset verified; untracked/modified/ignored files NOT saved by path inclusion
C:/Users/田尻大翔/Documents/Codex/2026-08-07/new-chat/outputs/HimoHitoPrototype/.codex_tmp/doc_report_0911,H/.codex_tmp/doc_report_0911,D. DO NOT DELETE YET,0,0,0,0,0,0,C:/Users/田尻大翔/Documents/Codex/2026-08-07/new-chat/outputs/HimoHitoPrototype,702a4bc044b0eb35bedb552753ca8495599bc1ee,702a4bc044b0eb35bedb552753ca8495599bc1ee,Only matching tracked subset verified; untracked/modified/ignored files NOT saved by path inclusion
C:/Users/田尻大翔/.codex/cache,C/cache,A. KEEP,N/A,N/A,N/A,N/A,N/A,N/A,None (may contain nested repos),N/A,N/A,Not asserted; parent can contain nested repositories/local-only work
C:/Users/田尻大翔/.codex/visualizations/2026/09/12/01a095fe-94f6-7783-a93d-497f16bab356/Gate2MethodCloseCheckpoint,V/Gate2MethodCloseCheckpoint,D. DO NOT DELETE YET,N/A,N/A,N/A,N/A,N/A,N/A,None (may contain nested repos),N/A,N/A,Not asserted; parent can contain nested repositories/local-only work
C:/Users/田尻大翔/Documents/UnityProjects/DesertLoop/Logs/GateAChatGPTArt,D/Logs/GateAChatGPTArt,D. DO NOT DELETE YET,0,0,0,0,0,0,C:/Users/田尻大翔/Documents/UnityProjects/DesertLoop,5a004e294713789a1f6642ca56b3b5c9bc601e57,e6dc6acf0227382cc94398e6c1d36f716ff3bbb0,Only matching tracked subset verified; untracked/modified/ignored files NOT saved by path inclusion
C:/Users/田尻大翔/Documents/UnityProjects/DesertLoop/Logs/P03HumanExperienceReview,D/Logs/P03HumanExperienceReview,D. DO NOT DELETE YET,0,0,0,0,0,0,C:/Users/田尻大翔/Documents/UnityProjects/DesertLoop,5a004e294713789a1f6642ca56b3b5c9bc601e57,e6dc6acf0227382cc94398e6c1d36f716ff3bbb0,Only matching tracked subset verified; untracked/modified/ignored files NOT saved by path inclusion
C:/Users/田尻大翔/.codex/visualizations/2026/09/12/01a095fe-94f6-7783-a93d-497f16bab356/Gate2R1Source,V/Gate2R1Source,D. DO NOT DELETE YET,N/A,N/A,N/A,N/A,N/A,N/A,None (may contain nested repos),N/A,N/A,Not asserted; parent can contain nested repositories/local-only work
C:/Users/田尻大翔/Documents/UnityProjects/DesertLoop/Assets,D/Assets,A. KEEP,456,131,14,456,456,442,C:/Users/田尻大翔/Documents/UnityProjects/DesertLoop,5a004e294713789a1f6642ca56b3b5c9bc601e57,e6dc6acf0227382cc94398e6c1d36f716ff3bbb0,Only matching tracked subset verified; untracked/modified/ignored files NOT saved by path inclusion
C:/Users/田尻大翔/Documents/UnityProjects/DesertLoop/Logs/L2ForegroundSeam_ReadOnlyEvidence_v1_20260927,D/Logs/L2ForegroundSeam_ReadOnlyEvidence_v1_20260927,D. DO NOT DELETE YET,0,0,0,0,0,0,C:/Users/田尻大翔/Documents/UnityProjects/DesertLoop,5a004e294713789a1f6642ca56b3b5c9bc601e57,e6dc6acf0227382cc94398e6c1d36f716ff3bbb0,Only matching tracked subset verified; untracked/modified/ignored files NOT saved by path inclusion
C:/Users/田尻大翔/Documents/UnityProjects/DesertLoop/Logs/GateAArtFixV21,D/Logs/GateAArtFixV21,D. DO NOT DELETE YET,0,0,0,0,0,0,C:/Users/田尻大翔/Documents/UnityProjects/DesertLoop,5a004e294713789a1f6642ca56b3b5c9bc601e57,e6dc6acf0227382cc94398e6c1d36f716ff3bbb0,Only matching tracked subset verified; untracked/modified/ignored files NOT saved by path inclusion
C:/Users/田尻大翔/.codex/visualizations/2026/08/08/019fdfa3-5ee1-7911-8a24-63282af5bae4/deck-review-0824,VH/deck-review-0824,D. DO NOT DELETE YET,N/A,N/A,N/A,N/A,N/A,N/A,None (may contain nested repos),N/A,N/A,Not asserted; parent can contain nested repositories/local-only work
C:/Users/田尻大翔/Documents/Codex/2026-08-07/new-chat/outputs/HimoHitoPrototype/Docs/QA/CheckpointMergedBridgeFix_20260930,H/Docs/QA/CheckpointMergedBridgeFix_20260930,A. KEEP,48,0,0,48,48,48,C:/Users/田尻大翔/Documents/Codex/2026-08-07/new-chat/outputs/HimoHitoPrototype,702a4bc044b0eb35bedb552753ca8495599bc1ee,702a4bc044b0eb35bedb552753ca8495599bc1ee,Only matching tracked subset verified; untracked/modified/ignored files NOT saved by path inclusion
C:/Users/田尻大翔/Documents/Codex/2026-08-07/new-chat/outputs/HimoHitoPrototype/Docs/QA/CheckpointMergedBridgeRepro_20260930,H/Docs/QA/CheckpointMergedBridgeRepro_20260930,A. KEEP,36,0,0,36,36,36,C:/Users/田尻大翔/Documents/Codex/2026-08-07/new-chat/outputs/HimoHitoPrototype,702a4bc044b0eb35bedb552753ca8495599bc1ee,702a4bc044b0eb35bedb552753ca8495599bc1ee,Only matching tracked subset verified; untracked/modified/ignored files NOT saved by path inclusion
C:/Users/田尻大翔/Documents/Codex/2026-08-07/new-chat/outputs/HimoHitoPrototype/.codex_tmp/manual_0919,H/.codex_tmp/manual_0919,D. DO NOT DELETE YET,0,0,0,0,0,0,C:/Users/田尻大翔/Documents/Codex/2026-08-07/new-chat/outputs/HimoHitoPrototype,702a4bc044b0eb35bedb552753ca8495599bc1ee,702a4bc044b0eb35bedb552753ca8495599bc1ee,Only matching tracked subset verified; untracked/modified/ignored files NOT saved by path inclusion
C:/Users/田尻大翔/Documents/Codex/2026-08-07/new-chat/outputs/HimoHitoPrototype/.codex_tmp/DocsFinalCheckpoint_20261001,H/.codex_tmp/DocsFinalCheckpoint_20261001,A. KEEP,0,0,0,0,0,0,C:/Users/田尻大翔/Documents/Codex/2026-08-07/new-chat/outputs/HimoHitoPrototype,702a4bc044b0eb35bedb552753ca8495599bc1ee,702a4bc044b0eb35bedb552753ca8495599bc1ee,Only matching tracked subset verified; untracked/modified/ignored files NOT saved by path inclusion
C:/Users/田尻大翔/.codex/visualizations/2026/08/08/019fdfa3-5ee1-7911-8a24-63282af5bae4/himohito-review-audit,VH/himohito-review-audit,D. DO NOT DELETE YET,N/A,N/A,N/A,N/A,N/A,N/A,None (may contain nested repos),N/A,N/A,Not asserted; parent can contain nested repositories/local-only work
C:/Users/田尻大翔/Documents/UnityProjects/DesertLoop/Logs/VisualRedesign_20260920,D/Logs/VisualRedesign_20260920,D. DO NOT DELETE YET,0,0,0,0,0,0,C:/Users/田尻大翔/Documents/UnityProjects/DesertLoop,5a004e294713789a1f6642ca56b3b5c9bc601e57,e6dc6acf0227382cc94398e6c1d36f716ff3bbb0,Only matching tracked subset verified; untracked/modified/ignored files NOT saved by path inclusion
C:/Users/田尻大翔/.codex/visualizations/2026/08/08/019fdfa3-5ee1-7911-8a24-63282af5bae4/video-review,VH/video-review,D. DO NOT DELETE YET,N/A,N/A,N/A,N/A,N/A,N/A,None (may contain nested repos),N/A,N/A,Not asserted; parent can contain nested repositories/local-only work
C:/Users/田尻大翔/.codex/visualizations/2026/08/08/019fdfa3-5ee1-7911-8a24-63282af5bae4/ppt-render,VH/ppt-render,D. DO NOT DELETE YET,N/A,N/A,N/A,N/A,N/A,N/A,None (may contain nested repos),N/A,N/A,Not asserted; parent can contain nested repositories/local-only work
C:/Users/田尻大翔/.codex/visualizations/2026/08/08/019fdfa3-5ee1-7911-8a24-63282af5bae4/ppt-review-third,VH/ppt-review-third,D. DO NOT DELETE YET,N/A,N/A,N/A,N/A,N/A,N/A,None (may contain nested repos),N/A,N/A,Not asserted; parent can contain nested repositories/local-only work
C:/Users/田尻大翔/Documents/Codex/2026-08-07/new-chat/outputs/HimoHitoPrototype/output/manual,H/output/manual,A. KEEP,0,1,0,0,0,0,C:/Users/田尻大翔/Documents/Codex/2026-08-07/new-chat/outputs/HimoHitoPrototype,702a4bc044b0eb35bedb552753ca8495599bc1ee,702a4bc044b0eb35bedb552753ca8495599bc1ee,Only matching tracked subset verified; untracked/modified/ignored files NOT saved by path inclusion
C:/Users/田尻大翔/.codex/sqlite,C/sqlite,A. KEEP,N/A,N/A,N/A,N/A,N/A,N/A,None (may contain nested repos),N/A,N/A,Not asserted; parent can contain nested repositories/local-only work
C:/Users/田尻大翔/Documents/Codex/2026-08-07/new-chat/outputs/HimoHitoPrototype/Docs/QA/MainStageSceneDiffAudit_20261001,H/Docs/QA/MainStageSceneDiffAudit_20261001,A. KEEP,68,1,0,68,68,68,C:/Users/田尻大翔/Documents/Codex/2026-08-07/new-chat/outputs/HimoHitoPrototype,702a4bc044b0eb35bedb552753ca8495599bc1ee,702a4bc044b0eb35bedb552753ca8495599bc1ee,Only matching tracked subset verified; untracked/modified/ignored files NOT saved by path inclusion
C:/Users/田尻大翔/Documents/Codex/2026-08-07/new-chat/outputs/HimoHitoPrototype/Builds/SubmissionDocs,H/Builds/SubmissionDocs,A. KEEP,0,0,0,0,0,0,C:/Users/田尻大翔/Documents/Codex/2026-08-07/new-chat/outputs/HimoHitoPrototype,702a4bc044b0eb35bedb552753ca8495599bc1ee,702a4bc044b0eb35bedb552753ca8495599bc1ee,Only matching tracked subset verified; untracked/modified/ignored files NOT saved by path inclusion
C:/Users/田尻大翔/Documents/UnityProjects/DesertLoop/Logs/M5RouteGraybox,D/Logs/M5RouteGraybox,D. DO NOT DELETE YET,0,0,0,0,0,0,C:/Users/田尻大翔/Documents/UnityProjects/DesertLoop,5a004e294713789a1f6642ca56b3b5c9bc601e57,e6dc6acf0227382cc94398e6c1d36f716ff3bbb0,Only matching tracked subset verified; untracked/modified/ignored files NOT saved by path inclusion
C:/Users/田尻大翔/.codex/visualizations/2026/08/08/019fdfa3-5ee1-7911-8a24-63282af5bae4/client-screenshots-2026-08-24,VH/client-screenshots-2026-08-24,D. DO NOT DELETE YET,N/A,N/A,N/A,N/A,N/A,N/A,None (may contain nested repos),N/A,N/A,Not asserted; parent can contain nested repositories/local-only work
C:/Users/田尻大翔/.codex/attachments,C/attachments,A. KEEP,N/A,N/A,N/A,N/A,N/A,N/A,None (may contain nested repos),N/A,N/A,Not asserted; parent can contain nested repositories/local-only work
C:/Users/田尻大翔/Documents/Codex/2026-08-07/new-chat/outputs/HimoHitoPrototype/output/pdf,H/output/pdf,A. KEEP,0,1,0,0,0,0,C:/Users/田尻大翔/Documents/Codex/2026-08-07/new-chat/outputs/HimoHitoPrototype,702a4bc044b0eb35bedb552753ca8495599bc1ee,702a4bc044b0eb35bedb552753ca8495599bc1ee,Only matching tracked subset verified; untracked/modified/ignored files NOT saved by path inclusion
C:/Users/田尻大翔/Documents/UnityProjects/DesertLoop/Logs/PlayWorkflow_20260920,D/Logs/PlayWorkflow_20260920,D. DO NOT DELETE YET,0,0,0,0,0,0,C:/Users/田尻大翔/Documents/UnityProjects/DesertLoop,5a004e294713789a1f6642ca56b3b5c9bc601e57,e6dc6acf0227382cc94398e6c1d36f716ff3bbb0,Only matching tracked subset verified; untracked/modified/ignored files NOT saved by path inclusion
C:/Users/田尻大翔/Documents/Codex/2026-08-07/new-chat/outputs/HimoHitoPrototype/Logs,H/Logs,D. DO NOT DELETE YET,0,0,0,0,0,0,C:/Users/田尻大翔/Documents/Codex/2026-08-07/new-chat/outputs/HimoHitoPrototype,702a4bc044b0eb35bedb552753ca8495599bc1ee,702a4bc044b0eb35bedb552753ca8495599bc1ee,Only matching tracked subset verified; untracked/modified/ignored files NOT saved by path inclusion
C:/Users/田尻大翔/.codex/visualizations/2026/08/08/019fdfa3-5ee1-7911-8a24-63282af5bae4/video-review-new,VH/video-review-new,D. DO NOT DELETE YET,N/A,N/A,N/A,N/A,N/A,N/A,None (may contain nested repos),N/A,N/A,Not asserted; parent can contain nested repositories/local-only work
C:/Users/田尻大翔/Documents/Codex/2026-08-07/new-chat/outputs/HimoHitoPrototype/Docs/QA/HumanPlaytest_20260930,H/Docs/QA/HumanPlaytest_20260930,A. KEEP,0,17,0,0,0,0,C:/Users/田尻大翔/Documents/Codex/2026-08-07/new-chat/outputs/HimoHitoPrototype,702a4bc044b0eb35bedb552753ca8495599bc1ee,702a4bc044b0eb35bedb552753ca8495599bc1ee,Only matching tracked subset verified; untracked/modified/ignored files NOT saved by path inclusion
C:/Users/田尻大翔/Documents/UnityProjects/DesertLoop/Logs/GateABackgroundCoverageV2,D/Logs/GateABackgroundCoverageV2,D. DO NOT DELETE YET,0,0,0,0,0,0,C:/Users/田尻大翔/Documents/UnityProjects/DesertLoop,5a004e294713789a1f6642ca56b3b5c9bc601e57,e6dc6acf0227382cc94398e6c1d36f716ff3bbb0,Only matching tracked subset verified; untracked/modified/ignored files NOT saved by path inclusion
C:/Users/田尻大翔/Documents/UnityProjects/DesertLoop/Logs/GateA2DShiftValidation,D/Logs/GateA2DShiftValidation,D. DO NOT DELETE YET,0,0,0,0,0,0,C:/Users/田尻大翔/Documents/UnityProjects/DesertLoop,5a004e294713789a1f6642ca56b3b5c9bc601e57,e6dc6acf0227382cc94398e6c1d36f716ff3bbb0,Only matching tracked subset verified; untracked/modified/ignored files NOT saved by path inclusion
C:/Users/田尻大翔/Documents/UnityProjects/DesertLoop/Logs/ArtKnowledge,D/Logs/ArtKnowledge,D. DO NOT DELETE YET,0,0,0,0,0,0,C:/Users/田尻大翔/Documents/UnityProjects/DesertLoop,5a004e294713789a1f6642ca56b3b5c9bc601e57,e6dc6acf0227382cc94398e6c1d36f716ff3bbb0,Only matching tracked subset verified; untracked/modified/ignored files NOT saved by path inclusion
C:/Users/田尻大翔/Documents/UnityProjects/DesertLoop/Logs/PlaySceneRestore_20260920,D/Logs/PlaySceneRestore_20260920,D. DO NOT DELETE YET,0,0,0,0,0,0,C:/Users/田尻大翔/Documents/UnityProjects/DesertLoop,5a004e294713789a1f6642ca56b3b5c9bc601e57,e6dc6acf0227382cc94398e6c1d36f716ff3bbb0,Only matching tracked subset verified; untracked/modified/ignored files NOT saved by path inclusion
C:/Users/田尻大翔/Documents/UnityProjects/DesertLoop/Logs/M5AuthoringWorkflow_20260920,D/Logs/M5AuthoringWorkflow_20260920,D. DO NOT DELETE YET,0,0,0,0,0,0,C:/Users/田尻大翔/Documents/UnityProjects/DesertLoop,5a004e294713789a1f6642ca56b3b5c9bc601e57,e6dc6acf0227382cc94398e6c1d36f716ff3bbb0,Only matching tracked subset verified; untracked/modified/ignored files NOT saved by path inclusion
C:/Users/田尻大翔/.codex/skills,C/skills,A. KEEP,N/A,N/A,N/A,N/A,N/A,N/A,None (may contain nested repos),N/A,N/A,Not asserted; parent can contain nested repositories/local-only work
C:/Users/田尻大翔/Documents/UnityProjects/DesertLoop/Logs/L2FarCommonMaster_MethodProof_CodexReview_v1_20260927,D/Logs/L2FarCommonMaster_MethodProof_CodexReview_v1_20260927,D. DO NOT DELETE YET,0,0,0,0,0,0,C:/Users/田尻大翔/Documents/UnityProjects/DesertLoop,5a004e294713789a1f6642ca56b3b5c9bc601e57,e6dc6acf0227382cc94398e6c1d36f716ff3bbb0,Only matching tracked subset verified; untracked/modified/ignored files NOT saved by path inclusion
C:/Users/田尻大翔/.codex/visualizations/2026/09/12/01a095fe-94f6-7783-a93d-497f16bab356/FREEZE,V/FREEZE,A. KEEP,N/A,N/A,N/A,N/A,N/A,N/A,None (may contain nested repos),N/A,N/A,Not asserted; parent can contain nested repositories/local-only work
C:/Users/田尻大翔/Documents/UnityProjects/DesertLoop/Logs/M5HoleReview_20260920,D/Logs/M5HoleReview_20260920,D. DO NOT DELETE YET,0,0,0,0,0,0,C:/Users/田尻大翔/Documents/UnityProjects/DesertLoop,5a004e294713789a1f6642ca56b3b5c9bc601e57,e6dc6acf0227382cc94398e6c1d36f716ff3bbb0,Only matching tracked subset verified; untracked/modified/ignored files NOT saved by path inclusion
C:/Users/田尻大翔/Documents/UnityProjects/DesertLoop/UserSettings,D/UserSettings,A. KEEP,0,0,0,0,0,0,C:/Users/田尻大翔/Documents/UnityProjects/DesertLoop,5a004e294713789a1f6642ca56b3b5c9bc601e57,e6dc6acf0227382cc94398e6c1d36f716ff3bbb0,Only matching tracked subset verified; untracked/modified/ignored files NOT saved by path inclusion
C:/Users/田尻大翔/Documents/Codex/2026-08-07/new-chat/outputs/HimoHitoPrototype/UserSettings,H/UserSettings,A. KEEP,0,0,0,0,0,0,C:/Users/田尻大翔/Documents/Codex/2026-08-07/new-chat/outputs/HimoHitoPrototype,702a4bc044b0eb35bedb552753ca8495599bc1ee,702a4bc044b0eb35bedb552753ca8495599bc1ee,Only matching tracked subset verified; untracked/modified/ignored files NOT saved by path inclusion
C:/Users/田尻大翔/Documents/Codex/2026-08-07/new-chat/outputs/HimoHitoPrototype/Docs/Archive,H/Docs/Archive,A. KEEP,5,0,0,5,5,5,C:/Users/田尻大翔/Documents/Codex/2026-08-07/new-chat/outputs/HimoHitoPrototype,702a4bc044b0eb35bedb552753ca8495599bc1ee,702a4bc044b0eb35bedb552753ca8495599bc1ee,Only matching tracked subset verified; untracked/modified/ignored files NOT saved by path inclusion
C:/Users/田尻大翔/Documents/Codex/2026-08-07/new-chat/outputs/HimoHitoPrototype/Docs/Archive/SubmissionScene_20260911,H/Docs/Archive/SubmissionScene_20260911,A. KEEP,5,0,0,5,5,5,C:/Users/田尻大翔/Documents/Codex/2026-08-07/new-chat/outputs/HimoHitoPrototype,702a4bc044b0eb35bedb552753ca8495599bc1ee,702a4bc044b0eb35bedb552753ca8495599bc1ee,Only matching tracked subset verified; untracked/modified/ignored files NOT saved by path inclusion
C:/Users/田尻大翔/.codex/visualizations/2026/09/12/01a095fe-94f6-7783-a93d-497f16bab356/LTS,V/LTS,D. DO NOT DELETE YET,N/A,N/A,N/A,N/A,N/A,N/A,None (may contain nested repos),N/A,N/A,Not asserted; parent can contain nested repositories/local-only work
C:/Users/田尻大翔/Documents/Codex/2026-08-07/new-chat/outputs/HimoHitoPrototype/.codex_tmp/Tutorial2p5D_20261001,H/.codex_tmp/Tutorial2p5D_20261001,D. DO NOT DELETE YET,0,0,0,0,0,0,C:/Users/田尻大翔/Documents/Codex/2026-08-07/new-chat/outputs/HimoHitoPrototype,702a4bc044b0eb35bedb552753ca8495599bc1ee,702a4bc044b0eb35bedb552753ca8495599bc1ee,Only matching tracked subset verified; untracked/modified/ignored files NOT saved by path inclusion
C:/Users/田尻大翔/Documents/UnityProjects/DesertLoop/ProjectSettings,D/ProjectSettings,A. KEEP,25,1,2,25,25,23,C:/Users/田尻大翔/Documents/UnityProjects/DesertLoop,5a004e294713789a1f6642ca56b3b5c9bc601e57,e6dc6acf0227382cc94398e6c1d36f716ff3bbb0,Only matching tracked subset verified; untracked/modified/ignored files NOT saved by path inclusion
C:/Users/田尻大翔/Documents/Codex/2026-08-07/new-chat/outputs/HimoHitoPrototype/ProjectSettings,H/ProjectSettings,A. KEEP,22,0,0,22,22,22,C:/Users/田尻大翔/Documents/Codex/2026-08-07/new-chat/outputs/HimoHitoPrototype,702a4bc044b0eb35bedb552753ca8495599bc1ee,702a4bc044b0eb35bedb552753ca8495599bc1ee,Only matching tracked subset verified; untracked/modified/ignored files NOT saved by path inclusion
C:/Users/田尻大翔/.codex/visualizations/2026/09/12/01a095fe-94f6-7783-a93d-497f16bab356/MOA,V/MOA,D. DO NOT DELETE YET,N/A,N/A,N/A,N/A,N/A,N/A,None (may contain nested repos),N/A,N/A,Not asserted; parent can contain nested repositories/local-only work
C:/Users/田尻大翔/Documents/UnityProjects/DesertLoop/Tools,D/Tools,A. KEEP,5,0,0,5,5,5,C:/Users/田尻大翔/Documents/UnityProjects/DesertLoop,5a004e294713789a1f6642ca56b3b5c9bc601e57,e6dc6acf0227382cc94398e6c1d36f716ff3bbb0,Only matching tracked subset verified; untracked/modified/ignored files NOT saved by path inclusion
C:/Users/田尻大翔/.codex/visualizations/2026/09/12/01a095fe-94f6-7783-a93d-497f16bab356/RootCauseAuditTools,V/RootCauseAuditTools,D. DO NOT DELETE YET,N/A,N/A,N/A,N/A,N/A,N/A,None (may contain nested repos),N/A,N/A,Not asserted; parent can contain nested repositories/local-only work
C:/Users/田尻大翔/Documents/UnityProjects/DesertLoop/Packages,D/Packages,A. KEEP,2,0,0,2,2,2,C:/Users/田尻大翔/Documents/UnityProjects/DesertLoop,5a004e294713789a1f6642ca56b3b5c9bc601e57,e6dc6acf0227382cc94398e6c1d36f716ff3bbb0,Only matching tracked subset verified; untracked/modified/ignored files NOT saved by path inclusion
C:/Users/田尻大翔/.codex/ambient-suggestions,C/ambient-suggestions,A. KEEP,N/A,N/A,N/A,N/A,N/A,N/A,None (may contain nested repos),N/A,N/A,Not asserted; parent can contain nested repositories/local-only work
C:/Users/田尻大翔/Documents/UnityProjects/DesertLoop/.vscode,D/.vscode,A. KEEP,0,0,0,0,0,0,C:/Users/田尻大翔/Documents/UnityProjects/DesertLoop,5a004e294713789a1f6642ca56b3b5c9bc601e57,e6dc6acf0227382cc94398e6c1d36f716ff3bbb0,Only matching tracked subset verified; untracked/modified/ignored files NOT saved by path inclusion
C:/Users/田尻大翔/.codex/vendor_imports,C/vendor_imports,A. KEEP,N/A,N/A,N/A,N/A,N/A,N/A,None (may contain nested repos),N/A,N/A,Not asserted; parent can contain nested repositories/local-only work
C:/Users/田尻大翔/Documents/Codex/2026-08-07/new-chat/outputs/HimoHitoPrototype/Packages,H/Packages,A. KEEP,2,0,0,2,2,2,C:/Users/田尻大翔/Documents/Codex/2026-08-07/new-chat/outputs/HimoHitoPrototype,702a4bc044b0eb35bedb552753ca8495599bc1ee,702a4bc044b0eb35bedb552753ca8495599bc1ee,Only matching tracked subset verified; untracked/modified/ignored files NOT saved by path inclusion
C:/Users/田尻大翔/.codex/tmp,C/tmp,A. KEEP,N/A,N/A,N/A,N/A,N/A,N/A,None (may contain nested repos),N/A,N/A,Not asserted; parent can contain nested repositories/local-only work
C:/Users/田尻大翔/.codex/computer-use,C/computer-use,A. KEEP,N/A,N/A,N/A,N/A,N/A,N/A,None (may contain nested repos),N/A,N/A,Not asserted; parent can contain nested repositories/local-only work
C:/Users/田尻大翔/.codex/visualizations/2026/08/08/019fdfa3-5ee1-7911-8a24-63282af5bae4/ppt-inspect,VH/ppt-inspect,D. DO NOT DELETE YET,N/A,N/A,N/A,N/A,N/A,N/A,None (may contain nested repos),N/A,N/A,Not asserted; parent can contain nested repositories/local-only work
C:/Users/田尻大翔/Documents/Codex/2026-08-07/new-chat/outputs/HimoHitoPrototype/Temp,H/Temp,D. DO NOT DELETE YET,0,0,0,0,0,0,C:/Users/田尻大翔/Documents/Codex/2026-08-07/new-chat/outputs/HimoHitoPrototype,702a4bc044b0eb35bedb552753ca8495599bc1ee,702a4bc044b0eb35bedb552753ca8495599bc1ee,Only matching tracked subset verified; untracked/modified/ignored files NOT saved by path inclusion
C:/Users/田尻大翔/.codex/process_manager,C/process_manager,A. KEEP,N/A,N/A,N/A,N/A,N/A,N/A,None (may contain nested repos),N/A,N/A,Not asserted; parent can contain nested repositories/local-only work
C:/Users/田尻大翔/Documents/UnityProjects/DesertLoop/tmp,D/tmp,A. KEEP,0,0,0,0,0,0,C:/Users/田尻大翔/Documents/UnityProjects/DesertLoop,5a004e294713789a1f6642ca56b3b5c9bc601e57,e6dc6acf0227382cc94398e6c1d36f716ff3bbb0,Only matching tracked subset verified; untracked/modified/ignored files NOT saved by path inclusion
C:/Users/田尻大翔/.codex/code-review-plugin,C/code-review-plugin,A. KEEP,N/A,N/A,N/A,N/A,N/A,N/A,None (may contain nested repos),N/A,N/A,Not asserted; parent can contain nested repositories/local-only work
C:/Users/田尻大翔/.codex/dictation-history,C/dictation-history,A. KEEP,N/A,N/A,N/A,N/A,N/A,N/A,None (may contain nested repos),N/A,N/A,Not asserted; parent can contain nested repositories/local-only work
C:/Users/田尻大翔/.codex/pets,C/pets,A. KEEP,N/A,N/A,N/A,N/A,N/A,N/A,None (may contain nested repos),N/A,N/A,Not asserted; parent can contain nested repositories/local-only work
C:/Users/田尻大翔/.codex/thread-writer-locks,C/thread-writer-locks,A. KEEP,N/A,N/A,N/A,N/A,N/A,N/A,None (may contain nested repos),N/A,N/A,Not asserted; parent can contain nested repositories/local-only work
C:/Users/田尻大翔/.codex/rollout-migrations,C/rollout-migrations,A. KEEP,N/A,N/A,N/A,N/A,N/A,N/A,None (may contain nested repos),N/A,N/A,Not asserted; parent can contain nested repositories/local-only work
C:/Users/田尻大翔/.codex/node_repl,C/node_repl,A. KEEP,N/A,N/A,N/A,N/A,N/A,N/A,None (may contain nested repos),N/A,N/A,Not asserted; parent can contain nested repositories/local-only work
C:/Users/田尻大翔/.codex/archived_sessions,C/archived_sessions,A. KEEP,N/A,N/A,N/A,N/A,N/A,N/A,None (may contain nested repos),N/A,N/A,Not asserted; parent can contain nested repositories/local-only work
C:/Users/田尻大翔/Documents/Codex,DC,A. KEEP,N/A,N/A,N/A,N/A,N/A,N/A,None (may contain nested repos),N/A,N/A,Not asserted; parent can contain nested repositories/local-only work
C:/Users/田尻大翔/Documents/Codex/2026-08-07/new-chat,DC/2026-08-07/new-chat,A. KEEP,N/A,N/A,N/A,N/A,N/A,N/A,None (may contain nested repos),N/A,N/A,Not asserted; parent can contain nested repositories/local-only work
C:/Users/田尻大翔/Documents/Codex/2026-08-07,DC/2026-08-07,A. KEEP,N/A,N/A,N/A,N/A,N/A,N/A,None (may contain nested repos),N/A,N/A,Not asserted; parent can contain nested repositories/local-only work
C:/Users/田尻大翔/Documents/Codex/2026-08-07/new-chat/outputs,DC/2026-08-07/new-chat/outputs,A. KEEP,N/A,N/A,N/A,N/A,N/A,N/A,None (may contain nested repos),N/A,N/A,Not asserted; parent can contain nested repositories/local-only work
C:/Users/田尻大翔/.codex/visualizations/2026/09/12,C/visualizations/2026/09/12,A. KEEP,N/A,N/A,N/A,N/A,N/A,N/A,None (may contain nested repos),N/A,N/A,Not asserted; parent can contain nested repositories/local-only work
C:/Users/田尻大翔/.codex/visualizations/2026/09,C/visualizations/2026/09,A. KEEP,N/A,N/A,N/A,N/A,N/A,N/A,None (may contain nested repos),N/A,N/A,Not asserted; parent can contain nested repositories/local-only work
C:/Users/田尻大翔/.codex/sessions/2026/09,C/sessions/2026/09,A. KEEP,N/A,N/A,N/A,N/A,N/A,N/A,None (may contain nested repos),N/A,N/A,Not asserted; parent can contain nested repositories/local-only work
C:/Users/田尻大翔/.codex/sessions/2026/08,C/sessions/2026/08,A. KEEP,N/A,N/A,N/A,N/A,N/A,N/A,None (may contain nested repos),N/A,N/A,Not asserted; parent can contain nested repositories/local-only work
C:/Users/田尻大翔/.codex/sessions/2026/08/08,C/sessions/2026/08/08,A. KEEP,N/A,N/A,N/A,N/A,N/A,N/A,None (may contain nested repos),N/A,N/A,Not asserted; parent can contain nested repositories/local-only work
C:/Users/田尻大翔/Documents/Codex/2026-08-07/new-chat/outputs/HimoHitoPrototype/.codex_tmp/MainStageCleanReproduction_20261001/DeterministicAB_20261001_154205,H/.codex_tmp/MainStageCleanReproduction_20261001/DeterministicAB_20261001_154205,C. PROBABLY SAFE,0,0,0,0,0,0,C:/Users/田尻大翔/Documents/Codex/2026-08-07/new-chat/outputs/HimoHitoPrototype,702a4bc044b0eb35bedb552753ca8495599bc1ee,702a4bc044b0eb35bedb552753ca8495599bc1ee,Only matching tracked subset verified; untracked/modified/ignored files NOT saved by path inclusion
C:/Users/田尻大翔/.codex/visualizations/2026/09/12/01a095fe-94f6-7783-a93d-497f16bab356/UDF2/Source,V/UDF2/Source,D. DO NOT DELETE YET,4659,84,0,4659,4659,4659,C:/Users/田尻大翔/.codex/visualizations/2026/09/12/01a095fe-94f6-7783-a93d-497f16bab356/UDF2/Source,e6dc6acf0227382cc94398e6c1d36f716ff3bbb0,e6dc6acf0227382cc94398e6c1d36f716ff3bbb0,Only matching tracked subset verified; untracked/modified/ignored files NOT saved by path inclusion
C:/Users/田尻大翔/.codex/visualizations/2026/09/12/01a095fe-94f6-7783-a93d-497f16bab356/UDF2/Source/Docs,V/UDF2/Source/Docs,D. DO NOT DELETE YET,4167,84,0,4167,4167,4167,C:/Users/田尻大翔/.codex/visualizations/2026/09/12/01a095fe-94f6-7783-a93d-497f16bab356/UDF2/Source,e6dc6acf0227382cc94398e6c1d36f716ff3bbb0,e6dc6acf0227382cc94398e6c1d36f716ff3bbb0,Only matching tracked subset verified; untracked/modified/ignored files NOT saved by path inclusion
C:/Users/田尻大翔/.codex/visualizations/2026/09/12/01a095fe-94f6-7783-a93d-497f16bab356/UDF2/Source/Docs/ArtReview,V/UDF2/Source/Docs/ArtReview,D. DO NOT DELETE YET,3621,84,0,3621,3621,3621,C:/Users/田尻大翔/.codex/visualizations/2026/09/12/01a095fe-94f6-7783-a93d-497f16bab356/UDF2/Source,e6dc6acf0227382cc94398e6c1d36f716ff3bbb0,e6dc6acf0227382cc94398e6c1d36f716ff3bbb0,Only matching tracked subset verified; untracked/modified/ignored files NOT saved by path inclusion
