path,bytes,sha256,local_path,evidence_role,reason,observed_bytes,observed_sha256,sha_matches_freeze,classification,regenerable,deletion_condition
Docs/ArtReview/Proof2_ResponseCalibration_20260930/Evidence/CameraA/MainArtLinear.rgba32f,33177600,7d8b8d58811edd259a1665af526d689179c12ce1f7fbb8c22a3bd2ef81b643bc,C:\Users\田尻大翔\.codex\visualizations\2026\09\12\01a095fe-94f6-7783-a93d-497f16bab356\UDF2\Source\Docs\ArtReview\Proof2_ResponseCalibration_20260930\Evidence\CameraA\MainArtLinear.rgba32f,GPU float readback / MainArtLinear,Regenerable raw dump; 2.787 GB aggregate excluded from Git per freeze instruction; original retained unchanged,33177600,7D8B8D58811EDD259A1665AF526D689179C12CE1F7FBB8C22A3BD2EF81B643BC,True,D. DO NOT DELETE YET,再撮影手順/派生CSV PNGはGitHub保存。GPU/環境依存の当時数値byte完全再生成は未保証,凍結再開時のraw再解析が不要かHuman判断し、除外manifestと保存済み派生結果を照合するまで削除非推奨
Docs/ArtReview/Proof2_ResponseCalibration_20260930/Evidence/CameraA/NormalId.rgba32f,33177600,2d5d11e67aeb17a86152fda58a63d9cb4cf1b4566800db988b5e2fd3f8e6048b,C:\Users\田尻大翔\.codex\visualizations\2026\09\12\01a095fe-94f6-7783-a93d-497f16bab356\UDF2\Source\Docs\ArtReview\Proof2_ResponseCalibration_20260930\Evidence\CameraA\NormalId.rgba32f,GPU float readback / NormalId,Regenerable raw dump; 2.787 GB aggregate excluded from Git per freeze instruction; original retained unchanged,33177600,2D5D11E67AEB17A86152FDA58A63D9CB4CF1B4566800DB988B5E2FD3F8E6048B,True,D. DO NOT DELETE YET,再撮影手順/派生CSV PNGはGitHub保存。GPU/環境依存の当時数値byte完全再生成は未保証,凍結再開時のraw再解析が不要かHuman判断し、除外manifestと保存済み派生結果を照合するまで削除非推奨
Docs/ArtReview/Proof2_ResponseCalibration_20260930/Evidence/CameraA/ShadowNdotL.rgba32f,33177600,b54841808edb15b33d18094f8949bd15781b7840bbd2ff81e343f7f5d4b6e835,C:\Users\田尻大翔\.codex\visualizations\2026\09\12\01a095fe-94f6-7783-a93d-497f16bab356\UDF2\Source\Docs\ArtReview\Proof2_ResponseCalibration_20260930\Evidence\CameraA\ShadowNdotL.rgba32f,GPU float readback / ShadowNdotL,Regenerable raw dump; 2.787 GB aggregate excluded from Git per freeze instruction; original retained unchanged,33177600,B54841808EDB15B33D18094F8949BD15781B7840BBD2FF81E343F7F5D4B6E835,True,D. DO NOT DELETE YET,再撮影手順/派生CSV PNGはGitHub保存。GPU/環境依存の当時数値byte完全再生成は未保証,凍結再開時のraw再解析が不要かHuman判断し、除外manifestと保存済み派生結果を照合するまで削除非推奨
Docs/ArtReview/Proof2_ResponseCalibration_20260930/Evidence/CameraA/WorldDepth.rgba32f,33177600,47a731c46750e75213260cb362c5e8af7e02c8d5a439b89b9358be8308a0e3b5,C:\Users\田尻大翔\.codex\visualizations\2026\09\12\01a095fe-94f6-7783-a93d-497f16bab356\UDF2\Source\Docs\ArtReview\Proof2_ResponseCalibration_20260930\Evidence\CameraA\WorldDepth.rgba32f,GPU float readback / WorldDepth,Regenerable raw dump; 2.787 GB aggregate excluded from Git per freeze instruction; original retained unchanged,33177600,47A731C46750E75213260CB362C5E8AF7E02C8D5A439B89B9358BE8308A0E3B5,True,D. DO NOT DELETE YET,再撮影手順/派生CSV PNGはGitHub保存。GPU/環境依存の当時数値byte完全再生成は未保証,凍結再開時のraw再解析が不要かHuman判断し、除外manifestと保存済み派生結果を照合するまで削除非推奨
Docs/ArtReview/Proof2_ResponseCalibration_20260930/Evidence/CameraB/MainArtLinear.rgba32f,33177600,f8e8a82c554992fad959dea1e2556f4d8f390bc4f89b6a3241c00f46aa1cc9e2,C:\Users\田尻大翔\.codex\visualizations\2026\09\12\01a095fe-94f6-7783-a93d-497f16bab356\UDF2\Source\Docs\ArtReview\Proof2_ResponseCalibration_20260930\Evidence\CameraB\MainArtLinear.rgba32f,GPU float readback / MainArtLinear,Regenerable raw dump; 2.787 GB aggregate excluded from Git per freeze instruction; original retained unchanged,33177600,F8E8A82C554992FAD959DEA1E2556F4D8F390BC4F89B6A3241C00F46AA1CC9E2,True,D. DO NOT DELETE YET,再撮影手順/派生CSV PNGはGitHub保存。GPU/環境依存の当時数値byte完全再生成は未保証,凍結再開時のraw再解析が不要かHuman判断し、除外manifestと保存済み派生結果を照合するまで削除非推奨
Docs/ArtReview/Proof2_ResponseCalibration_20260930/Evidence/CameraB/NormalId.rgba32f,33177600,1f6e4ddb15743812acf43fa5b9d0a172695405f6902896685a228ab4a606fc01,C:\Users\田尻大翔\.codex\visualizations\2026\09\12\01a095fe-94f6-7783-a93d-497f16bab356\UDF2\Source\Docs\ArtReview\Proof2_ResponseCalibration_20260930\Evidence\CameraB\NormalId.rgba32f,GPU float readback / NormalId,Regenerable raw dump; 2.787 GB aggregate excluded from Git per freeze instruction; original retained unchanged,33177600,1F6E4DDB15743812ACF43FA5B9D0A172695405F6902896685A228AB4A606FC01,True,D. DO NOT DELETE YET,再撮影手順/派生CSV PNGはGitHub保存。GPU/環境依存の当時数値byte完全再生成は未保証,凍結再開時のraw再解析が不要かHuman判断し、除外manifestと保存済み派生結果を照合するまで削除非推奨
Docs/ArtReview/Proof2_ResponseCalibration_20260930/Evidence/CameraB/ShadowNdotL.rgba32f,33177600,6c2ff480f0db0a29e68ad82af5f247bd5eda0850d9f4e4cc4f42c897f0707eaf,C:\Users\田尻大翔\.codex\visualizations\2026\09\12\01a095fe-94f6-7783-a93d-497f16bab356\UDF2\Source\Docs\ArtReview\Proof2_ResponseCalibration_20260930\Evidence\CameraB\ShadowNdotL.rgba32f,GPU float readback / ShadowNdotL,Regenerable raw dump; 2.787 GB aggregate excluded from Git per freeze instruction; original retained unchanged,33177600,6C2FF480F0DB0A29E68AD82AF5F247BD5EDA0850D9F4E4CC4F42C897F0707EAF,True,D. DO NOT DELETE YET,再撮影手順/派生CSV PNGはGitHub保存。GPU/環境依存の当時数値byte完全再生成は未保証,凍結再開時のraw再解析が不要かHuman判断し、除外manifestと保存済み派生結果を照合するまで削除非推奨
Docs/ArtReview/Proof2_ResponseCalibration_20260930/Evidence/CameraB/WorldDepth.rgba32f,33177600,7c0ac22b286bc7224470e0c967880379f3bddc05eed47ae1fef8819f9a87ce89,C:\Users\田尻大翔\.codex\visualizations\2026\09\12\01a095fe-94f6-7783-a93d-497f16bab356\UDF2\Source\Docs\ArtReview\Proof2_ResponseCalibration_20260930\Evidence\CameraB\WorldDepth.rgba32f,GPU float readback / WorldDepth,Regenerable raw dump; 2.787 GB aggregate excluded from Git per freeze instruction; original retained unchanged,33177600,7C0AC22B286BC7224470E0C967880379F3BDDC05EED47AE1FEF8819F9A87CE89,True,D. DO NOT DELETE YET,再撮影手順/派生CSV PNGはGitHub保存。GPU/環境依存の当時数値byte完全再生成は未保証,凍結再開時のraw再解析が不要かHuman判断し、除外manifestと保存済み派生結果を照合するまで削除非推奨
Docs/ArtReview/Proof2_ColorContractFix_20260930/Evidence/CameraA/NEW_MainArtLinear.rgba32f,33177600,9fef7c578c75b60fe6c69cc0ffd7ec7104cabe156b41b2731781d6394ba5a3da,C:\Users\田尻大翔\.codex\visualizations\2026\09\12\01a095fe-94f6-7783-a93d-497f16bab356\UDF2\Source\Docs\ArtReview\Proof2_ColorContractFix_20260930\Evidence\CameraA\NEW_MainArtLinear.rgba32f,GPU float readback / NEW_MainArtLinear,Regenerable raw dump; 2.787 GB aggregate excluded from Git per freeze instruction; original retained unchanged,33177600,9FEF7C578C75B60FE6C69CC0FFD7EC7104CABE156B41B2731781D6394BA5A3DA,True,D. DO NOT DELETE YET,再撮影手順/派生CSV PNGはGitHub保存。GPU/環境依存の当時数値byte完全再生成は未保証,凍結再開時のraw再解析が不要かHuman判断し、除外manifestと保存済み派生結果を照合するまで削除非推奨
Docs/ArtReview/Proof2_ColorContractFix_20260930/Evidence/CameraA/NEW_NormalId.rgba32f,33177600,4fde5b25336f8bac4d58361d8091ddfddc1820a1ce20987eb61f174189e291f9,C:\Users\田尻大翔\.codex\visualizations\2026\09\12\01a095fe-94f6-7783-a93d-497f16bab356\UDF2\Source\Docs\ArtReview\Proof2_ColorContractFix_20260930\Evidence\CameraA\NEW_NormalId.rgba32f,GPU float readback / NEW_NormalId,Regenerable raw dump; 2.787 GB aggregate excluded from Git per freeze instruction; original retained unchanged,33177600,4FDE5B25336F8BAC4D58361D8091DDFDDC1820A1CE20987EB61F174189E291F9,True,D. DO NOT DELETE YET,再撮影手順/派生CSV PNGはGitHub保存。GPU/環境依存の当時数値byte完全再生成は未保証,凍結再開時のraw再解析が不要かHuman判断し、除外manifestと保存済み派生結果を照合するまで削除非推奨
Docs/ArtReview/Proof2_ColorContractFix_20260930/Evidence/CameraA/NEW_ShadowNdotL.rgba32f,33177600,b54841808edb15b33d18094f8949bd15781b7840bbd2ff81e343f7f5d4b6e835,C:\Users\田尻大翔\.codex\visualizations\2026\09\12\01a095fe-94f6-7783-a93d-497f16bab356\UDF2\Source\Docs\ArtReview\Proof2_ColorContractFix_20260930\Evidence\CameraA\NEW_ShadowNdotL.rgba32f,GPU float readback / NEW_ShadowNdotL,Regenerable raw dump; 2.787 GB aggregate excluded from Git per freeze instruction; original retained unchanged,33177600,B54841808EDB15B33D18094F8949BD15781B7840BBD2FF81E343F7F5D4B6E835,True,D. DO NOT DELETE YET,再撮影手順/派生CSV PNGはGitHub保存。GPU/環境依存の当時数値byte完全再生成は未保証,凍結再開時のraw再解析が不要かHuman判断し、除外manifestと保存済み派生結果を照合するまで削除非推奨
Docs/ArtReview/Proof2_ColorContractFix_20260930/Evidence/CameraA/NEW_WorldDepth.rgba32f,33177600,47a731c46750e75213260cb362c5e8af7e02c8d5a439b89b9358be8308a0e3b5,C:\Users\田尻大翔\.codex\visualizations\2026\09\12\01a095fe-94f6-7783-a93d-497f16bab356\UDF2\Source\Docs\ArtReview\Proof2_ColorContractFix_20260930\Evidence\CameraA\NEW_WorldDepth.rgba32f,GPU float readback / NEW_WorldDepth,Regenerable raw dump; 2.787 GB aggregate excluded from Git per freeze instruction; original retained unchanged,33177600,47A731C46750E75213260CB362C5E8AF7E02C8D5A439B89B9358BE8308A0E3B5,True,D. DO NOT DELETE YET,再撮影手順/派生CSV PNGはGitHub保存。GPU/環境依存の当時数値byte完全再生成は未保証,凍結再開時のraw再解析が不要かHuman判断し、除外manifestと保存済み派生結果を照合するまで削除非推奨
Docs/ArtReview/Proof2_ColorContractFix_20260930/Evidence/CameraA/OLD_MainArtLinear.rgba32f,33177600,7d8b8d58811edd259a1665af526d689179c12ce1f7fbb8c22a3bd2ef81b643bc,C:\Users\田尻大翔\.codex\visualizations\2026\09\12\01a095fe-94f6-7783-a93d-497f16bab356\UDF2\Source\Docs\ArtReview\Proof2_ColorContractFix_20260930\Evidence\CameraA\OLD_MainArtLinear.rgba32f,GPU float readback / OLD_MainArtLinear,Regenerable raw dump; 2.787 GB aggregate excluded from Git per freeze instruction; original retained unchanged,33177600,7D8B8D58811EDD259A1665AF526D689179C12CE1F7FBB8C22A3BD2EF81B643BC,True,D. DO NOT DELETE YET,再撮影手順/派生CSV PNGはGitHub保存。GPU/環境依存の当時数値byte完全再生成は未保証,凍結再開時のraw再解析が不要かHuman判断し、除外manifestと保存済み派生結果を照合するまで削除非推奨
Docs/ArtReview/Proof2_ColorContractFix_20260930/Evidence/CameraA/OLD_NormalId.rgba32f,33177600,2d5d11e67aeb17a86152fda58a63d9cb4cf1b4566800db988b5e2fd3f8e6048b,C:\Users\田尻大翔\.codex\visualizations\2026\09\12\01a095fe-94f6-7783-a93d-497f16bab356\UDF2\Source\Docs\ArtReview\Proof2_ColorContractFix_20260930\Evidence\CameraA\OLD_NormalId.rgba32f,GPU float readback / OLD_NormalId,Regenerable raw dump; 2.787 GB aggregate excluded from Git per freeze instruction; original retained unchanged,33177600,2D5D11E67AEB17A86152FDA58A63D9CB4CF1B4566800DB988B5E2FD3F8E6048B,True,D. DO NOT DELETE YET,再撮影手順/派生CSV PNGはGitHub保存。GPU/環境依存の当時数値byte完全再生成は未保証,凍結再開時のraw再解析が不要かHuman判断し、除外manifestと保存済み派生結果を照合するまで削除非推奨
Docs/ArtReview/Proof2_ColorContractFix_20260930/Evidence/CameraA/OLD_ShadowNdotL.rgba32f,33177600,b54841808edb15b33d18094f8949bd15781b7840bbd2ff81e343f7f5d4b6e835,C:\Users\田尻大翔\.codex\visualizations\2026\09\12\01a095fe-94f6-7783-a93d-497f16bab356\UDF2\Source\Docs\ArtReview\Proof2_ColorContractFix_20260930\Evidence\CameraA\OLD_ShadowNdotL.rgba32f,GPU float readback / OLD_ShadowNdotL,Regenerable raw dump; 2.787 GB aggregate excluded from Git per freeze instruction; original retained unchanged,33177600,B54841808EDB15B33D18094F8949BD15781B7840BBD2FF81E343F7F5D4B6E835,True,D. DO NOT DELETE YET,再撮影手順/派生CSV PNGはGitHub保存。GPU/環境依存の当時数値byte完全再生成は未保証,凍結再開時のraw再解析が不要かHuman判断し、除外manifestと保存済み派生結果を照合するまで削除非推奨
Docs/ArtReview/Proof2_ColorContractFix_20260930/Evidence/CameraA/OLD_WorldDepth.rgba32f,33177600,47a731c46750e75213260cb362c5e8af7e02c8d5a439b89b9358be8308a0e3b5,C:\Users\田尻大翔\.codex\visualizations\2026\09\12\01a095fe-94f6-7783-a93d-497f16bab356\UDF2\Source\Docs\ArtReview\Proof2_ColorContractFix_20260930\Evidence\CameraA\OLD_WorldDepth.rgba32f,GPU float readback / OLD_WorldDepth,Regenerable raw dump; 2.787 GB aggregate excluded from Git per freeze instruction; original retained unchanged,33177600,47A731C46750E75213260CB362C5E8AF7E02C8D5A439B89B9358BE8308A0E3B5,True,D. DO NOT DELETE YET,再撮影手順/派生CSV PNGはGitHub保存。GPU/環境依存の当時数値byte完全再生成は未保証,凍結再開時のraw再解析が不要かHuman判断し、除外manifestと保存済み派生結果を照合するまで削除非推奨
Docs/ArtReview/Proof2_ColorContractFix_20260930/Evidence/CameraB/NEW_MainArtLinear.rgba32f,33177600,e7a53dcb10881071126b035f19fb2963ab8908deca90b336264976632c5f8a90,C:\Users\田尻大翔\.codex\visualizations\2026\09\12\01a095fe-94f6-7783-a93d-497f16bab356\UDF2\Source\Docs\ArtReview\Proof2_ColorContractFix_20260930\Evidence\CameraB\NEW_MainArtLinear.rgba32f,GPU float readback / NEW_MainArtLinear,Regenerable raw dump; 2.787 GB aggregate excluded from Git per freeze instruction; original retained unchanged,33177600,E7A53DCB10881071126B035F19FB2963AB8908DECA90B336264976632C5F8A90,True,D. DO NOT DELETE YET,再撮影手順/派生CSV PNGはGitHub保存。GPU/環境依存の当時数値byte完全再生成は未保証,凍結再開時のraw再解析が不要かHuman判断し、除外manifestと保存済み派生結果を照合するまで削除非推奨
Docs/ArtReview/Proof2_ColorContractFix_20260930/Evidence/CameraB/NEW_NormalId.rgba32f,33177600,1f6e4ddb15743812acf43fa5b9d0a172695405f6902896685a228ab4a606fc01,C:\Users\田尻大翔\.codex\visualizations\2026\09\12\01a095fe-94f6-7783-a93d-497f16bab356\UDF2\Source\Docs\ArtReview\Proof2_ColorContractFix_20260930\Evidence\CameraB\NEW_NormalId.rgba32f,GPU float readback / NEW_NormalId,Regenerable raw dump; 2.787 GB aggregate excluded from Git per freeze instruction; original retained unchanged,33177600,1F6E4DDB15743812ACF43FA5B9D0A172695405F6902896685A228AB4A606FC01,True,D. DO NOT DELETE YET,再撮影手順/派生CSV PNGはGitHub保存。GPU/環境依存の当時数値byte完全再生成は未保証,凍結再開時のraw再解析が不要かHuman判断し、除外manifestと保存済み派生結果を照合するまで削除非推奨
Docs/ArtReview/Proof2_ColorContractFix_20260930/Evidence/CameraB/NEW_ShadowNdotL.rgba32f,33177600,6c2ff480f0db0a29e68ad82af5f247bd5eda0850d9f4e4cc4f42c897f0707eaf,C:\Users\田尻大翔\.codex\visualizations\2026\09\12\01a095fe-94f6-7783-a93d-497f16bab356\UDF2\Source\Docs\ArtReview\Proof2_ColorContractFix_20260930\Evidence\CameraB\NEW_ShadowNdotL.rgba32f,GPU float readback / NEW_ShadowNdotL,Regenerable raw dump; 2.787 GB aggregate excluded from Git per freeze instruction; original retained unchanged,33177600,6C2FF480F0DB0A29E68AD82AF5F247BD5EDA0850D9F4E4CC4F42C897F0707EAF,True,D. DO NOT DELETE YET,再撮影手順/派生CSV PNGはGitHub保存。GPU/環境依存の当時数値byte完全再生成は未保証,凍結再開時のraw再解析が不要かHuman判断し、除外manifestと保存済み派生結果を照合するまで削除非推奨
Docs/ArtReview/Proof2_ColorContractFix_20260930/Evidence/CameraB/NEW_WorldDepth.rgba32f,33177600,7c0ac22b286bc7224470e0c967880379f3bddc05eed47ae1fef8819f9a87ce89,C:\Users\田尻大翔\.codex\visualizations\2026\09\12\01a095fe-94f6-7783-a93d-497f16bab356\UDF2\Source\Docs\ArtReview\Proof2_ColorContractFix_20260930\Evidence\CameraB\NEW_WorldDepth.rgba32f,GPU float readback / NEW_WorldDepth,Regenerable raw dump; 2.787 GB aggregate excluded from Git per freeze instruction; original retained unchanged,33177600,7C0AC22B286BC7224470E0C967880379F3BDDC05EED47AE1FEF8819F9A87CE89,True,D. DO NOT DELETE YET,再撮影手順/派生CSV PNGはGitHub保存。GPU/環境依存の当時数値byte完全再生成は未保証,凍結再開時のraw再解析が不要かHuman判断し、除外manifestと保存済み派生結果を照合するまで削除非推奨
Docs/ArtReview/Proof2_ColorContractFix_20260930/Evidence/CameraB/OLD_MainArtLinear.rgba32f,33177600,f8e8a82c554992fad959dea1e2556f4d8f390bc4f89b6a3241c00f46aa1cc9e2,C:\Users\田尻大翔\.codex\visualizations\2026\09\12\01a095fe-94f6-7783-a93d-497f16bab356\UDF2\Source\Docs\ArtReview\Proof2_ColorContractFix_20260930\Evidence\CameraB\OLD_MainArtLinear.rgba32f,GPU float readback / OLD_MainArtLinear,Regenerable raw dump; 2.787 GB aggregate excluded from Git per freeze instruction; original retained unchanged,33177600,F8E8A82C554992FAD959DEA1E2556F4D8F390BC4F89B6A3241C00F46AA1CC9E2,True,D. DO NOT DELETE YET,再撮影手順/派生CSV PNGはGitHub保存。GPU/環境依存の当時数値byte完全再生成は未保証,凍結再開時のraw再解析が不要かHuman判断し、除外manifestと保存済み派生結果を照合するまで削除非推奨
Docs/ArtReview/Proof2_ColorContractFix_20260930/Evidence/CameraB/OLD_NormalId.rgba32f,33177600,1f6e4ddb15743812acf43fa5b9d0a172695405f6902896685a228ab4a606fc01,C:\Users\田尻大翔\.codex\visualizations\2026\09\12\01a095fe-94f6-7783-a93d-497f16bab356\UDF2\Source\Docs\ArtReview\Proof2_ColorContractFix_20260930\Evidence\CameraB\OLD_NormalId.rgba32f,GPU float readback / OLD_NormalId,Regenerable raw dump; 2.787 GB aggregate excluded from Git per freeze instruction; original retained unchanged,33177600,1F6E4DDB15743812ACF43FA5B9D0A172695405F6902896685A228AB4A606FC01,True,D. DO NOT DELETE YET,再撮影手順/派生CSV PNGはGitHub保存。GPU/環境依存の当時数値byte完全再生成は未保証,凍結再開時のraw再解析が不要かHuman判断し、除外manifestと保存済み派生結果を照合するまで削除非推奨
Docs/ArtReview/Proof2_ColorContractFix_20260930/Evidence/CameraB/OLD_ShadowNdotL.rgba32f,33177600,6c2ff480f0db0a29e68ad82af5f247bd5eda0850d9f4e4cc4f42c897f0707eaf,C:\Users\田尻大翔\.codex\visualizations\2026\09\12\01a095fe-94f6-7783-a93d-497f16bab356\UDF2\Source\Docs\ArtReview\Proof2_ColorContractFix_20260930\Evidence\CameraB\OLD_ShadowNdotL.rgba32f,GPU float readback / OLD_ShadowNdotL,Regenerable raw dump; 2.787 GB aggregate excluded from Git per freeze instruction; original retained unchanged,33177600,6C2FF480F0DB0A29E68AD82AF5F247BD5EDA0850D9F4E4CC4F42C897F0707EAF,True,D. DO NOT DELETE YET,再撮影手順/派生CSV PNGはGitHub保存。GPU/環境依存の当時数値byte完全再生成は未保証,凍結再開時のraw再解析が不要かHuman判断し、除外manifestと保存済み派生結果を照合するまで削除非推奨
Docs/ArtReview/Proof2_ColorContractFix_20260930/Evidence/CameraB/OLD_WorldDepth.rgba32f,33177600,7c0ac22b286bc7224470e0c967880379f3bddc05eed47ae1fef8819f9a87ce89,C:\Users\田尻大翔\.codex\visualizations\2026\09\12\01a095fe-94f6-7783-a93d-497f16bab356\UDF2\Source\Docs\ArtReview\Proof2_ColorContractFix_20260930\Evidence\CameraB\OLD_WorldDepth.rgba32f,GPU float readback / OLD_WorldDepth,Regenerable raw dump; 2.787 GB aggregate excluded from Git per freeze instruction; original retained unchanged,33177600,7C0AC22B286BC7224470E0C967880379F3BDDC05EED47AE1FEF8819F9A87CE89,True,D. DO NOT DELETE YET,再撮影手順/派生CSV PNGはGitHub保存。GPU/環境依存の当時数値byte完全再生成は未保証,凍結再開時のraw再解析が不要かHuman判断し、除外manifestと保存済み派生結果を照合するまで削除非推奨
Docs/ArtReview/Proof2_GeometryReadabilityAudit_20260930/Evidence/Gate1/CameraA/ArtLinear.rgba32f,33177600,fafeca911b9d69df643ade961a478c097052b91846251ef0ed7fec41cf60eae1,C:\Users\田尻大翔\.codex\visualizations\2026\09\12\01a095fe-94f6-7783-a93d-497f16bab356\UDF2\Source\Docs\ArtReview\Proof2_GeometryReadabilityAudit_20260930\Evidence\Gate1\CameraA\ArtLinear.rgba32f,GPU float readback / ArtLinear,Regenerable raw dump; 2.787 GB aggregate excluded from Git per freeze instruction; original retained unchanged,33177600,FAFECA911B9D69DF643ADE961A478C097052B91846251EF0ED7FEC41CF60EAE1,True,D. DO NOT DELETE YET,再撮影手順/派生CSV PNGはGitHub保存。GPU/環境依存の当時数値byte完全再生成は未保証,凍結再開時のraw再解析が不要かHuman判断し、除外manifestと保存済み派生結果を照合するまで削除非推奨
Docs/ArtReview/Proof2_GeometryReadabilityAudit_20260930/Evidence/Gate1/CameraA/Full_NormalId.rgba32f,33177600,aacdba59099a90849d4a959de60fdf63fc195f7ab0943042a7ab427a193cd130,C:\Users\田尻大翔\.codex\visualizations\2026\09\12\01a095fe-94f6-7783-a93d-497f16bab356\UDF2\Source\Docs\ArtReview\Proof2_GeometryReadabilityAudit_20260930\Evidence\Gate1\CameraA\Full_NormalId.rgba32f,GPU float readback / Full_NormalId,Regenerable raw dump; 2.787 GB aggregate excluded from Git per freeze instruction; original retained unchanged,33177600,AACDBA59099A90849D4A959DE60FDF63FC195F7AB0943042A7AB427A193CD130,True,D. DO NOT DELETE YET,再撮影手順/派生CSV PNGはGitHub保存。GPU/環境依存の当時数値byte完全再生成は未保証,凍結再開時のraw再解析が不要かHuman判断し、除外manifestと保存済み派生結果を照合するまで削除非推奨
Docs/ArtReview/Proof2_GeometryReadabilityAudit_20260930/Evidence/Gate1/CameraA/Full_ShadowNdotL.rgba32f,33177600,f9d1fe25e9c7aa3e576f73cb1d299094d70514c7b70dc5953cb5a7968f24254f,C:\Users\田尻大翔\.codex\visualizations\2026\09\12\01a095fe-94f6-7783-a93d-497f16bab356\UDF2\Source\Docs\ArtReview\Proof2_GeometryReadabilityAudit_20260930\Evidence\Gate1\CameraA\Full_ShadowNdotL.rgba32f,GPU float readback / Full_ShadowNdotL,Regenerable raw dump; 2.787 GB aggregate excluded from Git per freeze instruction; original retained unchanged,33177600,F9D1FE25E9C7AA3E576F73CB1D299094D70514C7B70DC5953CB5A7968F24254F,True,D. DO NOT DELETE YET,再撮影手順/派生CSV PNGはGitHub保存。GPU/環境依存の当時数値byte完全再生成は未保証,凍結再開時のraw再解析が不要かHuman判断し、除外manifestと保存済み派生結果を照合するまで削除非推奨
Docs/ArtReview/Proof2_GeometryReadabilityAudit_20260930/Evidence/Gate1/CameraA/Full_WorldDepth.rgba32f,33177600,d4c8840d344b32eaf2e9fba8b216cced7f97d75a3218b0abaeb61939ff94bbd1,C:\Users\田尻大翔\.codex\visualizations\2026\09\12\01a095fe-94f6-7783-a93d-497f16bab356\UDF2\Source\Docs\ArtReview\Proof2_GeometryReadabilityAudit_20260930\Evidence\Gate1\CameraA\Full_WorldDepth.rgba32f,GPU float readback / Full_WorldDepth,Regenerable raw dump; 2.787 GB aggregate excluded from Git per freeze instruction; original retained unchanged,33177600,D4C8840D344B32EAF2E9FBA8B216CCED7F97D75A3218B0ABAEB61939FF94BBD1,True,D. DO NOT DELETE YET,再撮影手順/派生CSV PNGはGitHub保存。GPU/環境依存の当時数値byte完全再生成は未保証,凍結再開時のraw再解析が不要かHuman判断し、除外manifestと保存済み派生結果を照合するまで削除非推奨
Docs/ArtReview/Proof2_GeometryReadabilityAudit_20260930/Evidence/Gate1/CameraA/MidOnly_NormalId.rgba32f,33177600,c0a7aec39c2cb312b1ce0b600b0d09fea3532c2d761802582facd1b722c1e03a,C:\Users\田尻大翔\.codex\visualizations\2026\09\12\01a095fe-94f6-7783-a93d-497f16bab356\UDF2\Source\Docs\ArtReview\Proof2_GeometryReadabilityAudit_20260930\Evidence\Gate1\CameraA\MidOnly_NormalId.rgba32f,GPU float readback / MidOnly_NormalId,Regenerable raw dump; 2.787 GB aggregate excluded from Git per freeze instruction; original retained unchanged,33177600,C0A7AEC39C2CB312B1CE0B600B0D09FEA3532C2D761802582FACD1B722C1E03A,True,D. DO NOT DELETE YET,再撮影手順/派生CSV PNGはGitHub保存。GPU/環境依存の当時数値byte完全再生成は未保証,凍結再開時のraw再解析が不要かHuman判断し、除外manifestと保存済み派生結果を照合するまで削除非推奨
Docs/ArtReview/Proof2_GeometryReadabilityAudit_20260930/Evidence/Gate1/CameraA/MidOnly_ShadowNdotL.rgba32f,33177600,c937f194235e8cd642c2f41717f0ab3351b4a24980c6e73239d2a760d89c2210,C:\Users\田尻大翔\.codex\visualizations\2026\09\12\01a095fe-94f6-7783-a93d-497f16bab356\UDF2\Source\Docs\ArtReview\Proof2_GeometryReadabilityAudit_20260930\Evidence\Gate1\CameraA\MidOnly_ShadowNdotL.rgba32f,GPU float readback / MidOnly_ShadowNdotL,Regenerable raw dump; 2.787 GB aggregate excluded from Git per freeze instruction; original retained unchanged,33177600,C937F194235E8CD642C2F41717F0AB3351B4A24980C6E73239D2A760D89C2210,True,D. DO NOT DELETE YET,再撮影手順/派生CSV PNGはGitHub保存。GPU/環境依存の当時数値byte完全再生成は未保証,凍結再開時のraw再解析が不要かHuman判断し、除外manifestと保存済み派生結果を照合するまで削除非推奨
Docs/ArtReview/Proof2_GeometryReadabilityAudit_20260930/Evidence/Gate1/CameraA/MidOnly_WorldDepth.rgba32f,33177600,c80e26e0e8d31742968ca3e52228fbed1d88abf9e90c8ee76b8f8cbf76a8dbda,C:\Users\田尻大翔\.codex\visualizations\2026\09\12\01a095fe-94f6-7783-a93d-497f16bab356\UDF2\Source\Docs\ArtReview\Proof2_GeometryReadabilityAudit_20260930\Evidence\Gate1\CameraA\MidOnly_WorldDepth.rgba32f,GPU float readback / MidOnly_WorldDepth,Regenerable raw dump; 2.787 GB aggregate excluded from Git per freeze instruction; original retained unchanged,33177600,C80E26E0E8D31742968CA3E52228FBED1D88ABF9E90C8EE76B8F8CBF76A8DBDA,True,D. DO NOT DELETE YET,再撮影手順/派生CSV PNGはGitHub保存。GPU/環境依存の当時数値byte完全再生成は未保証,凍結再開時のraw再解析が不要かHuman判断し、除外manifestと保存済み派生結果を照合するまで削除非推奨
Docs/ArtReview/Proof2_GeometryReadabilityAudit_20260930/Evidence/Gate1/CameraB/ArtLinear.rgba32f,33177600,67d38e8c12ae7e983f5c4d9accd7f524a07308dff3778298e0523e864cc19064,C:\Users\田尻大翔\.codex\visualizations\2026\09\12\01a095fe-94f6-7783-a93d-497f16bab356\UDF2\Source\Docs\ArtReview\Proof2_GeometryReadabilityAudit_20260930\Evidence\Gate1\CameraB\ArtLinear.rgba32f,GPU float readback / ArtLinear,Regenerable raw dump; 2.787 GB aggregate excluded from Git per freeze instruction; original retained unchanged,33177600,67D38E8C12AE7E983F5C4D9ACCD7F524A07308DFF3778298E0523E864CC19064,True,D. DO NOT DELETE YET,再撮影手順/派生CSV PNGはGitHub保存。GPU/環境依存の当時数値byte完全再生成は未保証,凍結再開時のraw再解析が不要かHuman判断し、除外manifestと保存済み派生結果を照合するまで削除非推奨
Docs/ArtReview/Proof2_GeometryReadabilityAudit_20260930/Evidence/Gate1/CameraB/Full_NormalId.rgba32f,33177600,9f212c58059b04263be1b7163e6a91988356dc33bec614e9b973e107d5fc3e9e,C:\Users\田尻大翔\.codex\visualizations\2026\09\12\01a095fe-94f6-7783-a93d-497f16bab356\UDF2\Source\Docs\ArtReview\Proof2_GeometryReadabilityAudit_20260930\Evidence\Gate1\CameraB\Full_NormalId.rgba32f,GPU float readback / Full_NormalId,Regenerable raw dump; 2.787 GB aggregate excluded from Git per freeze instruction; original retained unchanged,33177600,9F212C58059B04263BE1B7163E6A91988356DC33BEC614E9B973E107D5FC3E9E,True,D. DO NOT DELETE YET,再撮影手順/派生CSV PNGはGitHub保存。GPU/環境依存の当時数値byte完全再生成は未保証,凍結再開時のraw再解析が不要かHuman判断し、除外manifestと保存済み派生結果を照合するまで削除非推奨
Docs/ArtReview/Proof2_GeometryReadabilityAudit_20260930/Evidence/Gate1/CameraB/Full_ShadowNdotL.rgba32f,33177600,987b6d6ef34a80b86c0f3d451649db68956f62471da57d8a7c147ade8b0d01cc,C:\Users\田尻大翔\.codex\visualizations\2026\09\12\01a095fe-94f6-7783-a93d-497f16bab356\UDF2\Source\Docs\ArtReview\Proof2_GeometryReadabilityAudit_20260930\Evidence\Gate1\CameraB\Full_ShadowNdotL.rgba32f,GPU float readback / Full_ShadowNdotL,Regenerable raw dump; 2.787 GB aggregate excluded from Git per freeze instruction; original retained unchanged,33177600,987B6D6EF34A80B86C0F3D451649DB68956F62471DA57D8A7C147ADE8B0D01CC,True,D. DO NOT DELETE YET,再撮影手順/派生CSV PNGはGitHub保存。GPU/環境依存の当時数値byte完全再生成は未保証,凍結再開時のraw再解析が不要かHuman判断し、除外manifestと保存済み派生結果を照合するまで削除非推奨
Docs/ArtReview/Proof2_GeometryReadabilityAudit_20260930/Evidence/Gate1/CameraB/Full_WorldDepth.rgba32f,33177600,fd3fb44f81cac307e53982367160410289ec8f5434ceb355edd40f83d12cc1b1,C:\Users\田尻大翔\.codex\visualizations\2026\09\12\01a095fe-94f6-7783-a93d-497f16bab356\UDF2\Source\Docs\ArtReview\Proof2_GeometryReadabilityAudit_20260930\Evidence\Gate1\CameraB\Full_WorldDepth.rgba32f,GPU float readback / Full_WorldDepth,Regenerable raw dump; 2.787 GB aggregate excluded from Git per freeze instruction; original retained unchanged,33177600,FD3FB44F81CAC307E53982367160410289EC8F5434CEB355EDD40F83D12CC1B1,True,D. DO NOT DELETE YET,再撮影手順/派生CSV PNGはGitHub保存。GPU/環境依存の当時数値byte完全再生成は未保証,凍結再開時のraw再解析が不要かHuman判断し、除外manifestと保存済み派生結果を照合するまで削除非推奨
Docs/ArtReview/Proof2_GeometryReadabilityAudit_20260930/Evidence/Gate1/CameraB/MidOnly_NormalId.rgba32f,33177600,dcae43afa599860a6276ecdffd8f880f80c9074aa2cd3ca50aea1befcea01d82,C:\Users\田尻大翔\.codex\visualizations\2026\09\12\01a095fe-94f6-7783-a93d-497f16bab356\UDF2\Source\Docs\ArtReview\Proof2_GeometryReadabilityAudit_20260930\Evidence\Gate1\CameraB\MidOnly_NormalId.rgba32f,GPU float readback / MidOnly_NormalId,Regenerable raw dump; 2.787 GB aggregate excluded from Git per freeze instruction; original retained unchanged,33177600,DCAE43AFA599860A6276ECDFFD8F880F80C9074AA2CD3CA50AEA1BEFCEA01D82,True,D. DO NOT DELETE YET,再撮影手順/派生CSV PNGはGitHub保存。GPU/環境依存の当時数値byte完全再生成は未保証,凍結再開時のraw再解析が不要かHuman判断し、除外manifestと保存済み派生結果を照合するまで削除非推奨
Docs/ArtReview/Proof2_GeometryReadabilityAudit_20260930/Evidence/Gate1/CameraB/MidOnly_ShadowNdotL.rgba32f,33177600,588baa6ee0947986903ab97e91179be6a70e6c6358b611a9171ce2f5efbe5107,C:\Users\田尻大翔\.codex\visualizations\2026\09\12\01a095fe-94f6-7783-a93d-497f16bab356\UDF2\Source\Docs\ArtReview\Proof2_GeometryReadabilityAudit_20260930\Evidence\Gate1\CameraB\MidOnly_ShadowNdotL.rgba32f,GPU float readback / MidOnly_ShadowNdotL,Regenerable raw dump; 2.787 GB aggregate excluded from Git per freeze instruction; original retained unchanged,33177600,588BAA6EE0947986903AB97E91179BE6A70E6C6358B611A9171CE2F5EFBE5107,True,D. DO NOT DELETE YET,再撮影手順/派生CSV PNGはGitHub保存。GPU/環境依存の当時数値byte完全再生成は未保証,凍結再開時のraw再解析が不要かHuman判断し、除外manifestと保存済み派生結果を照合するまで削除非推奨
Docs/ArtReview/Proof2_GeometryReadabilityAudit_20260930/Evidence/Gate1/CameraB/MidOnly_WorldDepth.rgba32f,33177600,a46d42a3969481e95f22501f98c6b23a2e1176d05365beef2cb88e599ec7148d,C:\Users\田尻大翔\.codex\visualizations\2026\09\12\01a095fe-94f6-7783-a93d-497f16bab356\UDF2\Source\Docs\ArtReview\Proof2_GeometryReadabilityAudit_20260930\Evidence\Gate1\CameraB\MidOnly_WorldDepth.rgba32f,GPU float readback / MidOnly_WorldDepth,Regenerable raw dump; 2.787 GB aggregate excluded from Git per freeze instruction; original retained unchanged,33177600,A46D42A3969481E95F22501F98C6B23A2E1176D05365BEEF2CB88E599EC7148D,True,D. DO NOT DELETE YET,再撮影手順/派生CSV PNGはGitHub保存。GPU/環境依存の当時数値byte完全再生成は未保証,凍結再開時のraw再解析が不要かHuman判断し、除外manifestと保存済み派生結果を照合するまで削除非推奨
Docs/ArtReview/Proof2_LocalTurningIntervention_20260930/Evidence/CameraA/AFTER/ArtLinear.rgba32f,33177600,32268d2ff0cc741afad00814a71e5b64b2071c8ecd24046746bd69508e7d6d98,C:\Users\田尻大翔\.codex\visualizations\2026\09\12\01a095fe-94f6-7783-a93d-497f16bab356\UDF2\Source\Docs\ArtReview\Proof2_LocalTurningIntervention_20260930\Evidence\CameraA\AFTER\ArtLinear.rgba32f,GPU float readback / ArtLinear,Regenerable raw dump; 2.787 GB aggregate excluded from Git per freeze instruction; original retained unchanged,33177600,32268D2FF0CC741AFAD00814A71E5B64B2071C8ECD24046746BD69508E7D6D98,True,D. DO NOT DELETE YET,再撮影手順/派生CSV PNGはGitHub保存。GPU/環境依存の当時数値byte完全再生成は未保証,凍結再開時のraw再解析が不要かHuman判断し、除外manifestと保存済み派生結果を照合するまで削除非推奨
Docs/ArtReview/Proof2_LocalTurningIntervention_20260930/Evidence/CameraA/AFTER/NormalId.rgba32f,33177600,1a6e491b9f205e63820a4327555f0c4ac24a6948cc28529ec6be1bb16296b9ba,C:\Users\田尻大翔\.codex\visualizations\2026\09\12\01a095fe-94f6-7783-a93d-497f16bab356\UDF2\Source\Docs\ArtReview\Proof2_LocalTurningIntervention_20260930\Evidence\CameraA\AFTER\NormalId.rgba32f,GPU float readback / NormalId,Regenerable raw dump; 2.787 GB aggregate excluded from Git per freeze instruction; original retained unchanged,33177600,1A6E491B9F205E63820A4327555F0C4AC24A6948CC28529EC6BE1BB16296B9BA,True,D. DO NOT DELETE YET,再撮影手順/派生CSV PNGはGitHub保存。GPU/環境依存の当時数値byte完全再生成は未保証,凍結再開時のraw再解析が不要かHuman判断し、除外manifestと保存済み派生結果を照合するまで削除非推奨
Docs/ArtReview/Proof2_LocalTurningIntervention_20260930/Evidence/CameraA/AFTER/ShadowNdotL.rgba32f,33177600,1631917adb23312debf637e359530bbcc17afe32fafb12b0e1cf1860914c281d,C:\Users\田尻大翔\.codex\visualizations\2026\09\12\01a095fe-94f6-7783-a93d-497f16bab356\UDF2\Source\Docs\ArtReview\Proof2_LocalTurningIntervention_20260930\Evidence\CameraA\AFTER\ShadowNdotL.rgba32f,GPU float readback / ShadowNdotL,Regenerable raw dump; 2.787 GB aggregate excluded from Git per freeze instruction; original retained unchanged,33177600,1631917ADB23312DEBF637E359530BBCC17AFE32FAFB12B0E1CF1860914C281D,True,D. DO NOT DELETE YET,再撮影手順/派生CSV PNGはGitHub保存。GPU/環境依存の当時数値byte完全再生成は未保証,凍結再開時のraw再解析が不要かHuman判断し、除外manifestと保存済み派生結果を照合するまで削除非推奨
Docs/ArtReview/Proof2_LocalTurningIntervention_20260930/Evidence/CameraA/AFTER/WorldDepth.rgba32f,33177600,afd6602723a650f4108e758bea9b1c276b033ee6ee7fe76e7fa4d93c63dba404,C:\Users\田尻大翔\.codex\visualizations\2026\09\12\01a095fe-94f6-7783-a93d-497f16bab356\UDF2\Source\Docs\ArtReview\Proof2_LocalTurningIntervention_20260930\Evidence\CameraA\AFTER\WorldDepth.rgba32f,GPU float readback / WorldDepth,Regenerable raw dump; 2.787 GB aggregate excluded from Git per freeze instruction; original retained unchanged,33177600,AFD6602723A650F4108E758BEA9B1C276B033EE6EE7FE76E7FA4D93C63DBA404,True,D. DO NOT DELETE YET,再撮影手順/派生CSV PNGはGitHub保存。GPU/環境依存の当時数値byte完全再生成は未保証,凍結再開時のraw再解析が不要かHuman判断し、除外manifestと保存済み派生結果を照合するまで削除非推奨
Docs/ArtReview/Proof2_LocalTurningIntervention_20260930/Evidence/CameraA/BEFORE/ArtLinear.rgba32f,33177600,9fef7c578c75b60fe6c69cc0ffd7ec7104cabe156b41b2731781d6394ba5a3da,C:\Users\田尻大翔\.codex\visualizations\2026\09\12\01a095fe-94f6-7783-a93d-497f16bab356\UDF2\Source\Docs\ArtReview\Proof2_LocalTurningIntervention_20260930\Evidence\CameraA\BEFORE\ArtLinear.rgba32f,GPU float readback / ArtLinear,Regenerable raw dump; 2.787 GB aggregate excluded from Git per freeze instruction; original retained unchanged,33177600,9FEF7C578C75B60FE6C69CC0FFD7EC7104CABE156B41B2731781D6394BA5A3DA,True,D. DO NOT DELETE YET,再撮影手順/派生CSV PNGはGitHub保存。GPU/環境依存の当時数値byte完全再生成は未保証,凍結再開時のraw再解析が不要かHuman判断し、除外manifestと保存済み派生結果を照合するまで削除非推奨
Docs/ArtReview/Proof2_LocalTurningIntervention_20260930/Evidence/CameraA/BEFORE/NormalId.rgba32f,33177600,2d5d11e67aeb17a86152fda58a63d9cb4cf1b4566800db988b5e2fd3f8e6048b,C:\Users\田尻大翔\.codex\visualizations\2026\09\12\01a095fe-94f6-7783-a93d-497f16bab356\UDF2\Source\Docs\ArtReview\Proof2_LocalTurningIntervention_20260930\Evidence\CameraA\BEFORE\NormalId.rgba32f,GPU float readback / NormalId,Regenerable raw dump; 2.787 GB aggregate excluded from Git per freeze instruction; original retained unchanged,33177600,2D5D11E67AEB17A86152FDA58A63D9CB4CF1B4566800DB988B5E2FD3F8E6048B,True,D. DO NOT DELETE YET,再撮影手順/派生CSV PNGはGitHub保存。GPU/環境依存の当時数値byte完全再生成は未保証,凍結再開時のraw再解析が不要かHuman判断し、除外manifestと保存済み派生結果を照合するまで削除非推奨
Docs/ArtReview/Proof2_LocalTurningIntervention_20260930/Evidence/CameraA/BEFORE/ShadowNdotL.rgba32f,33177600,b54841808edb15b33d18094f8949bd15781b7840bbd2ff81e343f7f5d4b6e835,C:\Users\田尻大翔\.codex\visualizations\2026\09\12\01a095fe-94f6-7783-a93d-497f16bab356\UDF2\Source\Docs\ArtReview\Proof2_LocalTurningIntervention_20260930\Evidence\CameraA\BEFORE\ShadowNdotL.rgba32f,GPU float readback / ShadowNdotL,Regenerable raw dump; 2.787 GB aggregate excluded from Git per freeze instruction; original retained unchanged,33177600,B54841808EDB15B33D18094F8949BD15781B7840BBD2FF81E343F7F5D4B6E835,True,D. DO NOT DELETE YET,再撮影手順/派生CSV PNGはGitHub保存。GPU/環境依存の当時数値byte完全再生成は未保証,凍結再開時のraw再解析が不要かHuman判断し、除外manifestと保存済み派生結果を照合するまで削除非推奨
Docs/ArtReview/Proof2_LocalTurningIntervention_20260930/Evidence/CameraA/BEFORE/WorldDepth.rgba32f,33177600,47a731c46750e75213260cb362c5e8af7e02c8d5a439b89b9358be8308a0e3b5,C:\Users\田尻大翔\.codex\visualizations\2026\09\12\01a095fe-94f6-7783-a93d-497f16bab356\UDF2\Source\Docs\ArtReview\Proof2_LocalTurningIntervention_20260930\Evidence\CameraA\BEFORE\WorldDepth.rgba32f,GPU float readback / WorldDepth,Regenerable raw dump; 2.787 GB aggregate excluded from Git per freeze instruction; original retained unchanged,33177600,47A731C46750E75213260CB362C5E8AF7E02C8D5A439B89B9358BE8308A0E3B5,True,D. DO NOT DELETE YET,再撮影手順/派生CSV PNGはGitHub保存。GPU/環境依存の当時数値byte完全再生成は未保証,凍結再開時のraw再解析が不要かHuman判断し、除外manifestと保存済み派生結果を照合するまで削除非推奨
Docs/ArtReview/Proof2_LocalTurningIntervention_20260930/Evidence/CameraB/AFTER/ArtLinear.rgba32f,33177600,334ee46191dd849a99cace20e19a7634cad239c16383f21b0402e969d7b66611,C:\Users\田尻大翔\.codex\visualizations\2026\09\12\01a095fe-94f6-7783-a93d-497f16bab356\UDF2\Source\Docs\ArtReview\Proof2_LocalTurningIntervention_20260930\Evidence\CameraB\AFTER\ArtLinear.rgba32f,GPU float readback / ArtLinear,Regenerable raw dump; 2.787 GB aggregate excluded from Git per freeze instruction; original retained unchanged,33177600,334EE46191DD849A99CACE20E19A7634CAD239C16383F21B0402E969D7B66611,True,D. DO NOT DELETE YET,再撮影手順/派生CSV PNGはGitHub保存。GPU/環境依存の当時数値byte完全再生成は未保証,凍結再開時のraw再解析が不要かHuman判断し、除外manifestと保存済み派生結果を照合するまで削除非推奨
Docs/ArtReview/Proof2_LocalTurningIntervention_20260930/Evidence/CameraB/AFTER/NormalId.rgba32f,33177600,6f244137cb7e577a6185e52e2603f82c53d87e5e0829358523638d2ad927d445,C:\Users\田尻大翔\.codex\visualizations\2026\09\12\01a095fe-94f6-7783-a93d-497f16bab356\UDF2\Source\Docs\ArtReview\Proof2_LocalTurningIntervention_20260930\Evidence\CameraB\AFTER\NormalId.rgba32f,GPU float readback / NormalId,Regenerable raw dump; 2.787 GB aggregate excluded from Git per freeze instruction; original retained unchanged,33177600,6F244137CB7E577A6185E52E2603F82C53D87E5E0829358523638D2AD927D445,True,D. DO NOT DELETE YET,再撮影手順/派生CSV PNGはGitHub保存。GPU/環境依存の当時数値byte完全再生成は未保証,凍結再開時のraw再解析が不要かHuman判断し、除外manifestと保存済み派生結果を照合するまで削除非推奨
Docs/ArtReview/Proof2_LocalTurningIntervention_20260930/Evidence/CameraB/AFTER/ShadowNdotL.rgba32f,33177600,6f8ddc6a244253a3b037aac1b7fc4d73baecb8b287428a9304db909e4b404fc4,C:\Users\田尻大翔\.codex\visualizations\2026\09\12\01a095fe-94f6-7783-a93d-497f16bab356\UDF2\Source\Docs\ArtReview\Proof2_LocalTurningIntervention_20260930\Evidence\CameraB\AFTER\ShadowNdotL.rgba32f,GPU float readback / ShadowNdotL,Regenerable raw dump; 2.787 GB aggregate excluded from Git per freeze instruction; original retained unchanged,33177600,6F8DDC6A244253A3B037AAC1B7FC4D73BAECB8B287428A9304DB909E4B404FC4,True,D. DO NOT DELETE YET,再撮影手順/派生CSV PNGはGitHub保存。GPU/環境依存の当時数値byte完全再生成は未保証,凍結再開時のraw再解析が不要かHuman判断し、除外manifestと保存済み派生結果を照合するまで削除非推奨
Docs/ArtReview/Proof2_LocalTurningIntervention_20260930/Evidence/CameraB/AFTER/WorldDepth.rgba32f,33177600,247f06a7f905968f8f342939443a968257a7aef2ca10efd342eff05218330df5,C:\Users\田尻大翔\.codex\visualizations\2026\09\12\01a095fe-94f6-7783-a93d-497f16bab356\UDF2\Source\Docs\ArtReview\Proof2_LocalTurningIntervention_20260930\Evidence\CameraB\AFTER\WorldDepth.rgba32f,GPU float readback / WorldDepth,Regenerable raw dump; 2.787 GB aggregate excluded from Git per freeze instruction; original retained unchanged,33177600,247F06A7F905968F8F342939443A968257A7AEF2CA10EFD342EFF05218330DF5,True,D. DO NOT DELETE YET,再撮影手順/派生CSV PNGはGitHub保存。GPU/環境依存の当時数値byte完全再生成は未保証,凍結再開時のraw再解析が不要かHuman判断し、除外manifestと保存済み派生結果を照合するまで削除非推奨
Docs/ArtReview/Proof2_LocalTurningIntervention_20260930/Evidence/CameraB/BEFORE/ArtLinear.rgba32f,33177600,e7a53dcb10881071126b035f19fb2963ab8908deca90b336264976632c5f8a90,C:\Users\田尻大翔\.codex\visualizations\2026\09\12\01a095fe-94f6-7783-a93d-497f16bab356\UDF2\Source\Docs\ArtReview\Proof2_LocalTurningIntervention_20260930\Evidence\CameraB\BEFORE\ArtLinear.rgba32f,GPU float readback / ArtLinear,Regenerable raw dump; 2.787 GB aggregate excluded from Git per freeze instruction; original retained unchanged,33177600,E7A53DCB10881071126B035F19FB2963AB8908DECA90B336264976632C5F8A90,True,D. DO NOT DELETE YET,再撮影手順/派生CSV PNGはGitHub保存。GPU/環境依存の当時数値byte完全再生成は未保証,凍結再開時のraw再解析が不要かHuman判断し、除外manifestと保存済み派生結果を照合するまで削除非推奨
Docs/ArtReview/Proof2_LocalTurningIntervention_20260930/Evidence/CameraB/BEFORE/NormalId.rgba32f,33177600,1f6e4ddb15743812acf43fa5b9d0a172695405f6902896685a228ab4a606fc01,C:\Users\田尻大翔\.codex\visualizations\2026\09\12\01a095fe-94f6-7783-a93d-497f16bab356\UDF2\Source\Docs\ArtReview\Proof2_LocalTurningIntervention_20260930\Evidence\CameraB\BEFORE\NormalId.rgba32f,GPU float readback / NormalId,Regenerable raw dump; 2.787 GB aggregate excluded from Git per freeze instruction; original retained unchanged,33177600,1F6E4DDB15743812ACF43FA5B9D0A172695405F6902896685A228AB4A606FC01,True,D. DO NOT DELETE YET,再撮影手順/派生CSV PNGはGitHub保存。GPU/環境依存の当時数値byte完全再生成は未保証,凍結再開時のraw再解析が不要かHuman判断し、除外manifestと保存済み派生結果を照合するまで削除非推奨
Docs/ArtReview/Proof2_LocalTurningIntervention_20260930/Evidence/CameraB/BEFORE/ShadowNdotL.rgba32f,33177600,6c2ff480f0db0a29e68ad82af5f247bd5eda0850d9f4e4cc4f42c897f0707eaf,C:\Users\田尻大翔\.codex\visualizations\2026\09\12\01a095fe-94f6-7783-a93d-497f16bab356\UDF2\Source\Docs\ArtReview\Proof2_LocalTurningIntervention_20260930\Evidence\CameraB\BEFORE\ShadowNdotL.rgba32f,GPU float readback / ShadowNdotL,Regenerable raw dump; 2.787 GB aggregate excluded from Git per freeze instruction; original retained unchanged,33177600,6C2FF480F0DB0A29E68AD82AF5F247BD5EDA0850D9F4E4CC4F42C897F0707EAF,True,D. DO NOT DELETE YET,再撮影手順/派生CSV PNGはGitHub保存。GPU/環境依存の当時数値byte完全再生成は未保証,凍結再開時のraw再解析が不要かHuman判断し、除外manifestと保存済み派生結果を照合するまで削除非推奨
Docs/ArtReview/Proof2_LocalTurningIntervention_20260930/Evidence/CameraB/BEFORE/WorldDepth.rgba32f,33177600,7c0ac22b286bc7224470e0c967880379f3bddc05eed47ae1fef8819f9a87ce89,C:\Users\田尻大翔\.codex\visualizations\2026\09\12\01a095fe-94f6-7783-a93d-497f16bab356\UDF2\Source\Docs\ArtReview\Proof2_LocalTurningIntervention_20260930\Evidence\CameraB\BEFORE\WorldDepth.rgba32f,GPU float readback / WorldDepth,Regenerable raw dump; 2.787 GB aggregate excluded from Git per freeze instruction; original retained unchanged,33177600,7C0AC22B286BC7224470E0C967880379F3BDDC05EED47AE1FEF8819F9A87CE89,True,D. DO NOT DELETE YET,再撮影手順/派生CSV PNGはGitHub保存。GPU/環境依存の当時数値byte完全再生成は未保証,凍結再開時のraw再解析が不要かHuman判断し、除外manifestと保存済み派生結果を照合するまで削除非推奨
Docs/ArtReview/Proof2_LocalTurningIntervention2_20260930/Evidence/CameraA/Intervention1/ArtLinear.rgba32f,33177600,32268d2ff0cc741afad00814a71e5b64b2071c8ecd24046746bd69508e7d6d98,C:\Users\田尻大翔\.codex\visualizations\2026\09\12\01a095fe-94f6-7783-a93d-497f16bab356\UDF2\Source\Docs\ArtReview\Proof2_LocalTurningIntervention2_20260930\Evidence\CameraA\Intervention1\ArtLinear.rgba32f,GPU float readback / ArtLinear,Regenerable raw dump; 2.787 GB aggregate excluded from Git per freeze instruction; original retained unchanged,33177600,32268D2FF0CC741AFAD00814A71E5B64B2071C8ECD24046746BD69508E7D6D98,True,D. DO NOT DELETE YET,再撮影手順/派生CSV PNGはGitHub保存。GPU/環境依存の当時数値byte完全再生成は未保証,凍結再開時のraw再解析が不要かHuman判断し、除外manifestと保存済み派生結果を照合するまで削除非推奨
Docs/ArtReview/Proof2_LocalTurningIntervention2_20260930/Evidence/CameraA/Intervention1/NormalId.rgba32f,33177600,1a6e491b9f205e63820a4327555f0c4ac24a6948cc28529ec6be1bb16296b9ba,C:\Users\田尻大翔\.codex\visualizations\2026\09\12\01a095fe-94f6-7783-a93d-497f16bab356\UDF2\Source\Docs\ArtReview\Proof2_LocalTurningIntervention2_20260930\Evidence\CameraA\Intervention1\NormalId.rgba32f,GPU float readback / NormalId,Regenerable raw dump; 2.787 GB aggregate excluded from Git per freeze instruction; original retained unchanged,33177600,1A6E491B9F205E63820A4327555F0C4AC24A6948CC28529EC6BE1BB16296B9BA,True,D. DO NOT DELETE YET,再撮影手順/派生CSV PNGはGitHub保存。GPU/環境依存の当時数値byte完全再生成は未保証,凍結再開時のraw再解析が不要かHuman判断し、除外manifestと保存済み派生結果を照合するまで削除非推奨
Docs/ArtReview/Proof2_LocalTurningIntervention2_20260930/Evidence/CameraA/Intervention1/ShadowNdotL.rgba32f,33177600,1631917adb23312debf637e359530bbcc17afe32fafb12b0e1cf1860914c281d,C:\Users\田尻大翔\.codex\visualizations\2026\09\12\01a095fe-94f6-7783-a93d-497f16bab356\UDF2\Source\Docs\ArtReview\Proof2_LocalTurningIntervention2_20260930\Evidence\CameraA\Intervention1\ShadowNdotL.rgba32f,GPU float readback / ShadowNdotL,Regenerable raw dump; 2.787 GB aggregate excluded from Git per freeze instruction; original retained unchanged,33177600,1631917ADB23312DEBF637E359530BBCC17AFE32FAFB12B0E1CF1860914C281D,True,D. DO NOT DELETE YET,再撮影手順/派生CSV PNGはGitHub保存。GPU/環境依存の当時数値byte完全再生成は未保証,凍結再開時のraw再解析が不要かHuman判断し、除外manifestと保存済み派生結果を照合するまで削除非推奨
Docs/ArtReview/Proof2_LocalTurningIntervention2_20260930/Evidence/CameraA/Intervention1/WorldDepth.rgba32f,33177600,afd6602723a650f4108e758bea9b1c276b033ee6ee7fe76e7fa4d93c63dba404,C:\Users\田尻大翔\.codex\visualizations\2026\09\12\01a095fe-94f6-7783-a93d-497f16bab356\UDF2\Source\Docs\ArtReview\Proof2_LocalTurningIntervention2_20260930\Evidence\CameraA\Intervention1\WorldDepth.rgba32f,GPU float readback / WorldDepth,Regenerable raw dump; 2.787 GB aggregate excluded from Git per freeze instruction; original retained unchanged,33177600,AFD6602723A650F4108E758BEA9B1C276B033EE6EE7FE76E7FA4D93C63DBA404,True,D. DO NOT DELETE YET,再撮影手順/派生CSV PNGはGitHub保存。GPU/環境依存の当時数値byte完全再生成は未保証,凍結再開時のraw再解析が不要かHuman判断し、除外manifestと保存済み派生結果を照合するまで削除非推奨
Docs/ArtReview/Proof2_LocalTurningIntervention2_20260930/Evidence/CameraA/Intervention2/ArtLinear.rgba32f,33177600,3ec9c92bdea337b21ef6f23c4d0d8d092752e3e32fa7ecdd41be06f09581483e,C:\Users\田尻大翔\.codex\visualizations\2026\09\12\01a095fe-94f6-7783-a93d-497f16bab356\UDF2\Source\Docs\ArtReview\Proof2_LocalTurningIntervention2_20260930\Evidence\CameraA\Intervention2\ArtLinear.rgba32f,GPU float readback / ArtLinear,Regenerable raw dump; 2.787 GB aggregate excluded from Git per freeze instruction; original retained unchanged,33177600,3EC9C92BDEA337B21EF6F23C4D0D8D092752E3E32FA7ECDD41BE06F09581483E,True,D. DO NOT DELETE YET,再撮影手順/派生CSV PNGはGitHub保存。GPU/環境依存の当時数値byte完全再生成は未保証,凍結再開時のraw再解析が不要かHuman判断し、除外manifestと保存済み派生結果を照合するまで削除非推奨
Docs/ArtReview/Proof2_LocalTurningIntervention2_20260930/Evidence/CameraA/Intervention2/NormalId.rgba32f,33177600,acfbeadcc55a92bd02943c6a29506d30d12f79ca18dcab3456df9bdcfba62f8e,C:\Users\田尻大翔\.codex\visualizations\2026\09\12\01a095fe-94f6-7783-a93d-497f16bab356\UDF2\Source\Docs\ArtReview\Proof2_LocalTurningIntervention2_20260930\Evidence\CameraA\Intervention2\NormalId.rgba32f,GPU float readback / NormalId,Regenerable raw dump; 2.787 GB aggregate excluded from Git per freeze instruction; original retained unchanged,33177600,ACFBEADCC55A92BD02943C6A29506D30D12F79CA18DCAB3456DF9BDCFBA62F8E,True,D. DO NOT DELETE YET,再撮影手順/派生CSV PNGはGitHub保存。GPU/環境依存の当時数値byte完全再生成は未保証,凍結再開時のraw再解析が不要かHuman判断し、除外manifestと保存済み派生結果を照合するまで削除非推奨
Docs/ArtReview/Proof2_LocalTurningIntervention2_20260930/Evidence/CameraA/Intervention2/ShadowNdotL.rgba32f,33177600,55df2ed175310363de735af583a548883fcf11b4adead4cacb300089cbec755f,C:\Users\田尻大翔\.codex\visualizations\2026\09\12\01a095fe-94f6-7783-a93d-497f16bab356\UDF2\Source\Docs\ArtReview\Proof2_LocalTurningIntervention2_20260930\Evidence\CameraA\Intervention2\ShadowNdotL.rgba32f,GPU float readback / ShadowNdotL,Regenerable raw dump; 2.787 GB aggregate excluded from Git per freeze instruction; original retained unchanged,33177600,55DF2ED175310363DE735AF583A548883FCF11B4ADEAD4CACB300089CBEC755F,True,D. DO NOT DELETE YET,再撮影手順/派生CSV PNGはGitHub保存。GPU/環境依存の当時数値byte完全再生成は未保証,凍結再開時のraw再解析が不要かHuman判断し、除外manifestと保存済み派生結果を照合するまで削除非推奨
Docs/ArtReview/Proof2_LocalTurningIntervention2_20260930/Evidence/CameraA/Intervention2/WorldDepth.rgba32f,33177600,cd3223d52c4d8ef8d71c4655052af383e1edbb8ab45508cac84e87251bb5f6f3,C:\Users\田尻大翔\.codex\visualizations\2026\09\12\01a095fe-94f6-7783-a93d-497f16bab356\UDF2\Source\Docs\ArtReview\Proof2_LocalTurningIntervention2_20260930\Evidence\CameraA\Intervention2\WorldDepth.rgba32f,GPU float readback / WorldDepth,Regenerable raw dump; 2.787 GB aggregate excluded from Git per freeze instruction; original retained unchanged,33177600,CD3223D52C4D8EF8D71C4655052AF383E1EDBB8AB45508CAC84E87251BB5F6F3,True,D. DO NOT DELETE YET,再撮影手順/派生CSV PNGはGitHub保存。GPU/環境依存の当時数値byte完全再生成は未保証,凍結再開時のraw再解析が不要かHuman判断し、除外manifestと保存済み派生結果を照合するまで削除非推奨
Docs/ArtReview/Proof2_LocalTurningIntervention2_20260930/Evidence/CameraA/Original/ArtLinear.rgba32f,33177600,9fef7c578c75b60fe6c69cc0ffd7ec7104cabe156b41b2731781d6394ba5a3da,C:\Users\田尻大翔\.codex\visualizations\2026\09\12\01a095fe-94f6-7783-a93d-497f16bab356\UDF2\Source\Docs\ArtReview\Proof2_LocalTurningIntervention2_20260930\Evidence\CameraA\Original\ArtLinear.rgba32f,GPU float readback / ArtLinear,Regenerable raw dump; 2.787 GB aggregate excluded from Git per freeze instruction; original retained unchanged,33177600,9FEF7C578C75B60FE6C69CC0FFD7EC7104CABE156B41B2731781D6394BA5A3DA,True,D. DO NOT DELETE YET,再撮影手順/派生CSV PNGはGitHub保存。GPU/環境依存の当時数値byte完全再生成は未保証,凍結再開時のraw再解析が不要かHuman判断し、除外manifestと保存済み派生結果を照合するまで削除非推奨
Docs/ArtReview/Proof2_LocalTurningIntervention2_20260930/Evidence/CameraA/Original/NormalId.rgba32f,33177600,2d5d11e67aeb17a86152fda58a63d9cb4cf1b4566800db988b5e2fd3f8e6048b,C:\Users\田尻大翔\.codex\visualizations\2026\09\12\01a095fe-94f6-7783-a93d-497f16bab356\UDF2\Source\Docs\ArtReview\Proof2_LocalTurningIntervention2_20260930\Evidence\CameraA\Original\NormalId.rgba32f,GPU float readback / NormalId,Regenerable raw dump; 2.787 GB aggregate excluded from Git per freeze instruction; original retained unchanged,33177600,2D5D11E67AEB17A86152FDA58A63D9CB4CF1B4566800DB988B5E2FD3F8E6048B,True,D. DO NOT DELETE YET,再撮影手順/派生CSV PNGはGitHub保存。GPU/環境依存の当時数値byte完全再生成は未保証,凍結再開時のraw再解析が不要かHuman判断し、除外manifestと保存済み派生結果を照合するまで削除非推奨
Docs/ArtReview/Proof2_LocalTurningIntervention2_20260930/Evidence/CameraA/Original/ShadowNdotL.rgba32f,33177600,b54841808edb15b33d18094f8949bd15781b7840bbd2ff81e343f7f5d4b6e835,C:\Users\田尻大翔\.codex\visualizations\2026\09\12\01a095fe-94f6-7783-a93d-497f16bab356\UDF2\Source\Docs\ArtReview\Proof2_LocalTurningIntervention2_20260930\Evidence\CameraA\Original\ShadowNdotL.rgba32f,GPU float readback / ShadowNdotL,Regenerable raw dump; 2.787 GB aggregate excluded from Git per freeze instruction; original retained unchanged,33177600,B54841808EDB15B33D18094F8949BD15781B7840BBD2FF81E343F7F5D4B6E835,True,D. DO NOT DELETE YET,再撮影手順/派生CSV PNGはGitHub保存。GPU/環境依存の当時数値byte完全再生成は未保証,凍結再開時のraw再解析が不要かHuman判断し、除外manifestと保存済み派生結果を照合するまで削除非推奨
Docs/ArtReview/Proof2_LocalTurningIntervention2_20260930/Evidence/CameraA/Original/WorldDepth.rgba32f,33177600,47a731c46750e75213260cb362c5e8af7e02c8d5a439b89b9358be8308a0e3b5,C:\Users\田尻大翔\.codex\visualizations\2026\09\12\01a095fe-94f6-7783-a93d-497f16bab356\UDF2\Source\Docs\ArtReview\Proof2_LocalTurningIntervention2_20260930\Evidence\CameraA\Original\WorldDepth.rgba32f,GPU float readback / WorldDepth,Regenerable raw dump; 2.787 GB aggregate excluded from Git per freeze instruction; original retained unchanged,33177600,47A731C46750E75213260CB362C5E8AF7E02C8D5A439B89B9358BE8308A0E3B5,True,D. DO NOT DELETE YET,再撮影手順/派生CSV PNGはGitHub保存。GPU/環境依存の当時数値byte完全再生成は未保証,凍結再開時のraw再解析が不要かHuman判断し、除外manifestと保存済み派生結果を照合するまで削除非推奨
Docs/ArtReview/Proof2_LocalTurningIntervention2_20260930/Evidence/CameraB/Intervention1/ArtLinear.rgba32f,33177600,334ee46191dd849a99cace20e19a7634cad239c16383f21b0402e969d7b66611,C:\Users\田尻大翔\.codex\visualizations\2026\09\12\01a095fe-94f6-7783-a93d-497f16bab356\UDF2\Source\Docs\ArtReview\Proof2_LocalTurningIntervention2_20260930\Evidence\CameraB\Intervention1\ArtLinear.rgba32f,GPU float readback / ArtLinear,Regenerable raw dump; 2.787 GB aggregate excluded from Git per freeze instruction; original retained unchanged,33177600,334EE46191DD849A99CACE20E19A7634CAD239C16383F21B0402E969D7B66611,True,D. DO NOT DELETE YET,再撮影手順/派生CSV PNGはGitHub保存。GPU/環境依存の当時数値byte完全再生成は未保証,凍結再開時のraw再解析が不要かHuman判断し、除外manifestと保存済み派生結果を照合するまで削除非推奨
Docs/ArtReview/Proof2_LocalTurningIntervention2_20260930/Evidence/CameraB/Intervention1/NormalId.rgba32f,33177600,6f244137cb7e577a6185e52e2603f82c53d87e5e0829358523638d2ad927d445,C:\Users\田尻大翔\.codex\visualizations\2026\09\12\01a095fe-94f6-7783-a93d-497f16bab356\UDF2\Source\Docs\ArtReview\Proof2_LocalTurningIntervention2_20260930\Evidence\CameraB\Intervention1\NormalId.rgba32f,GPU float readback / NormalId,Regenerable raw dump; 2.787 GB aggregate excluded from Git per freeze instruction; original retained unchanged,33177600,6F244137CB7E577A6185E52E2603F82C53D87E5E0829358523638D2AD927D445,True,D. DO NOT DELETE YET,再撮影手順/派生CSV PNGはGitHub保存。GPU/環境依存の当時数値byte完全再生成は未保証,凍結再開時のraw再解析が不要かHuman判断し、除外manifestと保存済み派生結果を照合するまで削除非推奨
Docs/ArtReview/Proof2_LocalTurningIntervention2_20260930/Evidence/CameraB/Intervention1/ShadowNdotL.rgba32f,33177600,6f8ddc6a244253a3b037aac1b7fc4d73baecb8b287428a9304db909e4b404fc4,C:\Users\田尻大翔\.codex\visualizations\2026\09\12\01a095fe-94f6-7783-a93d-497f16bab356\UDF2\Source\Docs\ArtReview\Proof2_LocalTurningIntervention2_20260930\Evidence\CameraB\Intervention1\ShadowNdotL.rgba32f,GPU float readback / ShadowNdotL,Regenerable raw dump; 2.787 GB aggregate excluded from Git per freeze instruction; original retained unchanged,33177600,6F8DDC6A244253A3B037AAC1B7FC4D73BAECB8B287428A9304DB909E4B404FC4,True,D. DO NOT DELETE YET,再撮影手順/派生CSV PNGはGitHub保存。GPU/環境依存の当時数値byte完全再生成は未保証,凍結再開時のraw再解析が不要かHuman判断し、除外manifestと保存済み派生結果を照合するまで削除非推奨
Docs/ArtReview/Proof2_LocalTurningIntervention2_20260930/Evidence/CameraB/Intervention1/WorldDepth.rgba32f,33177600,247f06a7f905968f8f342939443a968257a7aef2ca10efd342eff05218330df5,C:\Users\田尻大翔\.codex\visualizations\2026\09\12\01a095fe-94f6-7783-a93d-497f16bab356\UDF2\Source\Docs\ArtReview\Proof2_LocalTurningIntervention2_20260930\Evidence\CameraB\Intervention1\WorldDepth.rgba32f,GPU float readback / WorldDepth,Regenerable raw dump; 2.787 GB aggregate excluded from Git per freeze instruction; original retained unchanged,33177600,247F06A7F905968F8F342939443A968257A7AEF2CA10EFD342EFF05218330DF5,True,D. DO NOT DELETE YET,再撮影手順/派生CSV PNGはGitHub保存。GPU/環境依存の当時数値byte完全再生成は未保証,凍結再開時のraw再解析が不要かHuman判断し、除外manifestと保存済み派生結果を照合するまで削除非推奨
Docs/ArtReview/Proof2_LocalTurningIntervention2_20260930/Evidence/CameraB/Intervention2/ArtLinear.rgba32f,33177600,e70bdbb0232795218170cdc59d7861429b16aa38742568a12fcc84c8d3341b47,C:\Users\田尻大翔\.codex\visualizations\2026\09\12\01a095fe-94f6-7783-a93d-497f16bab356\UDF2\Source\Docs\ArtReview\Proof2_LocalTurningIntervention2_20260930\Evidence\CameraB\Intervention2\ArtLinear.rgba32f,GPU float readback / ArtLinear,Regenerable raw dump; 2.787 GB aggregate excluded from Git per freeze instruction; original retained unchanged,33177600,E70BDBB0232795218170CDC59D7861429B16AA38742568A12FCC84C8D3341B47,True,D. DO NOT DELETE YET,再撮影手順/派生CSV PNGはGitHub保存。GPU/環境依存の当時数値byte完全再生成は未保証,凍結再開時のraw再解析が不要かHuman判断し、除外manifestと保存済み派生結果を照合するまで削除非推奨
Docs/ArtReview/Proof2_LocalTurningIntervention2_20260930/Evidence/CameraB/Intervention2/NormalId.rgba32f,33177600,7987183189b113558e052ef903b4f68549deaeea34a170d201a104de6d764425,C:\Users\田尻大翔\.codex\visualizations\2026\09\12\01a095fe-94f6-7783-a93d-497f16bab356\UDF2\Source\Docs\ArtReview\Proof2_LocalTurningIntervention2_20260930\Evidence\CameraB\Intervention2\NormalId.rgba32f,GPU float readback / NormalId,Regenerable raw dump; 2.787 GB aggregate excluded from Git per freeze instruction; original retained unchanged,33177600,7987183189B113558E052EF903B4F68549DEAEEA34A170D201A104DE6D764425,True,D. DO NOT DELETE YET,再撮影手順/派生CSV PNGはGitHub保存。GPU/環境依存の当時数値byte完全再生成は未保証,凍結再開時のraw再解析が不要かHuman判断し、除外manifestと保存済み派生結果を照合するまで削除非推奨
Docs/ArtReview/Proof2_LocalTurningIntervention2_20260930/Evidence/CameraB/Intervention2/ShadowNdotL.rgba32f,33177600,c862bda4522d89dbd94f2e70ba87606dcea421fb73f8fabf7b30787a10316966,C:\Users\田尻大翔\.codex\visualizations\2026\09\12\01a095fe-94f6-7783-a93d-497f16bab356\UDF2\Source\Docs\ArtReview\Proof2_LocalTurningIntervention2_20260930\Evidence\CameraB\Intervention2\ShadowNdotL.rgba32f,GPU float readback / ShadowNdotL,Regenerable raw dump; 2.787 GB aggregate excluded from Git per freeze instruction; original retained unchanged,33177600,C862BDA4522D89DBD94F2E70BA87606DCEA421FB73F8FABF7B30787A10316966,True,D. DO NOT DELETE YET,再撮影手順/派生CSV PNGはGitHub保存。GPU/環境依存の当時数値byte完全再生成は未保証,凍結再開時のraw再解析が不要かHuman判断し、除外manifestと保存済み派生結果を照合するまで削除非推奨
Docs/ArtReview/Proof2_LocalTurningIntervention2_20260930/Evidence/CameraB/Intervention2/WorldDepth.rgba32f,33177600,10cce3f448cfe9e8195c7c31b1051468f6d2fa61d67449fadd7cdf26c10b50e3,C:\Users\田尻大翔\.codex\visualizations\2026\09\12\01a095fe-94f6-7783-a93d-497f16bab356\UDF2\Source\Docs\ArtReview\Proof2_LocalTurningIntervention2_20260930\Evidence\CameraB\Intervention2\WorldDepth.rgba32f,GPU float readback / WorldDepth,Regenerable raw dump; 2.787 GB aggregate excluded from Git per freeze instruction; original retained unchanged,33177600,10CCE3F448CFE9E8195C7C31B1051468F6D2FA61D67449FADD7CDF26C10B50E3,True,D. DO NOT DELETE YET,再撮影手順/派生CSV PNGはGitHub保存。GPU/環境依存の当時数値byte完全再生成は未保証,凍結再開時のraw再解析が不要かHuman判断し、除外manifestと保存済み派生結果を照合するまで削除非推奨
Docs/ArtReview/Proof2_LocalTurningIntervention2_20260930/Evidence/CameraB/Original/ArtLinear.rgba32f,33177600,e7a53dcb10881071126b035f19fb2963ab8908deca90b336264976632c5f8a90,C:\Users\田尻大翔\.codex\visualizations\2026\09\12\01a095fe-94f6-7783-a93d-497f16bab356\UDF2\Source\Docs\ArtReview\Proof2_LocalTurningIntervention2_20260930\Evidence\CameraB\Original\ArtLinear.rgba32f,GPU float readback / ArtLinear,Regenerable raw dump; 2.787 GB aggregate excluded from Git per freeze instruction; original retained unchanged,33177600,E7A53DCB10881071126B035F19FB2963AB8908DECA90B336264976632C5F8A90,True,D. DO NOT DELETE YET,再撮影手順/派生CSV PNGはGitHub保存。GPU/環境依存の当時数値byte完全再生成は未保証,凍結再開時のraw再解析が不要かHuman判断し、除外manifestと保存済み派生結果を照合するまで削除非推奨
Docs/ArtReview/Proof2_LocalTurningIntervention2_20260930/Evidence/CameraB/Original/NormalId.rgba32f,33177600,1f6e4ddb15743812acf43fa5b9d0a172695405f6902896685a228ab4a606fc01,C:\Users\田尻大翔\.codex\visualizations\2026\09\12\01a095fe-94f6-7783-a93d-497f16bab356\UDF2\Source\Docs\ArtReview\Proof2_LocalTurningIntervention2_20260930\Evidence\CameraB\Original\NormalId.rgba32f,GPU float readback / NormalId,Regenerable raw dump; 2.787 GB aggregate excluded from Git per freeze instruction; original retained unchanged,33177600,1F6E4DDB15743812ACF43FA5B9D0A172695405F6902896685A228AB4A606FC01,True,D. DO NOT DELETE YET,再撮影手順/派生CSV PNGはGitHub保存。GPU/環境依存の当時数値byte完全再生成は未保証,凍結再開時のraw再解析が不要かHuman判断し、除外manifestと保存済み派生結果を照合するまで削除非推奨
Docs/ArtReview/Proof2_LocalTurningIntervention2_20260930/Evidence/CameraB/Original/ShadowNdotL.rgba32f,33177600,6c2ff480f0db0a29e68ad82af5f247bd5eda0850d9f4e4cc4f42c897f0707eaf,C:\Users\田尻大翔\.codex\visualizations\2026\09\12\01a095fe-94f6-7783-a93d-497f16bab356\UDF2\Source\Docs\ArtReview\Proof2_LocalTurningIntervention2_20260930\Evidence\CameraB\Original\ShadowNdotL.rgba32f,GPU float readback / ShadowNdotL,Regenerable raw dump; 2.787 GB aggregate excluded from Git per freeze instruction; original retained unchanged,33177600,6C2FF480F0DB0A29E68AD82AF5F247BD5EDA0850D9F4E4CC4F42C897F0707EAF,True,D. DO NOT DELETE YET,再撮影手順/派生CSV PNGはGitHub保存。GPU/環境依存の当時数値byte完全再生成は未保証,凍結再開時のraw再解析が不要かHuman判断し、除外manifestと保存済み派生結果を照合するまで削除非推奨
Docs/ArtReview/Proof2_LocalTurningIntervention2_20260930/Evidence/CameraB/Original/WorldDepth.rgba32f,33177600,7c0ac22b286bc7224470e0c967880379f3bddc05eed47ae1fef8819f9a87ce89,C:\Users\田尻大翔\.codex\visualizations\2026\09\12\01a095fe-94f6-7783-a93d-497f16bab356\UDF2\Source\Docs\ArtReview\Proof2_LocalTurningIntervention2_20260930\Evidence\CameraB\Original\WorldDepth.rgba32f,GPU float readback / WorldDepth,Regenerable raw dump; 2.787 GB aggregate excluded from Git per freeze instruction; original retained unchanged,33177600,7C0AC22B286BC7224470E0C967880379F3BDDC05EED47AE1FEF8819F9A87CE89,True,D. DO NOT DELETE YET,再撮影手順/派生CSV PNGはGitHub保存。GPU/環境依存の当時数値byte完全再生成は未保証,凍結再開時のraw再解析が不要かHuman判断し、除外manifestと保存済み派生結果を照合するまで削除非推奨
Docs/ArtReview/Proof2_HeroShot_20260930/Evidence/Hero_Diagnostics/ShadowNdotL.rgba32f,33177600,a2f94fa104026040c85c9544cf600c33b3e6e29880857c299923433ed863198f,C:\Users\田尻大翔\.codex\visualizations\2026\09\12\01a095fe-94f6-7783-a93d-497f16bab356\UDF2\Source\Docs\ArtReview\Proof2_HeroShot_20260930\Evidence\Hero_Diagnostics\ShadowNdotL.rgba32f,GPU float readback / ShadowNdotL,Regenerable raw dump; 2.787 GB aggregate excluded from Git per freeze instruction; original retained unchanged,33177600,A2F94FA104026040C85C9544CF600C33B3E6E29880857C299923433ED863198F,True,D. DO NOT DELETE YET,再撮影手順/派生CSV PNGはGitHub保存。GPU/環境依存の当時数値byte完全再生成は未保証,凍結再開時のraw再解析が不要かHuman判断し、除外manifestと保存済み派生結果を照合するまで削除非推奨
Docs/ArtReview/Proof2_HeroShot_20260930/Evidence/Hero_Diagnostics/WorldDepth.rgba32f,33177600,5ebf10f2b7e8bf494cb86320a121e9f3fc8c45c5ff3b7a0af4d748a06e6674b0,C:\Users\田尻大翔\.codex\visualizations\2026\09\12\01a095fe-94f6-7783-a93d-497f16bab356\UDF2\Source\Docs\ArtReview\Proof2_HeroShot_20260930\Evidence\Hero_Diagnostics\WorldDepth.rgba32f,GPU float readback / WorldDepth,Regenerable raw dump; 2.787 GB aggregate excluded from Git per freeze instruction; original retained unchanged,33177600,5EBF10F2B7E8BF494CB86320A121E9F3FC8C45C5FF3B7A0AF4D748A06E6674B0,True,D. DO NOT DELETE YET,再撮影手順/派生CSV PNGはGitHub保存。GPU/環境依存の当時数値byte完全再生成は未保証,凍結再開時のraw再解析が不要かHuman判断し、除外manifestと保存済み派生結果を照合するまで削除非推奨
Docs/ArtReview/Proof2_HeroShot_20260930/Evidence/Overlap_CameraA/ShadowNdotL.rgba32f,33177600,95cc04bf19f860d6087c8f8baf59d8d988439b764d84cbaab1030be20b4ad66d,C:\Users\田尻大翔\.codex\visualizations\2026\09\12\01a095fe-94f6-7783-a93d-497f16bab356\UDF2\Source\Docs\ArtReview\Proof2_HeroShot_20260930\Evidence\Overlap_CameraA\ShadowNdotL.rgba32f,GPU float readback / ShadowNdotL,Regenerable raw dump; 2.787 GB aggregate excluded from Git per freeze instruction; original retained unchanged,33177600,95CC04BF19F860D6087C8F8BAF59D8D988439B764D84CBAAB1030BE20B4AD66D,True,D. DO NOT DELETE YET,再撮影手順/派生CSV PNGはGitHub保存。GPU/環境依存の当時数値byte完全再生成は未保証,凍結再開時のraw再解析が不要かHuman判断し、除外manifestと保存済み派生結果を照合するまで削除非推奨
Docs/ArtReview/Proof2_HeroShot_20260930/Evidence/Overlap_CameraA/WorldDepth.rgba32f,33177600,86b61a7002cb916bd661d4413da6b4674e4697f5d822b92db624fccfe770bf85,C:\Users\田尻大翔\.codex\visualizations\2026\09\12\01a095fe-94f6-7783-a93d-497f16bab356\UDF2\Source\Docs\ArtReview\Proof2_HeroShot_20260930\Evidence\Overlap_CameraA\WorldDepth.rgba32f,GPU float readback / WorldDepth,Regenerable raw dump; 2.787 GB aggregate excluded from Git per freeze instruction; original retained unchanged,33177600,86B61A7002CB916BD661D4413DA6B4674E4697F5D822B92DB624FCCFE770BF85,True,D. DO NOT DELETE YET,再撮影手順/派生CSV PNGはGitHub保存。GPU/環境依存の当時数値byte完全再生成は未保証,凍結再開時のraw再解析が不要かHuman判断し、除外manifestと保存済み派生結果を照合するまで削除非推奨
Docs/ArtReview/Proof2_HeroShot_20260930/Evidence/Overlap_CameraB/ShadowNdotL.rgba32f,33177600,1fc2935977edddd09ef4000e565d6dcbcb2cb3ee4b6e2b9e145f353f86502def,C:\Users\田尻大翔\.codex\visualizations\2026\09\12\01a095fe-94f6-7783-a93d-497f16bab356\UDF2\Source\Docs\ArtReview\Proof2_HeroShot_20260930\Evidence\Overlap_CameraB\ShadowNdotL.rgba32f,GPU float readback / ShadowNdotL,Regenerable raw dump; 2.787 GB aggregate excluded from Git per freeze instruction; original retained unchanged,33177600,1FC2935977EDDDD09EF4000E565D6DCBCB2CB3EE4B6E2B9E145F353F86502DEF,True,D. DO NOT DELETE YET,再撮影手順/派生CSV PNGはGitHub保存。GPU/環境依存の当時数値byte完全再生成は未保証,凍結再開時のraw再解析が不要かHuman判断し、除外manifestと保存済み派生結果を照合するまで削除非推奨
Docs/ArtReview/Proof2_HeroShot_20260930/Evidence/Overlap_CameraB/WorldDepth.rgba32f,33177600,4d573dfea89c83121003be1790b61822bc105267e56511705bfd01739dc846d2,C:\Users\田尻大翔\.codex\visualizations\2026\09\12\01a095fe-94f6-7783-a93d-497f16bab356\UDF2\Source\Docs\ArtReview\Proof2_HeroShot_20260930\Evidence\Overlap_CameraB\WorldDepth.rgba32f,GPU float readback / WorldDepth,Regenerable raw dump; 2.787 GB aggregate excluded from Git per freeze instruction; original retained unchanged,33177600,4D573DFEA89C83121003BE1790B61822BC105267E56511705BFD01739DC846D2,True,D. DO NOT DELETE YET,再撮影手順/派生CSV PNGはGitHub保存。GPU/環境依存の当時数値byte完全再生成は未保証,凍結再開時のraw再解析が不要かHuman判断し、除外manifestと保存済み派生結果を照合するまで削除非推奨
