path,root,depth,bytes,gib,file_count,last_modified_jst,directory_modified_jst,direct_bytes,direct_file_count,alias,purpose,classification,regenerable,contains_unsaved,deletion_risk,git_managed,github_saved,tracked_files,origin_tree_files,modified_tracked,local_status_entries
C:/Users/田尻大翔/Documents/UnityProjects/DesertLoop,C:\Users\田尻大翔\Documents\UnityProjects\DesertLoop,0,58593214309,54.569183,741010,2026-09-30T18:05:18+09:00,2026-09-25T11:32:58+09:00,432894,12,D,FROZEN DESERT LOOP Production +旧検証コピー,A. KEEP,未commit Productionは不可,Yes: 1114変更,HIGH (子キャッシュのみ候補),Mixed; tracked + untracked/ignored possible,Partial: tracked subset present in verified origin/main; local/ignored data not saved,2313,4659,17,1114
C:/Users/田尻大翔/Documents/UnityProjects/DesertLoop/Logs,C:\Users\田尻大翔\Documents\UnityProjects\DesertLoop,1,54932110957,51.159515,704291,2026-09-30T09:54:34+09:00,2026-09-27T09:36:10+09:00,120057797,116,D/Logs,DESERT LOOP旧診断Unityコピー/Art検証/ログ混在,D. DO NOT DELETE YET,Libraryのみ可。Scene/Art/診断Sourceは未保存あり,Yes/未確認: Logs全体がGit除外,HIGH (親フォルダ一括禁止),No tracked files at this path,No files under this path in origin/main,0,0,0,0
C:/Users/田尻大翔/.codex,C:\Users\田尻大翔\.codex,0,32768493679,30.518038,194405,2026-10-02T01:26:20+09:00,2026-10-02T01:26:09+09:00,595425815,30,C,監査対象の親ルート/アプリ作業領域,A. KEEP,一括再生成不可,Yes/未確認,HIGH (一括削除禁止),No containing repository detected; nested repositories possible,Unverified,0,0,,
C:/Users/田尻大翔/Documents/Codex/2026-08-07/new-chat/outputs/HimoHitoPrototype,C:\Users\田尻大翔\Documents\Codex,4,32474664140,30.244388,40901,2026-10-02T01:26:12+09:00,2026-09-30T23:48:18+09:00,28034,5,H,HimoHito Production + QA/Build/隔離コピー,A. KEEP,未commit Production/最新作業は不可,Yes,HIGH (子キャッシュのみ候補),Mixed; tracked + untracked/ignored possible,Partial: tracked subset present in verified origin/main; local/ignored data not saved,1051,1050,4,4042
C:/Users/田尻大翔/.codex/visualizations,C:\Users\田尻大翔\.codex,1,20634406675,19.217289,186795,2026-09-30T18:05:18+09:00,2026-07-25T14:39:36+09:00,0,0,C/visualizations,監査対象の親ルート/アプリ作業領域,A. KEEP,一括再生成不可,Yes/未確認,HIGH (一括削除禁止),No containing repository detected; nested repositories possible,Unverified,0,0,,
C:/Users/田尻大翔/.codex/visualizations/2026,C:\Users\田尻大翔\.codex,2,20634406675,19.217289,186795,2026-09-30T18:05:18+09:00,2026-09-12T21:41:36+09:00,0,0,C/visualizations/2026,監査対象の親ルート/アプリ作業領域,A. KEEP,一括再生成不可,Yes/未確認,HIGH (一括削除禁止),No containing repository detected; nested repositories possible,Unverified,0,0,,
C:/Users/田尻大翔/.codex/visualizations/2026/09/12/01a095fe-94f6-7783-a93d-497f16bab356,C:\Users\田尻大翔\.codex,5,20581461406,19.16798,186243,2026-09-30T18:05:18+09:00,2026-09-30T17:36:06+09:00,42398771,5,V,DESERT LOOP旧Proof/隔離Repository・raw Evidence混在,D. DO NOT DELETE YET,保存済みSource部分/Libraryは可、raw/旧Proofの固有入力は未確定,Yes: 少なくとも84 raw dumpsはGit未保存,HIGH (全体は削除しない),No containing repository detected; nested repositories possible,Unverified,0,0,,
C:/Users/田尻大翔/Documents/Codex/2026-08-07/new-chat/outputs/HimoHitoPrototype/.codex_tmp,C:\Users\田尻大翔\Documents\Codex,5,19719204926,18.364941,33432,2026-10-02T01:08:17+09:00,2026-10-02T00:49:33+09:00,124354880,84,H/.codex_tmp,旧検証と最新2.5D保護対象が混在する親フォルダ,D. DO NOT DELETE YET,旧Library/指定旧Buildのみ候補。親の一括削除禁止,Yes: 最新未commit作業を含む,HIGH,No tracked files at this path,No files under this path in origin/main,0,0,0,0
C:/Users/田尻大翔/.codex/sessions,C:\Users\田尻大翔\.codex,1,10108148059,9.413946,190,2026-10-02T01:26:20+09:00,2026-07-25T14:39:36+09:00,0,0,C/sessions,Codex会話/実行履歴（内容未読）,A. KEEP,不可/未確認。単なるUnity logではない,Yes/未確認,HIGH,No containing repository detected; nested repositories possible,Unverified,0,0,,
C:/Users/田尻大翔/.codex/sessions/2026,C:\Users\田尻大翔\.codex,2,10108148059,9.413946,190,2026-10-02T01:26:20+09:00,2026-10-01T00:13:23+09:00,0,0,C/sessions/2026,Codex会話/実行履歴（内容未読）,A. KEEP,不可/未確認。単なるUnity logではない,Yes/未確認,HIGH,No containing repository detected; nested repositories possible,Unverified,0,0,,
C:/Users/田尻大翔/Documents/Codex/2026-08-07/new-chat/outputs/HimoHitoPrototype/.codex_tmp/MainStageCleanReproduction_20261001,C:\Users\田尻大翔\Documents\Codex,6,6703865252,6.243461,10197,2026-10-01T16:03:47+09:00,2026-10-01T15:42:05+09:00,0,0,H/.codex_tmp/MainStageCleanReproduction_20261001,旧隔離QA/Build Project・診断Source/生成物の混在,C. PROBABLY SAFE,Libraryのみ可。コピー全体は固有Probe/入力照合が必要,Yes/未確認: ignoredフォルダ,MEDIUM-HIGH (全体は削除しない),No tracked files at this path,No files under this path in origin/main,0,0,0,0
C:/Users/田尻大翔/Documents/Codex/2026-08-07/new-chat/outputs/HimoHitoPrototype/output,C:\Users\田尻大翔\Documents\Codex,5,6554879657,6.104707,2366,2026-10-02T01:15:12+09:00,2026-10-02T01:03:17+09:00,0,0,H/output,旧検証と最新2.5D保護対象が混在する親フォルダ,D. DO NOT DELETE YET,旧Library/指定旧Buildのみ候補。親の一括削除禁止,Yes: 最新未commit作業を含む,HIGH,No tracked files at this path,No files under this path in origin/main,0,0,0,2366
C:/Users/田尻大翔/Documents/UnityProjects/DesertLoop/Logs/M5CameraBPlaytest,C:\Users\田尻大翔\Documents\UnityProjects\DesertLoop,2,6401329462,5.961703,87513,2026-09-22T08:21:26+09:00,2026-09-20T14:17:08+09:00,0,0,D/Logs/M5CameraBPlaytest,DESERT LOOP旧診断Unityコピー/Art検証/ログ混在,D. DO NOT DELETE YET,Libraryのみ可。Scene/Art/診断Sourceは未保存あり,Yes/未確認: Logs全体がGit除外,HIGH (親フォルダ一括禁止),No tracked files at this path,No files under this path in origin/main,0,0,0,0
C:/Users/田尻大翔/.codex/visualizations/2026/09/12/01a095fe-94f6-7783-a93d-497f16bab356/UDF2,C:\Users\田尻大翔\.codex,6,4203168522,3.914506,9092,2026-09-30T18:05:07+09:00,2026-09-29T11:28:30+09:00,5889099,13,V/UDF2,DESERT LOOP旧Proof/隔離Repository・raw Evidence混在,D. DO NOT DELETE YET,保存済みSource部分/Libraryは可、raw/旧Proofの固有入力は未確定,Yes: 少なくとも84 raw dumpsはGit未保存,HIGH (全体は削除しない),No containing repository detected; nested repositories possible,Unverified,0,0,,
C:/Users/田尻大翔/Documents/UnityProjects/DesertLoop/Logs/SpaceLoopPhase1,C:\Users\田尻大翔\Documents\UnityProjects\DesertLoop,2,3813322742,3.551434,57869,2026-09-24T12:01:21+09:00,2026-09-24T11:55:19+09:00,0,0,D/Logs/SpaceLoopPhase1,DESERT LOOP旧診断Unityコピー/Art検証/ログ混在,D. DO NOT DELETE YET,Libraryのみ可。Scene/Art/診断Sourceは未保存あり,Yes/未確認: Logs全体がGit除外,HIGH (親フォルダ一括禁止),No tracked files at this path,No files under this path in origin/main,0,0,0,0
C:/Users/田尻大翔/Documents/Codex/2026-08-07/new-chat/outputs/HimoHitoPrototype/Docs,C:\Users\田尻大翔\Documents\Codex,5,3375433222,3.143617,2237,2026-10-02T01:26:12+09:00,2026-10-02T01:26:07+09:00,738199,23,H/Docs,Production/資料/生成物を含む親フォルダ,A. KEEP,部分のみ可,Yes/未確認,HIGH,Mixed; tracked + untracked/ignored possible,Partial: tracked subset present in verified origin/main; local/ignored data not saved,584,584,1,1660
C:/Users/田尻大翔/Documents/Codex/2026-08-07/new-chat/outputs/HimoHitoPrototype/Docs/QA,C:\Users\田尻大翔\Documents\Codex,6,3270263613,3.04567,2135,2026-10-02T01:18:07+09:00,2026-10-02T00:49:26+09:00,0,0,H/Docs/QA,HimoHito QA記録・Evidence,A. KEEP,検証時点の証拠。Git未保存分あり,Mixed: CSVでGit保存件数参照,HIGH,Mixed; tracked + untracked/ignored possible,Partial: tracked subset present in verified origin/main; local/ignored data not saved,494,494,0,1641
C:/Users/田尻大翔/Documents/UnityProjects/DesertLoop/Logs/GateAContract,C:\Users\田尻大翔\Documents\UnityProjects\DesertLoop,2,3061468423,2.851215,37354,2026-09-30T09:54:34+09:00,2026-09-25T03:04:08+09:00,3255932,1,D/Logs/GateAContract,DESERT LOOP旧診断Unityコピー/Art検証/ログ混在,D. DO NOT DELETE YET,Libraryのみ可。Scene/Art/診断Sourceは未保存あり,Yes/未確認: Logs全体がGit除外,HIGH (親フォルダ一括禁止),No tracked files at this path,No files under this path in origin/main,0,0,0,0
C:/Users/田尻大翔/Documents/UnityProjects/DesertLoop/Logs/M5CameraComparison_20260920,C:\Users\田尻大翔\Documents\UnityProjects\DesertLoop,2,2153080460,2.005212,29134,2026-09-20T00:38:31+09:00,2026-09-20T00:38:28+09:00,291814,9,D/Logs/M5CameraComparison_20260920,DESERT LOOP旧診断Unityコピー/Art検証/ログ混在,D. DO NOT DELETE YET,Libraryのみ可。Scene/Art/診断Sourceは未保存あり,Yes/未確認: Logs全体がGit除外,HIGH (親フォルダ一括禁止),No tracked files at this path,No files under this path in origin/main,0,0,0,0
C:/Users/田尻大翔/Documents/UnityProjects/DesertLoop/Library,C:\Users\田尻大翔\Documents\UnityProjects\DesertLoop,1,2130156911,1.983863,32475,2026-09-25T11:32:57+09:00,2026-09-25T11:32:55+09:00,168106509,23,D/Library,Unity生成キャッシュ (所属Projectは親Path),B. SAFE TO DELETE AFTER CONFIRMATION,可: 同ProjectのSource/Asset/Packages/外部依存を保持,キャッシュのみを対象。親Sourceは残す,LOW (全Unity終了・対象確認後),No tracked files at this path,No files under this path in origin/main,0,0,0,0
C:/Users/田尻大翔/Documents/UnityProjects/DesertLoop/Logs/ProductionArtIntegration03,C:\Users\田尻大翔\Documents\UnityProjects\DesertLoop,2,2107813334,1.963054,21940,2026-09-24T09:10:03+09:00,2026-09-24T08:40:36+09:00,807832,2,D/Logs/ProductionArtIntegration03,DESERT LOOP旧診断Unityコピー/Art検証/ログ混在,D. DO NOT DELETE YET,Libraryのみ可。Scene/Art/診断Sourceは未保存あり,Yes/未確認: Logs全体がGit除外,HIGH (親フォルダ一括禁止),No tracked files at this path,No files under this path in origin/main,0,0,0,0
C:/Users/田尻大翔/.codex/visualizations/2026/09/12/01a095fe-94f6-7783-a93d-497f16bab356/UDF1,C:\Users\田尻大翔\.codex,6,2106260936,1.961608,20931,2026-09-29T02:03:58+09:00,2026-09-29T02:03:58+09:00,3709807,3,V/UDF1,DESERT LOOP旧Proof/隔離Repository・raw Evidence混在,D. DO NOT DELETE YET,保存済みSource部分/Libraryは可、raw/旧Proofの固有入力は未確定,Yes: 少なくとも84 raw dumpsはGit未保存,HIGH (全体は削除しない),No containing repository detected; nested repositories possible,Unverified,0,0,,
C:/Users/田尻大翔/Documents/UnityProjects/DesertLoop/Logs/ProductionArtIntegration02,C:\Users\田尻大翔\Documents\UnityProjects\DesertLoop,2,1952461068,1.818371,21691,2026-09-24T08:03:00+09:00,2026-09-24T07:59:22+09:00,852474,4,D/Logs/ProductionArtIntegration02,DESERT LOOP旧診断Unityコピー/Art検証/ログ混在,D. DO NOT DELETE YET,Libraryのみ可。Scene/Art/診断Sourceは未保存あり,Yes/未確認: Logs全体がGit除外,HIGH (親フォルダ一括禁止),No tracked files at this path,No files under this path in origin/main,0,0,0,0
C:/Users/田尻大翔/Documents/UnityProjects/DesertLoop/Logs/M5DistanceAB,C:\Users\田尻大翔\Documents\UnityProjects\DesertLoop,2,1905697992,1.77482,28958,2026-09-22T08:21:30+09:00,2026-09-21T12:43:04+09:00,2482476,18,D/Logs/M5DistanceAB,DESERT LOOP旧診断Unityコピー/Art検証/ログ混在,D. DO NOT DELETE YET,Libraryのみ可。Scene/Art/診断Sourceは未保存あり,Yes/未確認: Logs全体がGit除外,HIGH (親フォルダ一括禁止),No tracked files at this path,No files under this path in origin/main,0,0,0,0
C:/Users/田尻大翔/Documents/UnityProjects/DesertLoop/Logs/M5E1V2MultiCycle,C:\Users\田尻大翔\Documents\UnityProjects\DesertLoop,2,1904217159,1.77344,28864,2026-09-23T11:55:53+09:00,2026-09-22T13:32:25+09:00,43772,1,D/Logs/M5E1V2MultiCycle,DESERT LOOP旧診断Unityコピー/Art検証/ログ混在,D. DO NOT DELETE YET,Libraryのみ可。Scene/Art/診断Sourceは未保存あり,Yes/未確認: Logs全体がGit除外,HIGH (親フォルダ一括禁止),No tracked files at this path,No files under this path in origin/main,0,0,0,0
C:/Users/田尻大翔/Documents/UnityProjects/DesertLoop/Logs/M5E1V2Seamless,C:\Users\田尻大翔\Documents\UnityProjects\DesertLoop,2,1903291421,1.772578,28874,2026-09-23T11:56:09+09:00,2026-09-22T09:57:51+09:00,51538,1,D/Logs/M5E1V2Seamless,DESERT LOOP旧診断Unityコピー/Art検証/ログ混在,D. DO NOT DELETE YET,Libraryのみ可。Scene/Art/診断Sourceは未保存あり,Yes/未確認: Logs全体がGit除外,HIGH (親フォルダ一括禁止),No tracked files at this path,No files under this path in origin/main,0,0,0,0
C:/Users/田尻大翔/Documents/UnityProjects/DesertLoop/Logs/M5DistanceD,C:\Users\田尻大翔\Documents\UnityProjects\DesertLoop,2,1903072132,1.772374,28878,2026-09-22T08:21:31+09:00,2026-09-21T14:00:35+09:00,1492623,14,D/Logs/M5DistanceD,DESERT LOOP旧診断Unityコピー/Art検証/ログ混在,D. DO NOT DELETE YET,Libraryのみ可。Scene/Art/診断Sourceは未保存あり,Yes/未確認: Logs全体がGit除外,HIGH (親フォルダ一括禁止),No tracked files at this path,No files under this path in origin/main,0,0,0,0
C:/Users/田尻大翔/Documents/UnityProjects/DesertLoop/Logs/M5DistanceE1,C:\Users\田尻大翔\Documents\UnityProjects\DesertLoop,2,1901949648,1.771329,28830,2026-09-22T08:21:13+09:00,2026-09-21T23:45:08+09:00,1624101,20,D/Logs/M5DistanceE1,DESERT LOOP旧診断Unityコピー/Art検証/ログ混在,D. DO NOT DELETE YET,Libraryのみ可。Scene/Art/診断Sourceは未保存あり,Yes/未確認: Logs全体がGit除外,HIGH (親フォルダ一括禁止),No tracked files at this path,No files under this path in origin/main,0,0,0,0
C:/Users/田尻大翔/Documents/UnityProjects/DesertLoop/Logs/M5E1V2,C:\Users\田尻大翔\Documents\UnityProjects\DesertLoop,2,1901536879,1.770944,28837,2026-09-23T11:56:28+09:00,2026-09-22T08:23:59+09:00,49711,1,D/Logs/M5E1V2,DESERT LOOP旧診断Unityコピー/Art検証/ログ混在,D. DO NOT DELETE YET,Libraryのみ可。Scene/Art/診断Sourceは未保存あり,Yes/未確認: Logs全体がGit除外,HIGH (親フォルダ一括禁止),No tracked files at this path,No files under this path in origin/main,0,0,0,0
C:/Users/田尻大翔/Documents/UnityProjects/DesertLoop/Logs/M5DistanceC,C:\Users\田尻大翔\Documents\UnityProjects\DesertLoop,2,1901292575,1.770717,28810,2026-09-22T08:15:15+09:00,2026-09-21T13:16:08+09:00,1250036,5,D/Logs/M5DistanceC,DESERT LOOP旧診断Unityコピー/Art検証/ログ混在,D. DO NOT DELETE YET,Libraryのみ可。Scene/Art/診断Sourceは未保存あり,Yes/未確認: Logs全体がGit除外,HIGH (親フォルダ一括禁止),No tracked files at this path,No files under this path in origin/main,0,0,0,0
C:/Users/田尻大翔/Documents/Codex/2026-08-07/new-chat/outputs/HimoHitoPrototype/Builds,C:\Users\田尻大翔\Documents\Codex,5,1887755629,1.758109,889,2026-09-19T20:08:08+09:00,2026-09-11T21:14:24+09:00,55773935,1,H/Builds,旧検証と最新2.5D保護対象が混在する親フォルダ,D. DO NOT DELETE YET,旧Library/指定旧Buildのみ候補。親の一括削除禁止,Yes: 最新未commit作業を含む,HIGH,No tracked files at this path,No files under this path in origin/main,0,0,0,0
C:/Users/田尻大翔/Documents/UnityProjects/DesertLoop/Logs/ProductionArtIntegration01,C:\Users\田尻大翔\Documents\UnityProjects\DesertLoop,2,1843276198,1.716685,21671,2026-09-24T06:53:29+09:00,2026-09-24T01:09:52+09:00,0,0,D/Logs/ProductionArtIntegration01,DESERT LOOP旧診断Unityコピー/Art検証/ログ混在,D. DO NOT DELETE YET,Libraryのみ可。Scene/Art/診断Sourceは未保存あり,Yes/未確認: Logs全体がGit除外,HIGH (親フォルダ一括禁止),No tracked files at this path,No files under this path in origin/main,0,0,0,0
C:/Users/田尻大翔/Documents/UnityProjects/DesertLoop/Logs/CreativeVisualPrototype7,C:\Users\田尻大翔\Documents\UnityProjects\DesertLoop,2,1794756087,1.671497,21702,2026-09-23T19:06:41+09:00,2026-09-23T18:19:12+09:00,0,0,D/Logs/CreativeVisualPrototype7,DESERT LOOP旧診断Unityコピー/Art検証/ログ混在,D. DO NOT DELETE YET,Libraryのみ可。Scene/Art/診断Sourceは未保存あり,Yes/未確認: Logs全体がGit除外,HIGH (親フォルダ一括禁止),No tracked files at this path,No files under this path in origin/main,0,0,0,0
C:/Users/田尻大翔/Documents/UnityProjects/DesertLoop/Logs/CreativeToolchainLab,C:\Users\田尻大翔\Documents\UnityProjects\DesertLoop,2,1780188412,1.65793,24313,2026-09-23T12:35:48+09:00,2026-09-23T12:04:28+09:00,9886,1,D/Logs/CreativeToolchainLab,DESERT LOOP旧診断Unityコピー/Art検証/ログ混在,D. DO NOT DELETE YET,Libraryのみ可。Scene/Art/診断Sourceは未保存あり,Yes/未確認: Logs全体がGit除外,HIGH (親フォルダ一括禁止),No tracked files at this path,No files under this path in origin/main,0,0,0,0
C:/Users/田尻大翔/Documents/UnityProjects/DesertLoop/Logs/CreativeVisualPrototype6,C:\Users\田尻大翔\Documents\UnityProjects\DesertLoop,2,1766755909,1.64542,21693,2026-09-23T17:47:58+09:00,2026-09-23T17:23:01+09:00,0,0,D/Logs/CreativeVisualPrototype6,DESERT LOOP旧診断Unityコピー/Art検証/ログ混在,D. DO NOT DELETE YET,Libraryのみ可。Scene/Art/診断Sourceは未保存あり,Yes/未確認: Logs全体がGit除外,HIGH (親フォルダ一括禁止),No tracked files at this path,No files under this path in origin/main,0,0,0,0
C:/Users/田尻大翔/Documents/UnityProjects/DesertLoop/Logs/CreativeVisualPrototype4,C:\Users\田尻大翔\Documents\UnityProjects\DesertLoop,2,1765266010,1.644032,21777,2026-09-23T16:18:50+09:00,2026-09-23T16:02:28+09:00,847651,2,D/Logs/CreativeVisualPrototype4,DESERT LOOP旧診断Unityコピー/Art検証/ログ混在,D. DO NOT DELETE YET,Libraryのみ可。Scene/Art/診断Sourceは未保存あり,Yes/未確認: Logs全体がGit除外,HIGH (親フォルダ一括禁止),No tracked files at this path,No files under this path in origin/main,0,0,0,0
C:/Users/田尻大翔/Documents/UnityProjects/DesertLoop/Logs/HybridProductionVisualCandidate,C:\Users\田尻大翔\Documents\UnityProjects\DesertLoop,2,1750714078,1.63048,21714,2026-09-23T23:48:39+09:00,2026-09-23T23:08:27+09:00,0,0,D/Logs/HybridProductionVisualCandidate,DESERT LOOP旧診断Unityコピー/Art検証/ログ混在,D. DO NOT DELETE YET,Libraryのみ可。Scene/Art/診断Sourceは未保存あり,Yes/未確認: Logs全体がGit除外,HIGH (親フォルダ一括禁止),No tracked files at this path,No files under this path in origin/main,0,0,0,0
C:/Users/田尻大翔/Documents/UnityProjects/DesertLoop/Logs/CreativeVisualPrototype5,C:\Users\田尻大翔\Documents\UnityProjects\DesertLoop,2,1750565913,1.630342,21695,2026-09-23T17:06:02+09:00,2026-09-23T16:44:26+09:00,0,0,D/Logs/CreativeVisualPrototype5,DESERT LOOP旧診断Unityコピー/Art検証/ログ混在,D. DO NOT DELETE YET,Libraryのみ可。Scene/Art/診断Sourceは未保存あり,Yes/未確認: Logs全体がGit除外,HIGH (親フォルダ一括禁止),No tracked files at this path,No files under this path in origin/main,0,0,0,0
C:/Users/田尻大翔/Documents/UnityProjects/DesertLoop/Logs/CreativeVisualPrototype8,C:\Users\田尻大翔\Documents\UnityProjects\DesertLoop,2,1745724805,1.625833,21736,2026-09-23T21:27:05+09:00,2026-09-23T21:26:16+09:00,931348,4,D/Logs/CreativeVisualPrototype8,DESERT LOOP旧診断Unityコピー/Art検証/ログ混在,D. DO NOT DELETE YET,Libraryのみ可。Scene/Art/診断Sourceは未保存あり,Yes/未確認: Logs全体がGit除外,HIGH (親フォルダ一括禁止),No tracked files at this path,No files under this path in origin/main,0,0,0,0
C:/Users/田尻大翔/Documents/UnityProjects/DesertLoop/Logs/CreativeVisualPrototype3,C:\Users\田尻大翔\Documents\UnityProjects\DesertLoop,2,1732606662,1.613616,21690,2026-09-23T15:22:01+09:00,2026-09-23T15:21:12+09:00,871512,3,D/Logs/CreativeVisualPrototype3,DESERT LOOP旧診断Unityコピー/Art検証/ログ混在,D. DO NOT DELETE YET,Libraryのみ可。Scene/Art/診断Sourceは未保存あり,Yes/未確認: Logs全体がGit除外,HIGH (親フォルダ一括禁止),No tracked files at this path,No files under this path in origin/main,0,0,0,0
C:/Users/田尻大翔/Documents/UnityProjects/DesertLoop/Logs/CreativeVisualPrototype1,C:\Users\田尻大翔\Documents\UnityProjects\DesertLoop,2,1724950492,1.606485,21719,2026-09-23T13:58:29+09:00,2026-09-23T13:57:57+09:00,1178112,11,D/Logs/CreativeVisualPrototype1,DESERT LOOP旧診断Unityコピー/Art検証/ログ混在,D. DO NOT DELETE YET,Libraryのみ可。Scene/Art/診断Sourceは未保存あり,Yes/未確認: Logs全体がGit除外,HIGH (親フォルダ一括禁止),No tracked files at this path,No files under this path in origin/main,0,0,0,0
C:/Users/田尻大翔/Documents/UnityProjects/DesertLoop/Logs/CreativeVisualPrototype2,C:\Users\田尻大翔\Documents\UnityProjects\DesertLoop,2,1718175805,1.600176,21670,2026-09-23T14:33:49+09:00,2026-09-23T14:29:57+09:00,877557,3,D/Logs/CreativeVisualPrototype2,DESERT LOOP旧診断Unityコピー/Art検証/ログ混在,D. DO NOT DELETE YET,Libraryのみ可。Scene/Art/診断Sourceは未保存あり,Yes/未確認: Logs全体がGit除外,HIGH (親フォルダ一括禁止),No tracked files at this path,No files under this path in origin/main,0,0,0,0
C:/Users/田尻大翔/Documents/Codex/2026-08-07/new-chat/outputs/HimoHitoPrototype/.codex_tmp/Tutorial2p5DProductionIntegration_20261001,C:\Users\田尻大翔\Documents\Codex,6,1626671195,1.514956,3314,2026-10-02T00:23:31+09:00,2026-10-02T00:22:39+09:00,2176197,15,H/.codex_tmp/Tutorial2p5DProductionIntegration_20261001,最新Tutorial 2.5D作業・関連QA/画像/検証Build,D. DO NOT DELETE YET,部分的に再生成可能でも今回の保護指定が優先,Yes: 未commitの作業を含む,HIGH,No tracked files at this path,No files under this path in origin/main,0,0,0,0
C:/Users/田尻大翔/Documents/Codex/2026-08-07/new-chat/outputs/HimoHitoPrototype/.codex_tmp/FullGameRegression_20260930,C:\Users\田尻大翔\Documents\Codex,6,1606276526,1.495962,2762,2026-09-30T22:43:35+09:00,2026-09-30T22:43:35+09:00,48670,12,H/.codex_tmp/FullGameRegression_20260930,Git未保存QA/原資料/診断copy,D. DO NOT DELETE YET,Libraryだけ可。固有Probe/原資料は保持,Yes: 未保存成果物,HIGH,No tracked files at this path,No files under this path in origin/main,0,0,0,0
C:/Users/田尻大翔/.codex/visualizations/2026/09/12/01a095fe-94f6-7783-a93d-497f16bab356/Gate2R1Proof,C:\Users\田尻大翔\.codex,6,1516097558,1.411976,17918,2026-09-29T00:52:44+09:00,2026-09-29T00:51:09+09:00,19520,4,V/Gate2R1Proof,DESERT LOOP旧Proof/隔離Repository・raw Evidence混在,D. DO NOT DELETE YET,保存済みSource部分/Libraryは可、raw/旧Proofの固有入力は未確定,Yes: 少なくとも84 raw dumpsはGit未保存,HIGH (全体は削除しない),No containing repository detected; nested repositories possible,Unverified,0,0,,
C:/Users/田尻大翔/.codex/visualizations/2026/09/12/01a095fe-94f6-7783-a93d-497f16bab356/Gate2Proof,C:\Users\田尻大翔\.codex,6,1507162780,1.403655,17829,2026-09-29T00:11:08+09:00,2026-09-29T00:09:12+09:00,8939,2,V/Gate2Proof,DESERT LOOP旧Proof/隔離Repository・raw Evidence混在,D. DO NOT DELETE YET,保存済みSource部分/Libraryは可、raw/旧Proofの固有入力は未確定,Yes: 少なくとも84 raw dumpsはGit未保存,HIGH (全体は削除しない),No containing repository detected; nested repositories possible,Unverified,0,0,,
C:/Users/田尻大翔/.codex/visualizations/2026/09/12/01a095fe-94f6-7783-a93d-497f16bab356/LTI2,C:\Users\田尻大翔\.codex,6,1502981641,1.399761,17787,2026-09-30T15:05:09+09:00,2026-09-30T15:05:09+09:00,50463,10,V/LTI2,DESERT LOOP旧Proof/隔離Repository・raw Evidence混在,D. DO NOT DELETE YET,保存済みSource部分/Libraryは可、raw/旧Proofの固有入力は未確定,Yes: 少なくとも84 raw dumpsはGit未保存,HIGH (全体は削除しない),No containing repository detected; nested repositories possible,Unverified,0,0,,
C:/Users/田尻大翔/.codex/visualizations/2026/09/12/01a095fe-94f6-7783-a93d-497f16bab356/LTI,C:\Users\田尻大翔\.codex,6,1502184529,1.399018,17787,2026-09-30T13:15:41+09:00,2026-09-30T13:15:41+09:00,48636,13,V/LTI,DESERT LOOP旧Proof/隔離Repository・raw Evidence混在,D. DO NOT DELETE YET,保存済みSource部分/Libraryは可、raw/旧Proofの固有入力は未確定,Yes: 少なくとも84 raw dumpsはGit未保存,HIGH (全体は削除しない),No containing repository detected; nested repositories possible,Unverified,0,0,,
C:/Users/田尻大翔/.codex/visualizations/2026/09/12/01a095fe-94f6-7783-a93d-497f16bab356/HERO,C:\Users\田尻大翔\.codex,6,1502160933,1.398996,17789,2026-09-30T17:16:23+09:00,2026-09-30T17:16:23+09:00,13215,6,V/HERO,DESERT LOOP旧Proof/隔離Repository・raw Evidence混在,D. DO NOT DELETE YET,保存済みSource部分/Libraryは可、raw/旧Proofの固有入力は未確定,Yes: 少なくとも84 raw dumpsはGit未保存,HIGH (全体は削除しない),No containing repository detected; nested repositories possible,Unverified,0,0,,
C:/Users/田尻大翔/.codex/visualizations/2026/09/12/01a095fe-94f6-7783-a93d-497f16bab356/GRA,C:\Users\田尻大翔\.codex,6,1500122276,1.397098,17775,2026-09-30T12:40:33+09:00,2026-09-30T12:40:33+09:00,31950,5,V/GRA,DESERT LOOP旧Proof/隔離Repository・raw Evidence混在,D. DO NOT DELETE YET,保存済みSource部分/Libraryは可、raw/旧Proofの固有入力は未確定,Yes: 少なくとも84 raw dumpsはGit未保存,HIGH (全体は削除しない),No containing repository detected; nested repositories possible,Unverified,0,0,,
C:/Users/田尻大翔/.codex/visualizations/2026/09/12/01a095fe-94f6-7783-a93d-497f16bab356/Proof2ColorFix,C:\Users\田尻大翔\.codex,6,1498844103,1.395907,17749,2026-09-30T11:46:38+09:00,2026-09-30T11:46:38+09:00,17166,5,V/Proof2ColorFix,DESERT LOOP旧Proof/隔離Repository・raw Evidence混在,D. DO NOT DELETE YET,保存済みSource部分/Libraryは可、raw/旧Proofの固有入力は未確定,Yes: 少なくとも84 raw dumpsはGit未保存,HIGH (全体は削除しない),No containing repository detected; nested repositories possible,Unverified,0,0,,
C:/Users/田尻大翔/.codex/visualizations/2026/09/12/01a095fe-94f6-7783-a93d-497f16bab356/Proof2Calibration,C:\Users\田尻大翔\.codex,6,1495422343,1.392721,17721,2026-09-30T11:22:04+09:00,2026-09-30T11:22:04+09:00,14413,4,V/Proof2Calibration,DESERT LOOP旧Proof/隔離Repository・raw Evidence混在,D. DO NOT DELETE YET,保存済みSource部分/Libraryは可、raw/旧Proofの固有入力は未確定,Yes: 少なくとも84 raw dumpsはGit未保存,HIGH (全体は削除しない),No containing repository detected; nested repositories possible,Unverified,0,0,,
C:/Users/田尻大翔/.codex/visualizations/2026/09/12/01a095fe-94f6-7783-a93d-497f16bab356/UDF1B,C:\Users\田尻大翔\.codex,6,1403918766,1.307501,8782,2026-09-29T10:34:40+09:00,2026-09-29T10:34:39+09:00,7023073,10,V/UDF1B,DESERT LOOP旧Proof/隔離Repository・raw Evidence混在,D. DO NOT DELETE YET,保存済みSource部分/Libraryは可、raw/旧Proofの固有入力は未確定,Yes: 少なくとも84 raw dumpsはGit未保存,HIGH (全体は削除しない),No containing repository detected; nested repositories possible,Unverified,0,0,,
C:/Users/田尻大翔/Documents/Codex/2026-08-07/new-chat/outputs/HimoHitoPrototype/.codex_tmp/Tutorial2p5DIntroFix_20261002,C:\Users\田尻大翔\Documents\Codex,6,1296710910,1.207656,2567,2026-10-02T01:08:17+09:00,2026-10-02T01:07:39+09:00,1651668,6,H/.codex_tmp/Tutorial2p5DIntroFix_20261002,最新Tutorial 2.5D作業・関連QA/画像/検証Build,D. DO NOT DELETE YET,部分的に再生成可能でも今回の保護指定が優先,Yes: 未commitの作業を含む,HIGH,No tracked files at this path,No files under this path in origin/main,0,0,0,0
C:/Users/田尻大翔/Documents/Codex/2026-08-07/new-chat/outputs/HimoHitoPrototype/.codex_tmp/SubmissionBuild20260911,C:\Users\田尻大翔\Documents\Codex,6,1177131277,1.096289,1756,2026-09-11T21:21:54+09:00,2026-09-11T21:21:54+09:00,365536,6,H/.codex_tmp/SubmissionBuild20260911,提出/Archive checkpoint用snapshot,A. KEEP,歴史的snapshotを保持。Libraryだけ別判定,Yes/未確認: 当時資料/Source,HIGH,No tracked files at this path,No files under this path in origin/main,0,0,0,0
C:/Users/田尻大翔/Documents/Codex/2026-08-07/new-chat/outputs/HimoHitoPrototype/.codex_tmp/HumanPlaytest_20260930_231714,C:\Users\田尻大翔\Documents\Codex,6,1175045858,1.094347,1605,2026-09-30T23:34:43+09:00,2026-09-30T23:34:43+09:00,5933,3,H/.codex_tmp/HumanPlaytest_20260930_231714,Git未保存QA/原資料/診断copy,D. DO NOT DELETE YET,Libraryだけ可。固有Probe/原資料は保持,Yes: 未保存成果物,HIGH,No tracked files at this path,No files under this path in origin/main,0,0,0,0
C:/Users/田尻大翔/Documents/Codex/2026-08-07/new-chat/outputs/HimoHitoPrototype/.codex_tmp/HumanPlaytestFixes_20261001_065300,C:\Users\田尻大翔\Documents\Codex,6,1174934281,1.094243,1613,2026-10-01T07:03:14+09:00,2026-10-01T07:00:57+09:00,24599,11,H/.codex_tmp/HumanPlaytestFixes_20261001_065300,旧隔離QA/Build Project・診断Source/生成物の混在,C. PROBABLY SAFE,Libraryのみ可。コピー全体は固有Probe/入力照合が必要,Yes/未確認: ignoredフォルダ,MEDIUM-HIGH (全体は削除しない),No tracked files at this path,No files under this path in origin/main,0,0,0,0
C:/Users/田尻大翔/Documents/Codex/2026-08-07/new-chat/outputs/HimoHitoPrototype/Docs/QA/Tutorial2p5DProductionIntegration_20261001,C:\Users\田尻大翔\Documents\Codex,7,1068443348,0.995065,531,2026-10-02T00:34:45+09:00,2026-10-02T00:26:49+09:00,44884,15,H/Docs/QA/Tutorial2p5DProductionIntegration_20261001,最新Tutorial 2.5D作業・関連QA/画像/検証Build,D. DO NOT DELETE YET,部分的に再生成可能でも今回の保護指定が優先,Yes: 未commitの作業を含む,HIGH,No tracked files at this path,No files under this path in origin/main,0,0,0,531
C:/Users/田尻大翔/Documents/Codex/2026-08-07/new-chat/outputs/HimoHitoPrototype/Builds/Submission,C:\Users\田尻大翔\Documents\Codex,6,963338782,0.897179,303,2026-09-19T20:08:08+09:00,2026-09-11T21:20:26+09:00,163953490,1,H/Builds/Submission,提出済みBuildまたは資料の原本,A. KEEP,当時と同一内容の再生成は未保証,Yes: Gitにない提出物,HIGH,No tracked files at this path,No files under this path in origin/main,0,0,0,0
C:/Users/田尻大翔/Documents/UnityProjects/DesertLoop/Docs,C:\Users\田尻大翔\Documents\UnityProjects\DesertLoop,1,932896050,0.868827,2785,2026-09-25T21:12:24+09:00,2026-09-23T11:53:37+09:00,1047835,9,D/Docs,Production/資料/生成物を含む親フォルダ,A. KEEP,部分のみ可,Yes/未確認,HIGH,Mixed; tracked + untracked/ignored possible,Partial: tracked subset present in verified origin/main; local/ignored data not saved,1820,4167,1,966
C:/Users/田尻大翔/Documents/Codex/2026-08-07/new-chat/outputs/HimoHitoPrototype/.codex_tmp/Tutorial2p5DAllSections_20261001,C:\Users\田尻大翔\Documents\Codex,6,852849206,0.794278,1658,2026-10-01T22:18:40+09:00,2026-10-01T22:17:33+09:00,1120481,4,H/.codex_tmp/Tutorial2p5DAllSections_20261001,最新Tutorial 2.5D作業・関連QA/画像/検証Build,D. DO NOT DELETE YET,部分的に再生成可能でも今回の保護指定が優先,Yes: 未commitの作業を含む,HIGH,No tracked files at this path,No files under this path in origin/main,0,0,0,0
C:/Users/田尻大翔/Documents/Codex/2026-08-07/new-chat/outputs/HimoHitoPrototype/.codex_tmp/Tutorial2p5DForegroundRefine_20261001,C:\Users\田尻大翔\Documents\Codex,6,852790678,0.794223,1658,2026-10-01T21:04:03+09:00,2026-10-01T21:02:48+09:00,996925,4,H/.codex_tmp/Tutorial2p5DForegroundRefine_20261001,最新Tutorial 2.5D作業・関連QA/画像/検証Build,D. DO NOT DELETE YET,部分的に再生成可能でも今回の保護指定が優先,Yes: 未commitの作業を含む,HIGH,No tracked files at this path,No files under this path in origin/main,0,0,0,0
C:/Users/田尻大翔/Documents/Codex/2026-08-07/new-chat/outputs/HimoHitoPrototype/.codex_tmp/Tutorial2p5DProof_20261001,C:\Users\田尻大翔\Documents\Codex,6,834991919,0.777647,1651,2026-10-01T20:17:28+09:00,2026-10-01T20:16:16+09:00,933262,5,H/.codex_tmp/Tutorial2p5DProof_20261001,最新Tutorial 2.5D作業・関連QA/画像/検証Build,D. DO NOT DELETE YET,部分的に再生成可能でも今回の保護指定が優先,Yes: 未commitの作業を含む,HIGH,No tracked files at this path,No files under this path in origin/main,0,0,0,0
C:/Users/田尻大翔/Documents/Codex/2026-08-07/new-chat/outputs/HimoHitoPrototype/output/DeterministicSceneSyncAB_20261001_154205,C:\Users\田尻大翔\Documents\Codex,6,796291812,0.741605,290,2026-10-01T15:52:52+09:00,2026-10-01T15:52:26+09:00,0,0,H/output/DeterministicSceneSyncAB_20261001_154205,Windows Build/提出・共有用成果物,C. PROBABLY SAFE,対応する当時Source/外部BGMを確定後に可。byte同一未保証,Yes: Build自体はGit未保存,MEDIUM (最新版/必要なHuman版は残す),No tracked files at this path,No files under this path in origin/main,0,0,0,290
C:/Users/田尻大翔/.codex/visualizations/2026/09/12/01a095fe-94f6-7783-a93d-497f16bab356/UDF1A,C:\Users\田尻大翔\.codex,6,689716546,0.642349,3984,2026-09-29T02:57:56+09:00,2026-09-29T02:57:56+09:00,30669217,4,V/UDF1A,DESERT LOOP旧Proof/隔離Repository・raw Evidence混在,D. DO NOT DELETE YET,保存済みSource部分/Libraryは可、raw/旧Proofの固有入力は未確定,Yes: 少なくとも84 raw dumpsはGit未保存,HIGH (全体は削除しない),No containing repository detected; nested repositories possible,Unverified,0,0,,
C:/Users/田尻大翔/Documents/Codex/2026-08-07/new-chat/outputs/HimoHitoPrototype/Docs/QA/Tutorial2p5DIntroFix_20261002,C:\Users\田尻大翔\Documents\Codex,7,669531170,0.623549,386,2026-10-02T01:18:07+09:00,2026-10-02T01:18:07+09:00,52343,11,H/Docs/QA/Tutorial2p5DIntroFix_20261002,最新Tutorial 2.5D作業・関連QA/画像/検証Build,D. DO NOT DELETE YET,部分的に再生成可能でも今回の保護指定が優先,Yes: 未commitの作業を含む,HIGH,No tracked files at this path,No files under this path in origin/main,0,0,0,386
C:/Users/田尻大翔/Documents/UnityProjects/DesertLoop/.git,C:\Users\田尻大翔\Documents\UnityProjects\DesertLoop,1,577079706,0.537447,819,2026-09-30T18:05:18+09:00,2026-09-30T17:56:40+09:00,323417,6,D/.git,Repository履歴/参照/Index,A. KEEP,このローカル履歴の完全復元は未確認,ローカル履歴を含む可能性,HIGH,No tracked files at this path,No files under this path in origin/main,0,0,0,0
C:/Users/田尻大翔/Documents/Codex/2026-08-07/new-chat/outputs/HimoHitoPrototype/Builds/Share,C:\Users\田尻大翔\Documents\Codex,6,537776393,0.500843,292,2026-09-09T23:05:02+09:00,2026-09-09T23:05:02+09:00,198522639,3,H/Builds/Share,Windows Build/提出・共有用成果物,C. PROBABLY SAFE,対応する当時Source/外部BGMを確定後に可。byte同一未保証,Yes: Build自体はGit未保存,MEDIUM (最新版/必要なHuman版は残す),No tracked files at this path,No files under this path in origin/main,0,0,0,0
C:/Users/田尻大翔/Documents/Codex/2026-08-07/new-chat/outputs/HimoHitoPrototype/.codex_tmp/CraftUiCheck,C:\Users\田尻大翔\Documents\Codex,6,518517928,0.482907,961,2026-09-11T00:08:54+09:00,2026-09-11T00:08:53+09:00,13417282,61,H/.codex_tmp/CraftUiCheck,旧隔離QA/Build Project・診断Source/生成物の混在,C. PROBABLY SAFE,Libraryのみ可。コピー全体は固有Probe/入力照合が必要,Yes/未確認: ignoredフォルダ,MEDIUM-HIGH (全体は削除しない),No tracked files at this path,No files under this path in origin/main,0,0,0,0
C:/Users/田尻大翔/.codex/plugins,C:\Users\田尻大翔\.codex,1,490071043,0.456414,968,2026-10-01T21:43:40+09:00,2026-09-30T10:03:11+09:00,0,0,C/plugins,監査対象の親ルート/アプリ作業領域,A. KEEP,一括再生成不可,Yes/未確認,HIGH (一括削除禁止),No containing repository detected; nested repositories possible,Unverified,0,0,,
C:/Users/田尻大翔/Documents/Codex/2026-08-07/new-chat/outputs/HimoHitoPrototype/Library,C:\Users\田尻大翔\Documents\Codex,5,453546336,0.422398,1385,2026-10-01T20:30:38+09:00,2026-10-01T19:30:04+09:00,4541989,27,H/Library,起動中HimoHitoのUnity作業キャッシュ/ログ,D. DO NOT DELETE YET,一部可だが使用中,使用中。消去不可,HIGH (使用中),No tracked files at this path,No files under this path in origin/main,0,0,0,0
C:/Users/田尻大翔/Documents/Codex/2026-08-07/new-chat/outputs/HimoHitoPrototype/Docs/QA/Tutorial2p5DForegroundRefine_20261001,C:\Users\田尻大翔\Documents\Codex,7,451724522,0.420701,172,2026-10-01T21:44:41+09:00,2026-10-01T21:09:42+09:00,50122,11,H/Docs/QA/Tutorial2p5DForegroundRefine_20261001,最新Tutorial 2.5D作業・関連QA/画像/検証Build,D. DO NOT DELETE YET,部分的に再生成可能でも今回の保護指定が優先,Yes: 未commitの作業を含む,HIGH,No tracked files at this path,No files under this path in origin/main,0,0,0,172
C:/Users/田尻大翔/Documents/Codex/2026-08-07/new-chat/outputs/HimoHitoPrototype/Docs/QA/Tutorial2p5DProof_20261001,C:\Users\田尻大翔\Documents\Codex,7,451092480,0.420113,167,2026-10-01T20:27:53+09:00,2026-10-01T20:27:29+09:00,45505,10,H/Docs/QA/Tutorial2p5DProof_20261001,最新Tutorial 2.5D作業・関連QA/画像/検証Build,D. DO NOT DELETE YET,部分的に再生成可能でも今回の保護指定が優先,Yes: 未commitの作業を含む,HIGH,No tracked files at this path,No files under this path in origin/main,0,0,0,167
C:/Users/田尻大翔/.codex/.sandbox-bin,C:\Users\田尻大翔\.codex,1,430888080,0.401296,19,2026-09-30T10:14:42+09:00,2026-09-30T10:14:42+09:00,430888080,19,C/.sandbox-bin,監査対象の親ルート/アプリ作業領域,A. KEEP,一括再生成不可,Yes/未確認,HIGH (一括削除禁止),No containing repository detected; nested repositories possible,Unverified,0,0,,
C:/Users/田尻大翔/Documents/Codex/2026-08-07/new-chat/outputs/HimoHitoPrototype/output/Tutorial2p5DForegroundRefine_20261001_Refine01,C:\Users\田尻大翔\Documents\Codex,6,429269351,0.399788,148,2026-10-01T21:04:02+09:00,2026-10-01T21:03:06+09:00,1310,2,H/output/Tutorial2p5DForegroundRefine_20261001_Refine01,最新Tutorial 2.5D作業・関連QA/画像/検証Build,D. DO NOT DELETE YET,部分的に再生成可能でも今回の保護指定が優先,Yes: 未commitの作業を含む,HIGH,No tracked files at this path,No files under this path in origin/main,0,0,0,148
C:/Users/田尻大翔/Documents/Codex/2026-08-07/new-chat/outputs/HimoHitoPrototype/output/Tutorial2p5DAllSections_20261001_Trial01,C:\Users\田尻大翔\Documents\Codex,6,429268450,0.399787,149,2026-10-01T22:20:34+09:00,2026-10-01T22:20:34+09:00,426,3,H/output/Tutorial2p5DAllSections_20261001_Trial01,最新Tutorial 2.5D作業・関連QA/画像/検証Build,D. DO NOT DELETE YET,部分的に再生成可能でも今回の保護指定が優先,Yes: 未commitの作業を含む,HIGH,No tracked files at this path,No files under this path in origin/main,0,0,0,149
C:/Users/田尻大翔/Documents/Codex/2026-08-07/new-chat/outputs/HimoHitoPrototype/.codex_tmp/HumanPlaytestFixes_20260930,C:\Users\田尻大翔\Documents\Codex,6,427604936,0.398238,875,2026-10-01T01:00:34+09:00,2026-10-01T01:00:34+09:00,24764,7,H/.codex_tmp/HumanPlaytestFixes_20260930,旧隔離QA/Build Project・診断Source/生成物の混在,C. PROBABLY SAFE,Libraryのみ可。コピー全体は固有Probe/入力照合が必要,Yes/未確認: ignoredフォルダ,MEDIUM-HIGH (全体は削除しない),No tracked files at this path,No files under this path in origin/main,0,0,0,0
C:/Users/田尻大翔/Documents/Codex/2026-08-07/new-chat/outputs/HimoHitoPrototype/.codex_tmp/CheckpointMergedBridgeFix_20260930,C:\Users\田尻大翔\Documents\Codex,6,427388260,0.398036,865,2026-09-30T20:59:10+09:00,2026-09-30T20:55:05+09:00,29625,5,H/.codex_tmp/CheckpointMergedBridgeFix_20260930,旧隔離QA/Build Project・診断Source/生成物の混在,C. PROBABLY SAFE,Libraryのみ可。コピー全体は固有Probe/入力照合が必要,Yes/未確認: ignoredフォルダ,MEDIUM-HIGH (全体は削除しない),No tracked files at this path,No files under this path in origin/main,0,0,0,0
C:/Users/田尻大翔/Documents/Codex/2026-08-07/new-chat/outputs/HimoHitoPrototype/.codex_tmp/MainStageSceneDiffAudit_20261001,C:\Users\田尻大翔\Documents\Codex,6,427329954,0.397982,851,2026-10-01T13:28:49+09:00,2026-10-01T13:23:58+09:00,0,0,H/.codex_tmp/MainStageSceneDiffAudit_20261001,旧隔離QA/Build Project・診断Source/生成物の混在,C. PROBABLY SAFE,Libraryのみ可。コピー全体は固有Probe/入力照合が必要,Yes/未確認: ignoredフォルダ,MEDIUM-HIGH (全体は削除しない),No tracked files at this path,No files under this path in origin/main,0,0,0,0
C:/Users/田尻大翔/Documents/Codex/2026-08-07/new-chat/outputs/HimoHitoPrototype/.codex_tmp/CheckpointMergedBridgeRepro_20260930,C:\Users\田尻大翔\Documents\Codex,6,427294444,0.397949,864,2026-09-30T19:21:37+09:00,2026-09-30T19:09:28+09:00,24368,4,H/.codex_tmp/CheckpointMergedBridgeRepro_20260930,旧隔離QA/Build Project・診断Source/生成物の混在,C. PROBABLY SAFE,Libraryのみ可。コピー全体は固有Probe/入力照合が必要,Yes/未確認: ignoredフォルダ,MEDIUM-HIGH (全体は削除しない),No tracked files at this path,No files under this path in origin/main,0,0,0,0
C:/Users/田尻大翔/Documents/Codex/2026-08-07/new-chat/outputs/HimoHitoPrototype/output/Tutorial2p5DIntroFix_20261002_Review01,C:\Users\田尻大翔\Documents\Codex,6,420992605,0.39208,148,2026-10-02T01:15:12+09:00,2026-10-02T01:14:18+09:00,2566,2,H/output/Tutorial2p5DIntroFix_20261002_Review01,最新Tutorial 2.5D作業・関連QA/画像/検証Build,D. DO NOT DELETE YET,部分的に再生成可能でも今回の保護指定が優先,Yes: 未commitの作業を含む,HIGH,No tracked files at this path,No files under this path in origin/main,0,0,0,148
C:/Users/田尻大翔/Documents/Codex/2026-08-07/new-chat/outputs/HimoHitoPrototype/output/Tutorial2p5DProductionIntegration_20261001_Production04,C:\Users\田尻大翔\Documents\Codex,6,420987115,0.392075,147,2026-10-02T00:17:36+09:00,2026-10-02T00:17:36+09:00,627,1,H/output/Tutorial2p5DProductionIntegration_20261001_Production04,最新Tutorial 2.5D作業・関連QA/画像/検証Build,D. DO NOT DELETE YET,部分的に再生成可能でも今回の保護指定が優先,Yes: 未commitの作業を含む,HIGH,No tracked files at this path,No files under this path in origin/main,0,0,0,147
C:/Users/田尻大翔/Documents/Codex/2026-08-07/new-chat/outputs/HimoHitoPrototype/output/Tutorial2p5DProductionIntegration_20261001_Production03,C:\Users\田尻大翔\Documents\Codex,6,420986083,0.392074,147,2026-10-02T00:11:00+09:00,2026-10-02T00:10:59+09:00,619,1,H/output/Tutorial2p5DProductionIntegration_20261001_Production03,最新Tutorial 2.5D作業・関連QA/画像/検証Build,D. DO NOT DELETE YET,部分的に再生成可能でも今回の保護指定が優先,Yes: 未commitの作業を含む,HIGH,No tracked files at this path,No files under this path in origin/main,0,0,0,147
C:/Users/田尻大翔/Documents/Codex/2026-08-07/new-chat/outputs/HimoHitoPrototype/output/Tutorial2p5DProductionIntegration_20261001_Production02,C:\Users\田尻大翔\Documents\Codex,6,420984952,0.392073,146,2026-10-01T23:49:13+09:00,2026-10-01T23:48:14+09:00,0,0,H/output/Tutorial2p5DProductionIntegration_20261001_Production02,最新Tutorial 2.5D作業・関連QA/画像/検証Build,D. DO NOT DELETE YET,部分的に再生成可能でも今回の保護指定が優先,Yes: 未commitの作業を含む,HIGH,No tracked files at this path,No files under this path in origin/main,0,0,0,146
C:/Users/田尻大翔/Documents/Codex/2026-08-07/new-chat/outputs/HimoHitoPrototype/output/Tutorial2p5DProof_20261001_Proof01,C:\Users\田尻大翔\Documents\Codex,6,420965881,0.392055,148,2026-10-01T20:17:27+09:00,2026-10-01T20:16:33+09:00,1291,2,H/output/Tutorial2p5DProof_20261001_Proof01,最新Tutorial 2.5D作業・関連QA/画像/検証Build,D. DO NOT DELETE YET,部分的に再生成可能でも今回の保護指定が優先,Yes: 未commitの作業を含む,HIGH,No tracked files at this path,No files under this path in origin/main,0,0,0,148
C:/Users/田尻大翔/Documents/Codex/2026-08-07/new-chat/outputs/HimoHitoPrototype/output/HumanPlaytest_20260930_231714,C:\Users\田尻大翔\Documents\Codex,6,398395725,0.371035,158,2026-09-30T23:39:49+09:00,2026-09-30T23:33:42+09:00,32652,4,H/output/HumanPlaytest_20260930_231714,旧初回Human Build (QA未保存),D. DO NOT DELETE YET,入力/採用版の対応未確定,Yes: QA/Build未保存,HIGH,No tracked files at this path,No files under this path in origin/main,0,0,0,158
C:/Users/田尻大翔/Documents/Codex/2026-08-07/new-chat/outputs/HimoHitoPrototype/output/HumanPlaytestFixes_20261001_065300,C:\Users\田尻大翔\Documents\Codex,6,398193823,0.370847,153,2026-10-01T07:08:08+09:00,2026-10-01T07:02:55+09:00,34168,4,H/output/HumanPlaytestFixes_20261001_065300,Windows Build/提出・共有用成果物,C. PROBABLY SAFE,対応する当時Source/外部BGMを確定後に可。byte同一未保証,Yes: Build自体はGit未保存,MEDIUM (最新版/必要なHuman版は残す),No tracked files at this path,No files under this path in origin/main,0,0,0,153
C:/Users/田尻大翔/Documents/Codex/2026-08-07/new-chat/outputs/HimoHitoPrototype/output/Tutorial2p5DProductionIntegration_20261001_Baseline05,C:\Users\田尻大翔\Documents\Codex,6,398151304,0.370807,146,2026-10-02T00:15:44+09:00,2026-10-02T00:15:16+09:00,0,0,H/output/Tutorial2p5DProductionIntegration_20261001_Baseline05,最新Tutorial 2.5D作業・関連QA/画像/検証Build,D. DO NOT DELETE YET,部分的に再生成可能でも今回の保護指定が優先,Yes: 未commitの作業を含む,HIGH,No tracked files at this path,No files under this path in origin/main,0,0,0,146
C:/Users/田尻大翔/Documents/Codex/2026-08-07/new-chat/outputs/HimoHitoPrototype/output/Tutorial2p5DProductionIntegration_20261001_Baseline03,C:\Users\田尻大翔\Documents\Codex,6,398150280,0.370806,146,2026-10-01T23:48:35+09:00,2026-10-01T23:48:14+09:00,0,0,H/output/Tutorial2p5DProductionIntegration_20261001_Baseline03,最新Tutorial 2.5D作業・関連QA/画像/検証Build,D. DO NOT DELETE YET,部分的に再生成可能でも今回の保護指定が優先,Yes: 未commitの作業を含む,HIGH,No tracked files at this path,No files under this path in origin/main,0,0,0,146
C:/Users/田尻大翔/Documents/Codex/2026-08-07/new-chat/outputs/HimoHitoPrototype/output/Tutorial2p5DProductionIntegration_20261001_Baseline04,C:\Users\田尻大翔\Documents\Codex,6,398150280,0.370806,146,2026-10-01T23:57:57+09:00,2026-10-01T23:57:29+09:00,0,0,H/output/Tutorial2p5DProductionIntegration_20261001_Baseline04,最新Tutorial 2.5D作業・関連QA/画像/検証Build,D. DO NOT DELETE YET,部分的に再生成可能でも今回の保護指定が優先,Yes: 未commitの作業を含む,HIGH,No tracked files at this path,No files under this path in origin/main,0,0,0,146
C:/Users/田尻大翔/Documents/Codex/2026-08-07/new-chat/outputs/HimoHitoPrototype/output/MainStageCleanReproduction_ExternalBGM_20261001_151833,C:\Users\田尻大翔\Documents\Codex,6,398146268,0.370803,146,2026-10-01T15:35:22+09:00,2026-10-01T15:35:22+09:00,362,1,H/output/MainStageCleanReproduction_ExternalBGM_20261001_151833,Windows Build/提出・共有用成果物,C. PROBABLY SAFE,対応する当時Source/外部BGMを確定後に可。byte同一未保証,Yes: Build自体はGit未保存,MEDIUM (最新版/必要なHuman版は残す),No tracked files at this path,No files under this path in origin/main,0,0,0,146
C:/Users/田尻大翔/Documents/Codex/2026-08-07/new-chat/outputs/HimoHitoPrototype/output/Tutorial2p5DProductionIntegration_20261001_Baseline01,C:\Users\田尻大翔\Documents\Codex,6,398146041,0.370802,146,2026-10-01T23:27:46+09:00,2026-10-01T23:26:06+09:00,0,0,H/output/Tutorial2p5DProductionIntegration_20261001_Baseline01,最新Tutorial 2.5D作業・関連QA/画像/検証Build,D. DO NOT DELETE YET,部分的に再生成可能でも今回の保護指定が優先,Yes: 未commitの作業を含む,HIGH,No tracked files at this path,No files under this path in origin/main,0,0,0,146
C:/Users/田尻大翔/Documents/UnityProjects/DesertLoop/Logs/GateAArtFixV22,C:\Users\田尻大翔\Documents\UnityProjects\DesertLoop,2,392175771,0.365242,195,2026-09-26T16:07:38+09:00,2026-09-26T16:07:31+09:00,155633614,56,D/Logs/GateAArtFixV22,DESERT LOOP旧診断Unityコピー/Art検証/ログ混在,D. DO NOT DELETE YET,Libraryのみ可。Scene/Art/診断Sourceは未保存あり,Yes/未確認: Logs全体がGit除外,HIGH (親フォルダ一括禁止),No tracked files at this path,No files under this path in origin/main,0,0,0,0
C:/Users/田尻大翔/Documents/Codex/2026-08-07/new-chat/outputs/HimoHitoPrototype/.git,C:\Users\田尻大翔\Documents\Codex,5,364236796,0.339222,77,2026-10-01T23:08:51+09:00,2026-10-01T23:08:51+09:00,136315,7,H/.git,Repository履歴/参照/Index,A. KEEP,このローカル履歴の完全復元は未確認,ローカル履歴を含む可能性,HIGH,No tracked files at this path,No files under this path in origin/main,0,0,0,0
C:/Users/田尻大翔/Documents/Codex/2026-08-07/new-chat/outputs/HimoHitoPrototype/Docs/QA/Tutorial2p5DAllSections_20261001,C:\Users\田尻大翔\Documents\Codex,7,359747174,0.335041,222,2026-10-01T22:30:03+09:00,2026-10-01T22:27:48+09:00,58464,9,H/Docs/QA/Tutorial2p5DAllSections_20261001,最新Tutorial 2.5D作業・関連QA/画像/検証Build,D. DO NOT DELETE YET,部分的に再生成可能でも今回の保護指定が優先,Yes: 未commitの作業を含む,HIGH,No tracked files at this path,No files under this path in origin/main,0,0,0,222
C:/Users/田尻大翔/.codex/generated_images,C:\Users\田尻大翔\.codex,1,304060656,0.283179,183,2026-10-01T20:45:11+09:00,2026-09-16T16:15:51+09:00,0,0,C/generated_images,監査対象の親ルート/アプリ作業領域,A. KEEP,一括再生成不可,Yes/未確認,HIGH (一括削除禁止),No containing repository detected; nested repositories possible,Unverified,0,0,,
C:/Users/田尻大翔/Documents/UnityProjects/DesertLoop/Logs/HoleComparison,C:\Users\田尻大翔\Documents\UnityProjects\DesertLoop,2,293532034,0.273373,560,2026-09-20T22:24:28+09:00,2026-09-20T22:16:17+09:00,0,0,D/Logs/HoleComparison,DESERT LOOP旧診断Unityコピー/Art検証/ログ混在,D. DO NOT DELETE YET,Libraryのみ可。Scene/Art/診断Sourceは未保存あり,Yes/未確認: Logs全体がGit除外,HIGH (親フォルダ一括禁止),No tracked files at this path,No files under this path in origin/main,0,0,0,0
C:/Users/田尻大翔/Documents/UnityProjects/DesertLoop/Logs/M5H6Crack,C:\Users\田尻大翔\Documents\UnityProjects\DesertLoop,2,265169365,0.246958,622,2026-09-21T01:34:12+09:00,2026-09-21T01:34:09+09:00,924872,10,D/Logs/M5H6Crack,DESERT LOOP旧診断Unityコピー/Art検証/ログ混在,D. DO NOT DELETE YET,Libraryのみ可。Scene/Art/診断Sourceは未保存あり,Yes/未確認: Logs全体がGit除外,HIGH (親フォルダ一括禁止),No tracked files at this path,No files under this path in origin/main,0,0,0,0
C:/Users/田尻大翔/Documents/UnityProjects/DesertLoop/Logs/M5H5Refinement,C:\Users\田尻大翔\Documents\UnityProjects\DesertLoop,2,241216817,0.224651,554,2026-09-21T00:58:08+09:00,2026-09-21T00:58:05+09:00,838119,10,D/Logs/M5H5Refinement,DESERT LOOP旧診断Unityコピー/Art検証/ログ混在,D. DO NOT DELETE YET,Libraryのみ可。Scene/Art/診断Sourceは未保存あり,Yes/未確認: Logs全体がGit除外,HIGH (親フォルダ一括禁止),No tracked files at this path,No files under this path in origin/main,0,0,0,0
C:/Users/田尻大翔/Documents/UnityProjects/DesertLoop/Logs/M5NaturalCrack,C:\Users\田尻大翔\Documents\UnityProjects\DesertLoop,2,227455104,0.211834,514,2026-09-21T00:30:57+09:00,2026-09-21T00:30:54+09:00,525586,8,D/Logs/M5NaturalCrack,DESERT LOOP旧診断Unityコピー/Art検証/ログ混在,D. DO NOT DELETE YET,Libraryのみ可。Scene/Art/診断Sourceは未保存あり,Yes/未確認: Logs全体がGit除外,HIGH (親フォルダ一括禁止),No tracked files at this path,No files under this path in origin/main,0,0,0,0
C:/Users/田尻大翔/Documents/UnityProjects/DesertLoop/Logs/M5DesertLayout,C:\Users\田尻大翔\Documents\UnityProjects\DesertLoop,2,218064569,0.203088,483,2026-09-20T23:13:43+09:00,2026-09-20T23:13:41+09:00,931629,13,D/Logs/M5DesertLayout,DESERT LOOP旧診断Unityコピー/Art検証/ログ混在,D. DO NOT DELETE YET,Libraryのみ可。Scene/Art/診断Sourceは未保存あり,Yes/未確認: Logs全体がGit除外,HIGH (親フォルダ一括禁止),No tracked files at this path,No files under this path in origin/main,0,0,0,0
C:/Users/田尻大翔/Documents/UnityProjects/DesertLoop/Logs/M5CleanTerrain,C:\Users\田尻大翔\Documents\UnityProjects\DesertLoop,2,215249082,0.200466,471,2026-09-20T23:50:28+09:00,2026-09-20T23:50:26+09:00,959013,11,D/Logs/M5CleanTerrain,DESERT LOOP旧診断Unityコピー/Art検証/ログ混在,D. DO NOT DELETE YET,Libraryのみ可。Scene/Art/診断Sourceは未保存あり,Yes/未確認: Logs全体がGit除外,HIGH (親フォルダ一括禁止),No tracked files at this path,No files under this path in origin/main,0,0,0,0
C:/Users/田尻大翔/Documents/UnityProjects/DesertLoop/Logs/Foreground,C:\Users\田尻大翔\Documents\UnityProjects\DesertLoop,2,187821300,0.174922,455,2026-09-20T21:39:30+09:00,2026-09-20T21:37:34+09:00,0,0,D/Logs/Foreground,DESERT LOOP旧診断Unityコピー/Art検証/ログ混在,D. DO NOT DELETE YET,Libraryのみ可。Scene/Art/診断Sourceは未保存あり,Yes/未確認: Logs全体がGit除外,HIGH (親フォルダ一括禁止),No tracked files at this path,No files under this path in origin/main,0,0,0,0
C:/Users/田尻大翔/Documents/Codex/2026-08-07/new-chat/outputs/HimoHitoPrototype/Builds/Windows,C:\Users\田尻大翔\Documents\Codex,6,171990380,0.160179,147,2026-09-04T22:55:53+09:00,2026-09-04T22:55:53+09:00,875,2,H/Builds/Windows,Windows Build/提出・共有用成果物,C. PROBABLY SAFE,対応する当時Source/外部BGMを確定後に可。byte同一未保証,Yes: Build自体はGit未保存,MEDIUM (最新版/必要なHuman版は残す),No tracked files at this path,No files under this path in origin/main,0,0,0,0
C:/Users/田尻大翔/Documents/Codex/2026-08-07/new-chat/outputs/HimoHitoPrototype/Builds/HimoHitoPrototype_Friend_2026-08-28-230228,C:\Users\田尻大翔\Documents\Codex,6,155510266,0.14483,144,2026-08-28T23:06:47+09:00,2026-08-28T23:06:47+09:00,39071576,3,H/Builds/HimoHitoPrototype_Friend_2026-08-28-230228,Windows Build/提出・共有用成果物,C. PROBABLY SAFE,対応する当時Source/外部BGMを確定後に可。byte同一未保証,Yes: Build自体はGit未保存,MEDIUM (最新版/必要なHuman版は残す),No tracked files at this path,No files under this path in origin/main,0,0,0,0
C:/Users/田尻大翔/Documents/UnityProjects/DesertLoop/Logs/M2Refinement,C:\Users\田尻大翔\Documents\UnityProjects\DesertLoop,2,123982049,0.115467,296,2026-09-20T20:53:11+09:00,2026-09-20T20:52:52+09:00,0,0,D/Logs/M2Refinement,DESERT LOOP旧診断Unityコピー/Art検証/ログ混在,D. DO NOT DELETE YET,Libraryのみ可。Scene/Art/診断Sourceは未保存あり,Yes/未確認: Logs全体がGit除外,HIGH (親フォルダ一括禁止),No tracked files at this path,No files under this path in origin/main,0,0,0,0
C:/Users/田尻大翔/Documents/Codex/2026-08-07/new-chat/outputs/HimoHitoPrototype/Assets,C:\Users\田尻大翔\Documents\Codex,5,118335364,0.110208,451,2026-10-02T01:02:48+09:00,2026-10-01T20:30:38+09:00,854,5,H/Assets,Production Source/Scene/Asset/設定,A. KEEP,未保存変更は不可,Yes: Production未保存を保護,HIGH,Mixed; tracked + untracked/ignored possible,Partial: tracked subset present in verified origin/main; local/ignored data not saved,437,437,2,15
C:/Users/田尻大翔/Documents/UnityProjects/DesertLoop/Logs/Midground,C:\Users\田尻大翔\Documents\UnityProjects\DesertLoop,2,108587163,0.10113,254,2026-09-20T20:31:29+09:00,2026-09-20T20:31:11+09:00,0,0,D/Logs/Midground,DESERT LOOP旧診断Unityコピー/Art検証/ログ混在,D. DO NOT DELETE YET,Libraryのみ可。Scene/Art/診断Sourceは未保存あり,Yes/未確認: Logs全体がGit除外,HIGH (親フォルダ一括禁止),No tracked files at this path,No files under this path in origin/main,0,0,0,0
C:/Users/田尻大翔/.codex/.tmp,C:\Users\田尻大翔\.codex,1,92368312,0.086025,5967,2026-09-30T10:03:11+09:00,2026-09-05T02:11:32+09:00,41,3,C/.tmp,監査対象の親ルート/アプリ作業領域,A. KEEP,一括再生成不可,Yes/未確認,HIGH (一括削除禁止),No containing repository detected; nested repositories possible,Unverified,0,0,,
C:/Users/田尻大翔/Documents/Codex/2026-08-07/new-chat/outputs/HimoHitoPrototype/Docs/QA/MainStageCleanReproduction_20261001,C:\Users\田尻大翔\Documents\Codex,7,83995943,0.078227,225,2026-10-01T16:25:59+09:00,2026-10-01T16:25:58+09:00,37409,11,H/Docs/QA/MainStageCleanReproduction_20261001,HimoHito QA記録・Evidence,A. KEEP,検証時点の証拠。Git未保存分あり,Mixed: CSVでGit保存件数参照,HIGH,Mixed; tracked + untracked/ignored possible,Partial: tracked subset present in verified origin/main; local/ignored data not saved,224,224,0,1
C:/Users/田尻大翔/Documents/UnityProjects/DesertLoop/Logs/TerrainMassB2,C:\Users\田尻大翔\Documents\UnityProjects\DesertLoop,2,82861747,0.077171,190,2026-09-20T18:42:46+09:00,2026-09-20T18:40:18+09:00,0,0,D/Logs/TerrainMassB2,DESERT LOOP旧診断Unityコピー/Art検証/ログ混在,D. DO NOT DELETE YET,Libraryのみ可。Scene/Art/診断Sourceは未保存あり,Yes/未確認: Logs全体がGit除外,HIGH (親フォルダ一括禁止),No tracked files at this path,No files under this path in origin/main,0,0,0,0
C:/Users/田尻大翔/Documents/Codex/2026-08-07/new-chat/outputs/HimoHitoPrototype/Docs/QA/FullGameRegression_20260930,C:\Users\田尻大翔\Documents\Codex,7,80223404,0.074714,144,2026-09-30T22:53:12+09:00,2026-09-30T22:43:33+09:00,29619,11,H/Docs/QA/FullGameRegression_20260930,HimoHito QA記録・Evidence,A. KEEP,検証時点の証拠。Git未保存分あり,Mixed: CSVでGit保存件数参照,HIGH,No tracked files at this path,No files under this path in origin/main,0,0,0,144
C:/Users/田尻大翔/.codex/.sandbox,C:\Users\田尻大翔\.codex,1,70895311,0.066026,67,2026-10-02T01:26:09+09:00,2026-10-01T10:45:16+09:00,70895311,67,C/.sandbox,監査対象の親ルート/アプリ作業領域,A. KEEP,一括再生成不可,Yes/未確認,HIGH (一括削除禁止),No containing repository detected; nested repositories possible,Unverified,0,0,,
C:/Users/田尻大翔/Documents/Codex/2026-08-07/new-chat/outputs/HimoHitoPrototype/Docs/QA/HumanPlaytestFixes_20260930,C:\Users\田尻大翔\Documents\Codex,7,68261429,0.063573,118,2026-10-01T10:47:28+09:00,2026-10-01T10:47:28+09:00,21161,9,H/Docs/QA/HumanPlaytestFixes_20260930,HimoHito QA記録・Evidence,A. KEEP,検証時点の証拠。Git未保存分あり,Mixed: CSVでGit保存件数参照,HIGH,Mixed; tracked + untracked/ignored possible,All files at path present in origin/main and working tree clean,118,118,0,0
C:/Users/田尻大翔/Documents/UnityProjects/DesertLoop/Logs/TerrainBenchmark,C:\Users\田尻大翔\Documents\UnityProjects\DesertLoop,2,58279063,0.054277,103,2026-09-20T16:33:42+09:00,2026-09-20T16:32:56+09:00,0,0,D/Logs/TerrainBenchmark,DESERT LOOP旧診断Unityコピー/Art検証/ログ混在,D. DO NOT DELETE YET,Libraryのみ可。Scene/Art/診断Sourceは未保存あり,Yes/未確認: Logs全体がGit除外,HIGH (親フォルダ一括禁止),No tracked files at this path,No files under this path in origin/main,0,0,0,0
C:/Users/田尻大翔/.codex/visualizations/2026/09/12/01a095fe-94f6-7783-a93d-497f16bab356/Gate2MethodCloseSource,C:\Users\田尻大翔\.codex,6,57044338,0.053127,426,2026-09-29T01:07:03+09:00,2026-09-29T01:07:03+09:00,26579882,6,V/Gate2MethodCloseSource,DESERT LOOP旧Proof/隔離Repository・raw Evidence混在,D. DO NOT DELETE YET,保存済みSource部分/Libraryは可、raw/旧Proofの固有入力は未確定,Yes: 少なくとも84 raw dumpsはGit未保存,HIGH (全体は削除しない),No containing repository detected; nested repositories possible,Unverified,0,0,,
C:/Users/田尻大翔/Documents/UnityProjects/DesertLoop/Logs/TerrainMass,C:\Users\田尻大翔\Documents\UnityProjects\DesertLoop,2,56001149,0.052155,120,2026-09-20T17:41:48+09:00,2026-09-20T17:39:30+09:00,0,0,D/Logs/TerrainMass,DESERT LOOP旧診断Unityコピー/Art検証/ログ混在,D. DO NOT DELETE YET,Libraryのみ可。Scene/Art/診断Sourceは未保存あり,Yes/未確認: Logs全体がGit除外,HIGH (親フォルダ一括禁止),No tracked files at this path,No files under this path in origin/main,0,0,0,0
C:/Users/田尻大翔/.codex/visualizations/2026/08/08/019fdfa3-5ee1-7911-8a24-63282af5bae4,C:\Users\田尻大翔\.codex,5,52945269,0.049309,552,2026-08-25T00:25:56+09:00,2026-08-25T00:22:34+09:00,0,0,VH,HimoHito過去PowerPoint/動画レビュー/画像,D. DO NOT DELETE YET,元入力/採用成果物の保存先が未照合,Yes/未確認; Git repoなし,HIGH,No containing repository detected; nested repositories possible,Unverified,0,0,,
C:/Users/田尻大翔/Documents/UnityProjects/DesertLoop/Logs/L2CurrentAssembly_ReadOnlyEvidence_v1_20260926,C:\Users\田尻大翔\Documents\UnityProjects\DesertLoop,2,48729071,0.045382,79,2026-09-26T23:33:42+09:00,2026-09-26T23:32:27+09:00,151808,11,D/Logs/L2CurrentAssembly_ReadOnlyEvidence_v1_20260926,DESERT LOOP旧診断Unityコピー/Art検証/ログ混在,D. DO NOT DELETE YET,Libraryのみ可。Scene/Art/診断Sourceは未保存あり,Yes/未確認: Logs全体がGit除外,HIGH (親フォルダ一括禁止),No tracked files at this path,No files under this path in origin/main,0,0,0,0
C:/Users/田尻大翔/Documents/Codex/2026-08-07/new-chat/outputs/HimoHitoPrototype/.codex_tmp/doc_report_0911,C:\Users\田尻大翔\Documents\Codex,6,40815004,0.038012,94,2026-09-11T21:08:03+09:00,2026-09-11T20:38:31+09:00,36083347,79,H/.codex_tmp/doc_report_0911,Git未保存QA/原資料/診断copy,D. DO NOT DELETE YET,Libraryだけ可。固有Probe/原資料は保持,Yes: 未保存成果物,HIGH,No tracked files at this path,No files under this path in origin/main,0,0,0,0
C:/Users/田尻大翔/.codex/cache,C:\Users\田尻大翔\.codex,1,34404087,0.032041,6,2026-10-02T01:20:41+09:00,2026-09-11T06:58:24+09:00,0,0,C/cache,監査対象の親ルート/アプリ作業領域,A. KEEP,一括再生成不可,Yes/未確認,HIGH (一括削除禁止),No containing repository detected; nested repositories possible,Unverified,0,0,,
C:/Users/田尻大翔/.codex/visualizations/2026/09/12/01a095fe-94f6-7783-a93d-497f16bab356/Gate2MethodCloseCheckpoint,C:\Users\田尻大翔\.codex,6,30475062,0.028382,427,2026-09-29T01:17:31+09:00,2026-09-29T01:10:15+09:00,0,0,V/Gate2MethodCloseCheckpoint,DESERT LOOP旧Proof/隔離Repository・raw Evidence混在,D. DO NOT DELETE YET,保存済みSource部分/Libraryは可、raw/旧Proofの固有入力は未確定,Yes: 少なくとも84 raw dumpsはGit未保存,HIGH (全体は削除しない),No containing repository detected; nested repositories possible,Unverified,0,0,,
C:/Users/田尻大翔/Documents/UnityProjects/DesertLoop/Logs/GateAChatGPTArt,C:\Users\田尻大翔\Documents\UnityProjects\DesertLoop,2,27198555,0.025331,34,2026-09-25T08:24:02+09:00,2026-09-25T08:24:02+09:00,1059189,7,D/Logs/GateAChatGPTArt,DESERT LOOP旧診断Unityコピー/Art検証/ログ混在,D. DO NOT DELETE YET,Libraryのみ可。Scene/Art/診断Sourceは未保存あり,Yes/未確認: Logs全体がGit除外,HIGH (親フォルダ一括禁止),No tracked files at this path,No files under this path in origin/main,0,0,0,0
C:/Users/田尻大翔/Documents/UnityProjects/DesertLoop/Logs/P03HumanExperienceReview,C:\Users\田尻大翔\Documents\UnityProjects\DesertLoop,2,26269602,0.024465,42,2026-09-24T09:24:13+09:00,2026-09-24T09:24:13+09:00,14718011,7,D/Logs/P03HumanExperienceReview,DESERT LOOP旧診断Unityコピー/Art検証/ログ混在,D. DO NOT DELETE YET,Libraryのみ可。Scene/Art/診断Sourceは未保存あり,Yes/未確認: Logs全体がGit除外,HIGH (親フォルダ一括禁止),No tracked files at this path,No files under this path in origin/main,0,0,0,0
C:/Users/田尻大翔/.codex/visualizations/2026/09/12/01a095fe-94f6-7783-a93d-497f16bab356/Gate2R1Source,C:\Users\田尻大翔\.codex,6,23164842,0.021574,210,2026-09-29T00:32:49+09:00,2026-09-29T00:32:49+09:00,10737294,5,V/Gate2R1Source,DESERT LOOP旧Proof/隔離Repository・raw Evidence混在,D. DO NOT DELETE YET,保存済みSource部分/Libraryは可、raw/旧Proofの固有入力は未確定,Yes: 少なくとも84 raw dumpsはGit未保存,HIGH (全体は削除しない),No containing repository detected; nested repositories possible,Unverified,0,0,,
C:/Users/田尻大翔/Documents/UnityProjects/DesertLoop/Assets,C:\Users\田尻大翔\Documents\UnityProjects\DesertLoop,1,20335331,0.018939,587,2026-09-25T11:30:51+09:00,2026-09-25T11:30:51+09:00,87275,10,D/Assets,Production Source/Scene/Asset/設定,A. KEEP,未保存変更は不可,Yes: Production未保存を保護,HIGH,Mixed; tracked + untracked/ignored possible,Partial: tracked subset present in verified origin/main; local/ignored data not saved,456,456,14,145
C:/Users/田尻大翔/Documents/UnityProjects/DesertLoop/Logs/L2ForegroundSeam_ReadOnlyEvidence_v1_20260927,C:\Users\田尻大翔\Documents\UnityProjects\DesertLoop,2,19521842,0.018181,78,2026-09-27T00:15:07+09:00,2026-09-27T00:15:07+09:00,89109,8,D/Logs/L2ForegroundSeam_ReadOnlyEvidence_v1_20260927,DESERT LOOP旧診断Unityコピー/Art検証/ログ混在,D. DO NOT DELETE YET,Libraryのみ可。Scene/Art/診断Sourceは未保存あり,Yes/未確認: Logs全体がGit除外,HIGH (親フォルダ一括禁止),No tracked files at this path,No files under this path in origin/main,0,0,0,0
C:/Users/田尻大翔/Documents/UnityProjects/DesertLoop/Logs/GateAArtFixV21,C:\Users\田尻大翔\Documents\UnityProjects\DesertLoop,2,18480731,0.017212,21,2026-09-25T16:51:30+09:00,2026-09-25T16:51:30+09:00,2267,1,D/Logs/GateAArtFixV21,DESERT LOOP旧診断Unityコピー/Art検証/ログ混在,D. DO NOT DELETE YET,Libraryのみ可。Scene/Art/診断Sourceは未保存あり,Yes/未確認: Logs全体がGit除外,HIGH (親フォルダ一括禁止),No tracked files at this path,No files under this path in origin/main,0,0,0,0
C:/Users/田尻大翔/.codex/visualizations/2026/08/08/019fdfa3-5ee1-7911-8a24-63282af5bae4/deck-review-0824,C:\Users\田尻大翔\.codex,6,17465477,0.016266,90,2026-08-25T00:25:56+09:00,2026-08-25T00:25:56+09:00,17465477,90,VH/deck-review-0824,HimoHito過去PowerPoint/動画レビュー/画像,D. DO NOT DELETE YET,元入力/採用成果物の保存先が未照合,Yes/未確認; Git repoなし,HIGH,No containing repository detected; nested repositories possible,Unverified,0,0,,
C:/Users/田尻大翔/Documents/Codex/2026-08-07/new-chat/outputs/HimoHitoPrototype/Docs/QA/CheckpointMergedBridgeFix_20260930,C:\Users\田尻大翔\Documents\Codex,7,17167732,0.015989,48,2026-09-30T20:59:31+09:00,2026-09-30T20:59:13+09:00,16550,6,H/Docs/QA/CheckpointMergedBridgeFix_20260930,HimoHito QA記録・Evidence,A. KEEP,検証時点の証拠。Git未保存分あり,Mixed: CSVでGit保存件数参照,HIGH,Mixed; tracked + untracked/ignored possible,All files at path present in origin/main and working tree clean,48,48,0,0
C:/Users/田尻大翔/Documents/Codex/2026-08-07/new-chat/outputs/HimoHitoPrototype/Docs/QA/CheckpointMergedBridgeRepro_20260930,C:\Users\田尻大翔\Documents\Codex,7,15419082,0.01436,36,2026-09-30T19:21:37+09:00,2026-09-30T19:19:05+09:00,19090,7,H/Docs/QA/CheckpointMergedBridgeRepro_20260930,HimoHito QA記録・Evidence,A. KEEP,検証時点の証拠。Git未保存分あり,Mixed: CSVでGit保存件数参照,HIGH,Mixed; tracked + untracked/ignored possible,All files at path present in origin/main and working tree clean,36,36,0,0
C:/Users/田尻大翔/Documents/Codex/2026-08-07/new-chat/outputs/HimoHitoPrototype/.codex_tmp/manual_0919,C:\Users\田尻大翔\Documents\Codex,6,13454605,0.012531,40,2026-09-19T19:46:37+09:00,2026-09-19T19:46:30+09:00,13454605,40,H/.codex_tmp/manual_0919,Git未保存QA/原資料/診断copy,D. DO NOT DELETE YET,Libraryだけ可。固有Probe/原資料は保持,Yes: 未保存成果物,HIGH,No tracked files at this path,No files under this path in origin/main,0,0,0,0
C:/Users/田尻大翔/Documents/Codex/2026-08-07/new-chat/outputs/HimoHitoPrototype/.codex_tmp/DocsFinalCheckpoint_20261001,C:\Users\田尻大翔\Documents\Codex,6,11114274,0.010351,11,2026-10-01T16:29:36+09:00,2026-10-01T16:26:56+09:00,10587446,10,H/.codex_tmp/DocsFinalCheckpoint_20261001,提出/Archive checkpoint用snapshot,A. KEEP,歴史的snapshotを保持。Libraryだけ別判定,Yes/未確認: 当時資料/Source,HIGH,No tracked files at this path,No files under this path in origin/main,0,0,0,0
C:/Users/田尻大翔/.codex/visualizations/2026/08/08/019fdfa3-5ee1-7911-8a24-63282af5bae4/himohito-review-audit,C:\Users\田尻大翔\.codex,6,9984613,0.009299,67,2026-08-18T14:48:02+09:00,2026-08-18T14:48:02+09:00,2171569,5,VH/himohito-review-audit,HimoHito過去PowerPoint/動画レビュー/画像,D. DO NOT DELETE YET,元入力/採用成果物の保存先が未照合,Yes/未確認; Git repoなし,HIGH,No containing repository detected; nested repositories possible,Unverified,0,0,,
C:/Users/田尻大翔/Documents/UnityProjects/DesertLoop/Logs/VisualRedesign_20260920,C:\Users\田尻大翔\Documents\UnityProjects\DesertLoop,2,9220961,0.008588,6,2026-09-20T13:49:50+09:00,2026-09-20T13:49:49+09:00,0,0,D/Logs/VisualRedesign_20260920,DESERT LOOP旧診断Unityコピー/Art検証/ログ混在,D. DO NOT DELETE YET,Libraryのみ可。Scene/Art/診断Sourceは未保存あり,Yes/未確認: Logs全体がGit除外,HIGH (親フォルダ一括禁止),No tracked files at this path,No files under this path in origin/main,0,0,0,0
C:/Users/田尻大翔/.codex/visualizations/2026/08/08/019fdfa3-5ee1-7911-8a24-63282af5bae4/video-review,C:\Users\田尻大翔\.codex,6,8621514,0.008029,284,2026-08-24T11:37:23+09:00,2026-08-24T11:37:21+09:00,3458694,26,VH/video-review,HimoHito過去PowerPoint/動画レビュー/画像,D. DO NOT DELETE YET,元入力/採用成果物の保存先が未照合,Yes/未確認; Git repoなし,HIGH,No containing repository detected; nested repositories possible,Unverified,0,0,,
C:/Users/田尻大翔/.codex/visualizations/2026/08/08/019fdfa3-5ee1-7911-8a24-63282af5bae4/ppt-render,C:\Users\田尻大翔\.codex,6,7600542,0.007079,59,2026-08-08T14:43:12+09:00,2026-08-08T14:42:25+09:00,266370,1,VH/ppt-render,HimoHito過去PowerPoint/動画レビュー/画像,D. DO NOT DELETE YET,元入力/採用成果物の保存先が未照合,Yes/未確認; Git repoなし,HIGH,No containing repository detected; nested repositories possible,Unverified,0,0,,
C:/Users/田尻大翔/.codex/visualizations/2026/08/08/019fdfa3-5ee1-7911-8a24-63282af5bae4/ppt-review-third,C:\Users\田尻大翔\.codex,6,6047725,0.005632,40,2026-08-09T02:24:12+09:00,2026-08-09T02:24:12+09:00,1579696,3,VH/ppt-review-third,HimoHito過去PowerPoint/動画レビュー/画像,D. DO NOT DELETE YET,元入力/採用成果物の保存先が未照合,Yes/未確認; Git repoなし,HIGH,No containing repository detected; nested repositories possible,Unverified,0,0,,
C:/Users/田尻大翔/Documents/Codex/2026-08-07/new-chat/outputs/HimoHitoPrototype/output/manual,C:\Users\田尻大翔\Documents\Codex,6,5994300,0.005583,1,2026-09-19T19:42:15+09:00,2026-09-19T19:35:36+09:00,5994300,1,H/output/manual,提出済みBuildまたは資料の原本,A. KEEP,当時と同一内容の再生成は未保証,Yes: Gitにない提出物,HIGH,No tracked files at this path,No files under this path in origin/main,0,0,0,1
C:/Users/田尻大翔/.codex/sqlite,C:\Users\田尻大翔\.codex,1,5435016,0.005062,4,2026-09-30T10:02:51+09:00,2026-09-10T13:07:12+09:00,5435016,4,C/sqlite,監査対象の親ルート/アプリ作業領域,A. KEEP,一括再生成不可,Yes/未確認,HIGH (一括削除禁止),No containing repository detected; nested repositories possible,Unverified,0,0,,
C:/Users/田尻大翔/Documents/Codex/2026-08-07/new-chat/outputs/HimoHitoPrototype/Docs/QA/MainStageSceneDiffAudit_20261001,C:\Users\田尻大翔\Documents\Codex,7,3642278,0.003392,69,2026-10-01T16:25:56+09:00,2026-10-01T16:25:56+09:00,269585,11,H/Docs/QA/MainStageSceneDiffAudit_20261001,HimoHito QA記録・Evidence,A. KEEP,検証時点の証拠。Git未保存分あり,Mixed: CSVでGit保存件数参照,HIGH,Mixed; tracked + untracked/ignored possible,Partial: tracked subset present in verified origin/main; local/ignored data not saved,68,68,0,1
C:/Users/田尻大翔/Documents/Codex/2026-08-07/new-chat/outputs/HimoHitoPrototype/Builds/SubmissionDocs,C:\Users\田尻大翔\Documents\Codex,6,3365873,0.003135,2,2026-09-11T20:37:49+09:00,2026-09-11T08:34:46+09:00,3365873,2,H/Builds/SubmissionDocs,提出済みBuildまたは資料の原本,A. KEEP,当時と同一内容の再生成は未保証,Yes: Gitにない提出物,HIGH,No tracked files at this path,No files under this path in origin/main,0,0,0,0
C:/Users/田尻大翔/Documents/UnityProjects/DesertLoop/Logs/M5RouteGraybox,C:\Users\田尻大翔\Documents\UnityProjects\DesertLoop,2,3204695,0.002985,69,2026-09-22T08:21:27+09:00,2026-09-21T10:55:32+09:00,1466253,22,D/Logs/M5RouteGraybox,DESERT LOOP旧診断Unityコピー/Art検証/ログ混在,D. DO NOT DELETE YET,Libraryのみ可。Scene/Art/診断Sourceは未保存あり,Yes/未確認: Logs全体がGit除外,HIGH (親フォルダ一括禁止),No tracked files at this path,No files under this path in origin/main,0,0,0,0
C:/Users/田尻大翔/.codex/visualizations/2026/08/08/019fdfa3-5ee1-7911-8a24-63282af5bae4/client-screenshots-2026-08-24,C:\Users\田尻大翔\.codex,6,2160695,0.002012,8,2026-08-24T11:38:01+09:00,2026-08-24T11:34:53+09:00,2160695,8,VH/client-screenshots-2026-08-24,HimoHito過去PowerPoint/動画レビュー/画像,D. DO NOT DELETE YET,元入力/採用成果物の保存先が未照合,Yes/未確認; Git repoなし,HIGH,No containing repository detected; nested repositories possible,Unverified,0,0,,
C:/Users/田尻大翔/.codex/attachments,C:\Users\田尻大翔\.codex,1,2065756,0.001924,106,2026-10-01T21:48:15+09:00,2026-10-01T21:48:15+09:00,326052,1,C/attachments,監査対象の親ルート/アプリ作業領域,A. KEEP,一括再生成不可,Yes/未確認,HIGH (一括削除禁止),No containing repository detected; nested repositories possible,Unverified,0,0,,
C:/Users/田尻大翔/Documents/Codex/2026-08-07/new-chat/outputs/HimoHitoPrototype/output/pdf,C:\Users\田尻大翔\Documents\Codex,6,1805387,0.001681,1,2026-09-19T19:47:12+09:00,2026-09-19T19:47:12+09:00,1805387,1,H/output/pdf,提出済みBuildまたは資料の原本,A. KEEP,当時と同一内容の再生成は未保証,Yes: Gitにない提出物,HIGH,No tracked files at this path,No files under this path in origin/main,0,0,0,1
C:/Users/田尻大翔/Documents/UnityProjects/DesertLoop/Logs/PlayWorkflow_20260920,C:\Users\田尻大翔\Documents\UnityProjects\DesertLoop,2,1547133,0.001441,24,2026-09-20T15:23:57+09:00,2026-09-20T14:58:33+09:00,1506128,23,D/Logs/PlayWorkflow_20260920,DESERT LOOP旧診断Unityコピー/Art検証/ログ混在,D. DO NOT DELETE YET,Libraryのみ可。Scene/Art/診断Sourceは未保存あり,Yes/未確認: Logs全体がGit除外,HIGH (親フォルダ一括禁止),No tracked files at this path,No files under this path in origin/main,0,0,0,0
C:/Users/田尻大翔/Documents/Codex/2026-08-07/new-chat/outputs/HimoHitoPrototype/Logs,C:\Users\田尻大翔\Documents\Codex,5,1093242,0.001018,24,2026-09-30T23:50:21+09:00,2026-09-30T23:49:14+09:00,1093242,24,H/Logs,起動中HimoHitoのUnity作業キャッシュ/ログ,D. DO NOT DELETE YET,一部可だが使用中,使用中。消去不可,HIGH (使用中),No tracked files at this path,No files under this path in origin/main,0,0,0,0
C:/Users/田尻大翔/.codex/visualizations/2026/08/08/019fdfa3-5ee1-7911-8a24-63282af5bae4/video-review-new,C:\Users\田尻大翔\.codex,6,1064619,0.000992,2,2026-08-08T14:35:24+09:00,2026-08-08T14:35:24+09:00,1064619,2,VH/video-review-new,HimoHito過去PowerPoint/動画レビュー/画像,D. DO NOT DELETE YET,元入力/採用成果物の保存先が未照合,Yes/未確認; Git repoなし,HIGH,No containing repository detected; nested repositories possible,Unverified,0,0,,
C:/Users/田尻大翔/Documents/Codex/2026-08-07/new-chat/outputs/HimoHitoPrototype/Docs/QA/HumanPlaytest_20260930,C:\Users\田尻大翔\Documents\Codex,7,1015051,0.000945,17,2026-09-30T23:39:50+09:00,2026-09-30T23:28:57+09:00,14614,3,H/Docs/QA/HumanPlaytest_20260930,HimoHito QA記録・Evidence,A. KEEP,検証時点の証拠。Git未保存分あり,Mixed: CSVでGit保存件数参照,HIGH,No tracked files at this path,No files under this path in origin/main,0,0,0,17
C:/Users/田尻大翔/Documents/UnityProjects/DesertLoop/Logs/GateABackgroundCoverageV2,C:\Users\田尻大翔\Documents\UnityProjects\DesertLoop,2,918151,0.000855,1,2026-09-25T21:09:42+09:00,2026-09-25T21:07:31+09:00,918151,1,D/Logs/GateABackgroundCoverageV2,DESERT LOOP旧診断Unityコピー/Art検証/ログ混在,D. DO NOT DELETE YET,Libraryのみ可。Scene/Art/診断Sourceは未保存あり,Yes/未確認: Logs全体がGit除外,HIGH (親フォルダ一括禁止),No tracked files at this path,No files under this path in origin/main,0,0,0,0
C:/Users/田尻大翔/Documents/UnityProjects/DesertLoop/Logs/GateA2DShiftValidation,C:\Users\田尻大翔\Documents\UnityProjects\DesertLoop,2,880823,0.00082,35,2026-09-25T15:15:18+09:00,2026-09-25T15:08:37+09:00,392524,8,D/Logs/GateA2DShiftValidation,DESERT LOOP旧診断Unityコピー/Art検証/ログ混在,D. DO NOT DELETE YET,Libraryのみ可。Scene/Art/診断Sourceは未保存あり,Yes/未確認: Logs全体がGit除外,HIGH (親フォルダ一括禁止),No tracked files at this path,No files under this path in origin/main,0,0,0,0
C:/Users/田尻大翔/Documents/UnityProjects/DesertLoop/Logs/ArtKnowledge,C:\Users\田尻大翔\Documents\UnityProjects\DesertLoop,2,821528,0.000765,4,2026-09-20T19:17:59+09:00,2026-09-20T19:17:59+09:00,821528,4,D/Logs/ArtKnowledge,DESERT LOOP旧診断Unityコピー/Art検証/ログ混在,D. DO NOT DELETE YET,Libraryのみ可。Scene/Art/診断Sourceは未保存あり,Yes/未確認: Logs全体がGit除外,HIGH (親フォルダ一括禁止),No tracked files at this path,No files under this path in origin/main,0,0,0,0
C:/Users/田尻大翔/Documents/UnityProjects/DesertLoop/Logs/PlaySceneRestore_20260920,C:\Users\田尻大翔\Documents\UnityProjects\DesertLoop,2,602277,0.000561,6,2026-09-20T15:28:18+09:00,2026-09-20T15:27:42+09:00,601587,5,D/Logs/PlaySceneRestore_20260920,DESERT LOOP旧診断Unityコピー/Art検証/ログ混在,D. DO NOT DELETE YET,Libraryのみ可。Scene/Art/診断Sourceは未保存あり,Yes/未確認: Logs全体がGit除外,HIGH (親フォルダ一括禁止),No tracked files at this path,No files under this path in origin/main,0,0,0,0
C:/Users/田尻大翔/Documents/UnityProjects/DesertLoop/Logs/M5AuthoringWorkflow_20260920,C:\Users\田尻大翔\Documents\UnityProjects\DesertLoop,2,343074,0.00032,4,2026-09-20T15:50:02+09:00,2026-09-20T15:49:26+09:00,342301,3,D/Logs/M5AuthoringWorkflow_20260920,DESERT LOOP旧診断Unityコピー/Art検証/ログ混在,D. DO NOT DELETE YET,Libraryのみ可。Scene/Art/診断Sourceは未保存あり,Yes/未確認: Logs全体がGit除外,HIGH (親フォルダ一括禁止),No tracked files at this path,No files under this path in origin/main,0,0,0,0
C:/Users/田尻大翔/.codex/skills,C:\Users\田尻大翔\.codex,1,314050,0.000292,49,2026-09-30T10:02:51+09:00,2026-09-30T10:02:50+09:00,0,0,C/skills,監査対象の親ルート/アプリ作業領域,A. KEEP,一括再生成不可,Yes/未確認,HIGH (一括削除禁止),No containing repository detected; nested repositories possible,Unverified,0,0,,
C:/Users/田尻大翔/Documents/UnityProjects/DesertLoop/Logs/L2FarCommonMaster_MethodProof_CodexReview_v1_20260927,C:\Users\田尻大翔\Documents\UnityProjects\DesertLoop,2,298166,0.000278,20,2026-09-27T09:36:10+09:00,2026-09-27T09:36:10+09:00,1949,1,D/Logs/L2FarCommonMaster_MethodProof_CodexReview_v1_20260927,DESERT LOOP旧診断Unityコピー/Art検証/ログ混在,D. DO NOT DELETE YET,Libraryのみ可。Scene/Art/診断Sourceは未保存あり,Yes/未確認: Logs全体がGit除外,HIGH (親フォルダ一括禁止),No tracked files at this path,No files under this path in origin/main,0,0,0,0
C:/Users/田尻大翔/.codex/visualizations/2026/09/12/01a095fe-94f6-7783-a93d-497f16bab356/FREEZE,C:\Users\田尻大翔\.codex,6,198514,0.000185,12,2026-09-30T18:05:18+09:00,2026-09-30T18:05:18+09:00,189283,11,V/FREEZE,DESERT LOOP Freeze記録/保存Receipt,A. KEEP,制作時点の記録,一部Git保存済み・原記録は維持,HIGH,No containing repository detected; nested repositories possible,Unverified,0,0,,
C:/Users/田尻大翔/Documents/UnityProjects/DesertLoop/Logs/M5HoleReview_20260920,C:\Users\田尻大翔\Documents\UnityProjects\DesertLoop,2,107672,0.0001,3,2026-09-20T12:37:11+09:00,2026-09-20T12:37:08+09:00,107672,3,D/Logs/M5HoleReview_20260920,DESERT LOOP旧診断Unityコピー/Art検証/ログ混在,D. DO NOT DELETE YET,Libraryのみ可。Scene/Art/診断Sourceは未保存あり,Yes/未確認: Logs全体がGit除外,HIGH (親フォルダ一括禁止),No tracked files at this path,No files under this path in origin/main,0,0,0,0
C:/Users/田尻大翔/Documents/UnityProjects/DesertLoop/UserSettings,C:\Users\田尻大翔\Documents\UnityProjects\DesertLoop,1,94974,8.8e-05,5,2026-09-25T11:32:54+09:00,2026-09-20T15:54:22+09:00,2367,3,D/UserSettings,Production/資料/生成物を含む親フォルダ,A. KEEP,部分のみ可,Yes/未確認,HIGH,No tracked files at this path,No files under this path in origin/main,0,0,0,0
C:/Users/田尻大翔/Documents/Codex/2026-08-07/new-chat/outputs/HimoHitoPrototype/UserSettings,C:\Users\田尻大翔\Documents\Codex,5,94839,8.8e-05,5,2026-10-01T19:29:24+09:00,2026-09-08T04:08:02+09:00,2489,3,H/UserSettings,Production/資料/生成物を含む親フォルダ,A. KEEP,部分のみ可,Yes/未確認,HIGH,No tracked files at this path,No files under this path in origin/main,0,0,0,0
C:/Users/田尻大翔/Documents/Codex/2026-08-07/new-chat/outputs/HimoHitoPrototype/Docs/Archive,C:\Users\田尻大翔\Documents\Codex,6,69454,6.5e-05,5,2026-10-01T16:25:54+09:00,2026-10-01T14:02:59+09:00,0,0,H/Docs/Archive,提出時Scene必須Archive,A. KEEP,Git保存済みでも保存目的のArchive,Git保存済み。消去対象外,HIGH,Mixed; tracked + untracked/ignored possible,All files at path present in origin/main and working tree clean,5,5,0,0
C:/Users/田尻大翔/Documents/Codex/2026-08-07/new-chat/outputs/HimoHitoPrototype/Docs/Archive/SubmissionScene_20260911,C:\Users\田尻大翔\Documents\Codex,7,69454,6.5e-05,5,2026-10-01T16:25:54+09:00,2026-10-01T16:25:54+09:00,69454,5,H/Docs/Archive/SubmissionScene_20260911,提出時Scene必須Archive,A. KEEP,Git保存済みでも保存目的のArchive,Git保存済み。消去対象外,HIGH,Mixed; tracked + untracked/ignored possible,All files at path present in origin/main and working tree clean,5,5,0,0
C:/Users/田尻大翔/.codex/visualizations/2026/09/12/01a095fe-94f6-7783-a93d-497f16bab356/LTS,C:\Users\田尻大翔\.codex,6,68972,6.4e-05,11,2026-09-30T14:21:47+09:00,2026-09-30T14:20:13+09:00,38219,10,V/LTS,DESERT LOOP旧Proof/隔離Repository・raw Evidence混在,D. DO NOT DELETE YET,保存済みSource部分/Libraryは可、raw/旧Proofの固有入力は未確定,Yes: 少なくとも84 raw dumpsはGit未保存,HIGH (全体は削除しない),No containing repository detected; nested repositories possible,Unverified,0,0,,
C:/Users/田尻大翔/Documents/Codex/2026-08-07/new-chat/outputs/HimoHitoPrototype/.codex_tmp/Tutorial2p5D_20261001,C:\Users\田尻大翔\Documents\Codex,6,63539,5.9e-05,6,2026-10-01T19:47:29+09:00,2026-10-01T19:46:18+09:00,63539,6,H/.codex_tmp/Tutorial2p5D_20261001,最新Tutorial 2.5D作業・関連QA/画像/検証Build,D. DO NOT DELETE YET,部分的に再生成可能でも今回の保護指定が優先,Yes: 未commitの作業を含む,HIGH,No tracked files at this path,No files under this path in origin/main,0,0,0,0
C:/Users/田尻大翔/Documents/UnityProjects/DesertLoop/ProjectSettings,C:\Users\田尻大翔\Documents\UnityProjects\DesertLoop,1,59533,5.5e-05,26,2026-09-25T11:30:51+09:00,2026-09-25T11:30:51+09:00,59533,26,D/ProjectSettings,Production Source/Scene/Asset/設定,A. KEEP,未保存変更は不可,Yes: Production未保存を保護,HIGH,Mixed; tracked + untracked/ignored possible,Partial: tracked subset present in verified origin/main; local/ignored data not saved,25,25,2,3
C:/Users/田尻大翔/Documents/Codex/2026-08-07/new-chat/outputs/HimoHitoPrototype/ProjectSettings,C:\Users\田尻大翔\Documents\Codex,5,55111,5.1e-05,22,2026-10-01T20:30:38+09:00,2026-10-01T20:30:38+09:00,55111,22,H/ProjectSettings,Production Source/Scene/Asset/設定,A. KEEP,未保存変更は不可,Yes: Production未保存を保護,HIGH,Mixed; tracked + untracked/ignored possible,All files at path present in origin/main and working tree clean,22,22,0,0
C:/Users/田尻大翔/.codex/visualizations/2026/09/12/01a095fe-94f6-7783-a93d-497f16bab356/MOA,C:\Users\田尻大翔\.codex,6,50516,4.7e-05,5,2026-09-30T15:47:56+09:00,2026-09-30T15:47:56+09:00,20311,4,V/MOA,DESERT LOOP旧Proof/隔離Repository・raw Evidence混在,D. DO NOT DELETE YET,保存済みSource部分/Libraryは可、raw/旧Proofの固有入力は未確定,Yes: 少なくとも84 raw dumpsはGit未保存,HIGH (全体は削除しない),No containing repository detected; nested repositories possible,Unverified,0,0,,
C:/Users/田尻大翔/Documents/UnityProjects/DesertLoop/Tools,C:\Users\田尻大翔\Documents\UnityProjects\DesertLoop,1,32435,3e-05,5,2026-09-20T01:05:26+09:00,2026-09-20T00:55:03+09:00,0,0,D/Tools,Production/資料/生成物を含む親フォルダ,A. KEEP,部分のみ可,Yes/未確認,HIGH,Mixed; tracked + untracked/ignored possible,All files at path present in origin/main and working tree clean,5,5,0,0
C:/Users/田尻大翔/.codex/visualizations/2026/09/12/01a095fe-94f6-7783-a93d-497f16bab356/RootCauseAuditTools,C:\Users\田尻大翔\.codex,6,19458,1.8e-05,3,2026-09-30T10:24:07+09:00,2026-09-30T10:24:07+09:00,19458,3,V/RootCauseAuditTools,DESERT LOOP旧Proof/隔離Repository・raw Evidence混在,D. DO NOT DELETE YET,保存済みSource部分/Libraryは可、raw/旧Proofの固有入力は未確定,Yes: 少なくとも84 raw dumpsはGit未保存,HIGH (全体は削除しない),No containing repository detected; nested repositories possible,Unverified,0,0,,
C:/Users/田尻大翔/Documents/UnityProjects/DesertLoop/Packages,C:\Users\田尻大翔\Documents\UnityProjects\DesertLoop,1,13433,1.3e-05,2,2026-09-12T22:38:24+09:00,2026-09-12T22:38:24+09:00,13433,2,D/Packages,Production/資料/生成物を含む親フォルダ,A. KEEP,部分のみ可,Yes/未確認,HIGH,Mixed; tracked + untracked/ignored possible,All files at path present in origin/main and working tree clean,2,2,0,0
C:/Users/田尻大翔/.codex/ambient-suggestions,C:\Users\田尻大翔\.codex,1,8465,8e-06,3,2026-08-05T17:23:29+09:00,2026-08-02T19:24:25+09:00,0,0,C/ambient-suggestions,監査対象の親ルート/アプリ作業領域,A. KEEP,一括再生成不可,Yes/未確認,HIGH (一括削除禁止),No containing repository detected; nested repositories possible,Unverified,0,0,,
C:/Users/田尻大翔/Documents/UnityProjects/DesertLoop/.vscode,C:\Users\田尻大翔\Documents\UnityProjects\DesertLoop,1,2085,2e-06,3,2026-09-12T22:29:45+09:00,2026-09-12T22:29:45+09:00,2085,3,D/.vscode,Production/資料/生成物を含む親フォルダ,A. KEEP,部分のみ可,Yes/未確認,HIGH,No tracked files at this path,No files under this path in origin/main,0,0,0,0
C:/Users/田尻大翔/.codex/vendor_imports,C:\Users\田尻大翔\.codex,1,1267,1e-06,1,2026-09-30T10:02:53+09:00,2026-06-22T14:06:02+09:00,1267,1,C/vendor_imports,監査対象の親ルート/アプリ作業領域,A. KEEP,一括再生成不可,Yes/未確認,HIGH (一括削除禁止),No containing repository detected; nested repositories possible,Unverified,0,0,,
C:/Users/田尻大翔/Documents/Codex/2026-08-07/new-chat/outputs/HimoHitoPrototype/Packages,C:\Users\田尻大翔\Documents\Codex,5,976,1e-06,2,2026-09-09T23:26:36+09:00,2026-08-07T15:25:26+09:00,976,2,H/Packages,Production/資料/生成物を含む親フォルダ,A. KEEP,部分のみ可,Yes/未確認,HIGH,Mixed; tracked + untracked/ignored possible,All files at path present in origin/main and working tree clean,2,2,0,0
C:/Users/田尻大翔/.codex/tmp,C:\Users\田尻大翔\.codex,1,936,1e-06,12,2026-10-01T19:29:51+09:00,2026-06-22T14:06:01+09:00,0,0,C/tmp,監査対象の親ルート/アプリ作業領域,A. KEEP,一括再生成不可,Yes/未確認,HIGH (一括削除禁止),No containing repository detected; nested repositories possible,Unverified,0,0,,
C:/Users/田尻大翔/.codex/computer-use,C:\Users\田尻大翔\.codex,1,149,0.0,1,2026-09-30T18:17:37+09:00,2026-09-30T18:17:37+09:00,149,1,C/computer-use,監査対象の親ルート/アプリ作業領域,A. KEEP,一括再生成不可,Yes/未確認,HIGH (一括削除禁止),No containing repository detected; nested repositories possible,Unverified,0,0,,
C:/Users/田尻大翔/.codex/visualizations/2026/08/08/019fdfa3-5ee1-7911-8a24-63282af5bae4/ppt-inspect,C:\Users\田尻大翔\.codex,6,84,0.0,2,2026-08-08T14:41:02+09:00,2026-08-08T14:39:28+09:00,0,0,VH/ppt-inspect,HimoHito過去PowerPoint/動画レビュー/画像,D. DO NOT DELETE YET,元入力/採用成果物の保存先が未照合,Yes/未確認; Git repoなし,HIGH,No containing repository detected; nested repositories possible,Unverified,0,0,,
C:/Users/田尻大翔/Documents/Codex/2026-08-07/new-chat/outputs/HimoHitoPrototype/Temp,C:\Users\田尻大翔\Documents\Codex,5,8,0.0,6,2026-10-01T19:30:05+09:00,2026-10-01T19:30:05+09:00,8,6,H/Temp,起動中HimoHitoのUnity作業キャッシュ/ログ,D. DO NOT DELETE YET,一部可だが使用中,使用中。消去不可,HIGH (使用中),No tracked files at this path,No files under this path in origin/main,0,0,0,0
C:/Users/田尻大翔/.codex/process_manager,C:\Users\田尻大翔\.codex,1,2,0.0,1,2026-08-06T14:59:34+09:00,2026-07-26T14:51:13+09:00,2,1,C/process_manager,監査対象の親ルート/アプリ作業領域,A. KEEP,一括再生成不可,Yes/未確認,HIGH (一括削除禁止),No containing repository detected; nested repositories possible,Unverified,0,0,,
C:/Users/田尻大翔/Documents/UnityProjects/DesertLoop/tmp,C:\Users\田尻大翔\Documents\UnityProjects\DesertLoop,1,0,0.0,0,2026-09-14T01:57:28+09:00,2026-09-14T01:57:28+09:00,0,0,D/tmp,Production/資料/生成物を含む親フォルダ,A. KEEP,部分のみ可,Yes/未確認,HIGH,No tracked files at this path,No files under this path in origin/main,0,0,0,0
C:/Users/田尻大翔/.codex/code-review-plugin,C:\Users\田尻大翔\.codex,1,0,0.0,0,2026-09-30T10:03:20+09:00,2026-09-30T10:03:20+09:00,0,0,C/code-review-plugin,監査対象の親ルート/アプリ作業領域,A. KEEP,一括再生成不可,Yes/未確認,HIGH (一括削除禁止),No containing repository detected; nested repositories possible,Unverified,0,0,,
C:/Users/田尻大翔/.codex/dictation-history,C:\Users\田尻大翔\.codex,1,0,0.0,0,2026-08-18T15:18:16+09:00,2026-08-18T15:18:16+09:00,0,0,C/dictation-history,監査対象の親ルート/アプリ作業領域,A. KEEP,一括再生成不可,Yes/未確認,HIGH (一括削除禁止),No containing repository detected; nested repositories possible,Unverified,0,0,,
C:/Users/田尻大翔/.codex/pets,C:\Users\田尻大翔\.codex,1,0,0.0,0,2026-08-06T14:27:49+09:00,2026-08-06T14:27:49+09:00,0,0,C/pets,監査対象の親ルート/アプリ作業領域,A. KEEP,一括再生成不可,Yes/未確認,HIGH (一括削除禁止),No containing repository detected; nested repositories possible,Unverified,0,0,,
C:/Users/田尻大翔/.codex/thread-writer-locks,C:\Users\田尻大翔\.codex,1,0,0.0,3,2026-10-02T00:54:40+09:00,2026-10-02T00:54:40+09:00,0,3,C/thread-writer-locks,監査対象の親ルート/アプリ作業領域,A. KEEP,一括再生成不可,Yes/未確認,HIGH (一括削除禁止),No containing repository detected; nested repositories possible,Unverified,0,0,,
C:/Users/田尻大翔/.codex/rollout-migrations,C:\Users\田尻大翔\.codex,1,0,0.0,0,2026-09-30T09:56:56+09:00,2026-09-30T09:56:56+09:00,0,0,C/rollout-migrations,監査対象の親ルート/アプリ作業領域,A. KEEP,一括再生成不可,Yes/未確認,HIGH (一括削除禁止),No containing repository detected; nested repositories possible,Unverified,0,0,,
C:/Users/田尻大翔/.codex/node_repl,C:\Users\田尻大翔\.codex,1,0,0.0,0,2026-10-01T15:47:55+09:00,2026-08-08T13:35:27+09:00,0,0,C/node_repl,監査対象の親ルート/アプリ作業領域,A. KEEP,一括再生成不可,Yes/未確認,HIGH (一括削除禁止),No containing repository detected; nested repositories possible,Unverified,0,0,,
C:/Users/田尻大翔/.codex/archived_sessions,C:\Users\田尻大翔\.codex,1,0,0.0,0,2026-09-19T20:10:12+09:00,2026-09-19T20:10:12+09:00,0,0,C/archived_sessions,監査対象の親ルート/アプリ作業領域,A. KEEP,一括再生成不可,Yes/未確認,HIGH (一括削除禁止),No containing repository detected; nested repositories possible,Unverified,0,0,,
