path,root,depth,bytes,gib,file_count,last_modified_jst,directory_modified_jst,direct_bytes,direct_file_count,alias,purpose,classification,regenerable,contains_unsaved,deletion_risk,git_managed,github_saved,tracked_files,origin_tree_files,modified_tracked,local_status_entries,rank,gib_display,modified
C:/Users/田尻大翔/Documents/UnityProjects/DesertLoop,C:\Users\田尻大翔\Documents\UnityProjects\DesertLoop,0,58593214309,54.569183,741010,2026-09-30T18:05:18+09:00,2026-09-25T11:32:58+09:00,432894,12,D,FROZEN DESERT LOOP Production +旧検証コピー,A. KEEP,未commit Productionは不可,Yes: 1114変更,HIGH (子キャッシュのみ候補),Mixed; tracked + untracked/ignored possible,Partial: tracked subset present in verified origin/main; local/ignored data not saved,2313,4659,17,1114,1,54.569,2026-09-30T18:05:18+09:00
C:/Users/田尻大翔/Documents/UnityProjects/DesertLoop/Logs,C:\Users\田尻大翔\Documents\UnityProjects\DesertLoop,1,54932110957,51.159515,704291,2026-09-30T09:54:34+09:00,2026-09-27T09:36:10+09:00,120057797,116,D/Logs,DESERT LOOP旧診断Unityコピー/Art検証/ログ混在,D. DO NOT DELETE YET,Libraryのみ可。Scene/Art/診断Sourceは未保存あり,Yes/未確認: Logs全体がGit除外,HIGH (親フォルダ一括禁止),No tracked files at this path,No files under this path in origin/main,0,0,0,0,2,51.160,2026-09-30T09:54:34+09:00
C:/Users/田尻大翔/.codex,C:\Users\田尻大翔\.codex,0,32768493679,30.518038,194405,2026-10-02T01:26:20+09:00,2026-10-02T01:26:09+09:00,595425815,30,C,監査対象の親ルート/アプリ作業領域,A. KEEP,一括再生成不可,Yes/未確認,HIGH (一括削除禁止),No containing repository detected; nested repositories possible,Unverified,0,0,,,3,30.518,2026-10-02T01:26:20+09:00
C:/Users/田尻大翔/Documents/Codex,C:\Users\田尻大翔\Documents\Codex,0,32655892033,30.413169,42474,2026-10-02T01:26:12+09:00,2026-09-16T10:46:39+09:00,0,0,DC,監査対象の親ルート/アプリ作業領域,A. KEEP,一括再生成不可,Yes/未確認,HIGH (一括削除禁止),No containing repository detected; nested repositories possible,Unverified,0,0,,,4,30.413,2026-10-02T01:26:12+09:00
C:/Users/田尻大翔/Documents/Codex/2026-08-07/new-chat,C:\Users\田尻大翔\Documents\Codex,2,32496863634,30.265063,41470,2026-10-02T01:26:12+09:00,2026-08-07T14:49:02+09:00,0,0,DC/2026-08-07/new-chat,監査対象の親ルート/アプリ作業領域,A. KEEP,一括再生成不可,Yes/未確認,HIGH (一括削除禁止),No containing repository detected; nested repositories possible,Unverified,0,0,,,5,30.265,2026-10-02T01:26:12+09:00
C:/Users/田尻大翔/Documents/Codex/2026-08-07,C:\Users\田尻大翔\Documents\Codex,1,32496863634,30.265063,41470,2026-10-02T01:26:12+09:00,2026-08-07T15:41:39+09:00,0,0,DC/2026-08-07,監査対象の親ルート/アプリ作業領域,A. KEEP,一括再生成不可,Yes/未確認,HIGH (一括削除禁止),No containing repository detected; nested repositories possible,Unverified,0,0,,,6,30.265,2026-10-02T01:26:12+09:00
C:/Users/田尻大翔/Documents/Codex/2026-08-07/new-chat/outputs/HimoHitoPrototype,C:\Users\田尻大翔\Documents\Codex,4,32474664140,30.244388,40901,2026-10-02T01:26:12+09:00,2026-09-30T23:48:18+09:00,28034,5,H,HimoHito Production + QA/Build/隔離コピー,A. KEEP,未commit Production/最新作業は不可,Yes,HIGH (子キャッシュのみ候補),Mixed; tracked + untracked/ignored possible,Partial: tracked subset present in verified origin/main; local/ignored data not saved,1051,1050,4,4042,7,30.244,2026-10-02T01:26:12+09:00
C:/Users/田尻大翔/Documents/Codex/2026-08-07/new-chat/outputs,C:\Users\田尻大翔\Documents\Codex,3,32474664140,30.244388,40901,2026-10-02T01:26:12+09:00,2026-08-07T15:05:38+09:00,0,0,DC/2026-08-07/new-chat/outputs,監査対象の親ルート/アプリ作業領域,A. KEEP,一括再生成不可,Yes/未確認,HIGH (一括削除禁止),No containing repository detected; nested repositories possible,Unverified,0,0,,,8,30.244,2026-10-02T01:26:12+09:00
C:/Users/田尻大翔/.codex/visualizations/2026,C:\Users\田尻大翔\.codex,2,20634406675,19.217289,186795,2026-09-30T18:05:18+09:00,2026-09-12T21:41:36+09:00,0,0,C/visualizations/2026,監査対象の親ルート/アプリ作業領域,A. KEEP,一括再生成不可,Yes/未確認,HIGH (一括削除禁止),No containing repository detected; nested repositories possible,Unverified,0,0,,,9,19.217,2026-09-30T18:05:18+09:00
C:/Users/田尻大翔/.codex/visualizations,C:\Users\田尻大翔\.codex,1,20634406675,19.217289,186795,2026-09-30T18:05:18+09:00,2026-07-25T14:39:36+09:00,0,0,C/visualizations,監査対象の親ルート/アプリ作業領域,A. KEEP,一括再生成不可,Yes/未確認,HIGH (一括削除禁止),No containing repository detected; nested repositories possible,Unverified,0,0,,,10,19.217,2026-09-30T18:05:18+09:00
C:/Users/田尻大翔/.codex/visualizations/2026/09/12/01a095fe-94f6-7783-a93d-497f16bab356,C:\Users\田尻大翔\.codex,5,20581461406,19.16798,186243,2026-09-30T18:05:18+09:00,2026-09-30T17:36:06+09:00,42398771,5,V,DESERT LOOP旧Proof/隔離Repository・raw Evidence混在,D. DO NOT DELETE YET,保存済みSource部分/Libraryは可、raw/旧Proofの固有入力は未確定,Yes: 少なくとも84 raw dumpsはGit未保存,HIGH (全体は削除しない),No containing repository detected; nested repositories possible,Unverified,0,0,,,11,19.168,2026-09-30T18:05:18+09:00
C:/Users/田尻大翔/.codex/visualizations/2026/09/12,C:\Users\田尻大翔\.codex,4,20581461406,19.16798,186243,2026-09-30T18:05:18+09:00,2026-09-12T23:21:25+09:00,0,0,C/visualizations/2026/09/12,監査対象の親ルート/アプリ作業領域,A. KEEP,一括再生成不可,Yes/未確認,HIGH (一括削除禁止),No containing repository detected; nested repositories possible,Unverified,0,0,,,12,19.168,2026-09-30T18:05:18+09:00
C:/Users/田尻大翔/.codex/visualizations/2026/09,C:\Users\田尻大翔\.codex,3,20581461406,19.16798,186243,2026-09-30T18:05:18+09:00,2026-09-16T10:46:44+09:00,0,0,C/visualizations/2026/09,監査対象の親ルート/アプリ作業領域,A. KEEP,一括再生成不可,Yes/未確認,HIGH (一括削除禁止),No containing repository detected; nested repositories possible,Unverified,0,0,,,13,19.168,2026-09-30T18:05:18+09:00
C:/Users/田尻大翔/Documents/Codex/2026-08-07/new-chat/outputs/HimoHitoPrototype/.codex_tmp,C:\Users\田尻大翔\Documents\Codex,5,19719204926,18.364941,33432,2026-10-02T01:08:17+09:00,2026-10-02T00:49:33+09:00,124354880,84,H/.codex_tmp,旧検証と最新2.5D保護対象が混在する親フォルダ,D. DO NOT DELETE YET,旧Library/指定旧Buildのみ候補。親の一括削除禁止,Yes: 最新未commit作業を含む,HIGH,No tracked files at this path,No files under this path in origin/main,0,0,0,0,14,18.365,2026-10-02T01:08:17+09:00
C:/Users/田尻大翔/.codex/sessions/2026,C:\Users\田尻大翔\.codex,2,10108148059,9.413946,190,2026-10-02T01:26:20+09:00,2026-10-01T00:13:23+09:00,0,0,C/sessions/2026,Codex会話/実行履歴（内容未読）,A. KEEP,不可/未確認。単なるUnity logではない,Yes/未確認,HIGH,No containing repository detected; nested repositories possible,Unverified,0,0,,,15,9.414,2026-10-02T01:26:20+09:00
C:/Users/田尻大翔/.codex/sessions,C:\Users\田尻大翔\.codex,1,10108148059,9.413946,190,2026-10-02T01:26:20+09:00,2026-07-25T14:39:36+09:00,0,0,C/sessions,Codex会話/実行履歴（内容未読）,A. KEEP,不可/未確認。単なるUnity logではない,Yes/未確認,HIGH,No containing repository detected; nested repositories possible,Unverified,0,0,,,16,9.414,2026-10-02T01:26:20+09:00
C:/Users/田尻大翔/Documents/Codex/2026-08-07/new-chat/outputs/HimoHitoPrototype/.codex_tmp/MainStageCleanReproduction_20261001,C:\Users\田尻大翔\Documents\Codex,6,6703865252,6.243461,10197,2026-10-01T16:03:47+09:00,2026-10-01T15:42:05+09:00,0,0,H/.codex_tmp/MainStageCleanReproduction_20261001,旧隔離QA/Build Project・診断Source/生成物の混在,C. PROBABLY SAFE,Libraryのみ可。コピー全体は固有Probe/入力照合が必要,Yes/未確認: ignoredフォルダ,MEDIUM-HIGH (全体は削除しない),No tracked files at this path,No files under this path in origin/main,0,0,0,0,17,6.243,2026-10-01T16:03:47+09:00
C:/Users/田尻大翔/Documents/Codex/2026-08-07/new-chat/outputs/HimoHitoPrototype/output,C:\Users\田尻大翔\Documents\Codex,5,6554879657,6.104707,2366,2026-10-02T01:15:12+09:00,2026-10-02T01:03:17+09:00,0,0,H/output,旧検証と最新2.5D保護対象が混在する親フォルダ,D. DO NOT DELETE YET,旧Library/指定旧Buildのみ候補。親の一括削除禁止,Yes: 最新未commit作業を含む,HIGH,No tracked files at this path,No files under this path in origin/main,0,0,0,2366,18,6.105,2026-10-02T01:15:12+09:00
C:/Users/田尻大翔/Documents/UnityProjects/DesertLoop/Logs/M5CameraBPlaytest,C:\Users\田尻大翔\Documents\UnityProjects\DesertLoop,2,6401329462,5.961703,87513,2026-09-22T08:21:26+09:00,2026-09-20T14:17:08+09:00,0,0,D/Logs/M5CameraBPlaytest,DESERT LOOP旧診断Unityコピー/Art検証/ログ混在,D. DO NOT DELETE YET,Libraryのみ可。Scene/Art/診断Sourceは未保存あり,Yes/未確認: Logs全体がGit除外,HIGH (親フォルダ一括禁止),No tracked files at this path,No files under this path in origin/main,0,0,0,0,19,5.962,2026-09-22T08:21:26+09:00
C:/Users/田尻大翔/.codex/sessions/2026/09,C:\Users\田尻大翔\.codex,3,5302508105,4.938346,156,2026-10-02T01:26:20+09:00,2026-09-30T09:50:52+09:00,0,0,C/sessions/2026/09,Codex会話/実行履歴（内容未読）,A. KEEP,不可/未確認。単なるUnity logではない,Yes/未確認,HIGH,No containing repository detected; nested repositories possible,Unverified,0,0,,,20,4.938,2026-10-02T01:26:20+09:00
C:/Users/田尻大翔/.codex/sessions/2026/08,C:\Users\田尻大翔\.codex,3,4457708051,4.151564,17,2026-09-11T20:25:47+09:00,2026-08-31T17:22:07+09:00,0,0,C/sessions/2026/08,Codex会話/実行履歴（内容未読）,A. KEEP,不可/未確認。単なるUnity logではない,Yes/未確認,HIGH,No containing repository detected; nested repositories possible,Unverified,0,0,,,21,4.152,2026-09-11T20:25:47+09:00
C:/Users/田尻大翔/.codex/sessions/2026/08/08,C:\Users\田尻大翔\.codex,4,4358901362,4.059543,2,2026-09-11T20:25:47+09:00,2026-09-07T12:11:58+09:00,4358901362,2,C/sessions/2026/08/08,Codex会話/実行履歴（内容未読）,A. KEEP,不可/未確認。単なるUnity logではない,Yes/未確認,HIGH,No containing repository detected; nested repositories possible,Unverified,0,0,,,22,4.060,2026-09-11T20:25:47+09:00
C:/Users/田尻大翔/.codex/visualizations/2026/09/12/01a095fe-94f6-7783-a93d-497f16bab356/UDF2,C:\Users\田尻大翔\.codex,6,4203168522,3.914506,9092,2026-09-30T18:05:07+09:00,2026-09-29T11:28:30+09:00,5889099,13,V/UDF2,DESERT LOOP旧Proof/隔離Repository・raw Evidence混在,D. DO NOT DELETE YET,保存済みSource部分/Libraryは可、raw/旧Proofの固有入力は未確定,Yes: 少なくとも84 raw dumpsはGit未保存,HIGH (全体は削除しない),No containing repository detected; nested repositories possible,Unverified,0,0,,,23,3.915,2026-09-30T18:05:07+09:00
C:/Users/田尻大翔/Documents/Codex/2026-08-07/new-chat/outputs/HimoHitoPrototype/.codex_tmp/MainStageCleanReproduction_20261001/DeterministicAB_20261001_154205,C:\Users\田尻大翔\Documents\Codex,7,4122057296,3.838965,6012,2026-10-01T16:03:47+09:00,2026-10-01T16:03:47+09:00,0,0,H/.codex_tmp/MainStageCleanReproduction_20261001/DeterministicAB_20261001_154205,旧隔離QA/Build Project・診断Source/生成物の混在,C. PROBABLY SAFE,Libraryのみ可。コピー全体は固有Probe/入力照合が必要,Yes/未確認: ignoredフォルダ,MEDIUM-HIGH (全体は削除しない),No tracked files at this path,No files under this path in origin/main,0,0,0,0,24,3.839,2026-10-01T16:03:47+09:00
C:/Users/田尻大翔/Documents/UnityProjects/DesertLoop/Logs/SpaceLoopPhase1,C:\Users\田尻大翔\Documents\UnityProjects\DesertLoop,2,3813322742,3.551434,57869,2026-09-24T12:01:21+09:00,2026-09-24T11:55:19+09:00,0,0,D/Logs/SpaceLoopPhase1,DESERT LOOP旧診断Unityコピー/Art検証/ログ混在,D. DO NOT DELETE YET,Libraryのみ可。Scene/Art/診断Sourceは未保存あり,Yes/未確認: Logs全体がGit除外,HIGH (親フォルダ一括禁止),No tracked files at this path,No files under this path in origin/main,0,0,0,0,25,3.551,2026-09-24T12:01:21+09:00
C:/Users/田尻大翔/.codex/visualizations/2026/09/12/01a095fe-94f6-7783-a93d-497f16bab356/UDF2/Source,C:\Users\田尻大翔\.codex,7,3522847020,3.280907,4744,2026-09-30T18:05:07+09:00,2026-09-29T11:04:00+09:00,8049,5,V/UDF2/Source,DESERT LOOP旧Proof/隔離Repository・raw Evidence混在,D. DO NOT DELETE YET,保存済みSource部分/Libraryは可、raw/旧Proofの固有入力は未確定,Yes: 少なくとも84 raw dumpsはGit未保存,HIGH (全体は削除しない),Mixed; tracked + untracked/ignored possible,Partial: tracked subset present in verified origin/main; local/ignored data not saved,4660,4659,0,84,26,3.281,2026-09-30T18:05:07+09:00
C:/Users/田尻大翔/.codex/visualizations/2026/09/12/01a095fe-94f6-7783-a93d-497f16bab356/UDF2/Source/Docs,C:\Users\田尻大翔\.codex,8,3517761576,3.276171,4251,2026-09-30T18:05:07+09:00,2026-09-29T11:04:00+09:00,1015802,7,V/UDF2/Source/Docs,DESERT LOOP旧Proof/隔離Repository・raw Evidence混在,D. DO NOT DELETE YET,保存済みSource部分/Libraryは可、raw/旧Proofの固有入力は未確定,Yes: 少なくとも84 raw dumpsはGit未保存,HIGH (全体は削除しない),Mixed; tracked + untracked/ignored possible,Partial: tracked subset present in verified origin/main; local/ignored data not saved,4167,4167,0,84,27,3.276,2026-09-30T18:05:07+09:00
C:/Users/田尻大翔/.codex/visualizations/2026/09/12/01a095fe-94f6-7783-a93d-497f16bab356/UDF2/Source/Docs/ArtReview,C:\Users\田尻大翔\.codex,9,3421634493,3.186645,3705,2026-09-30T18:05:07+09:00,2026-09-30T16:41:53+09:00,0,0,V/UDF2/Source/Docs/ArtReview,DESERT LOOP旧Proof/隔離Repository・raw Evidence混在,D. DO NOT DELETE YET,保存済みSource部分/Libraryは可、raw/旧Proofの固有入力は未確定,Yes: 少なくとも84 raw dumpsはGit未保存,HIGH (全体は削除しない),Mixed; tracked + untracked/ignored possible,Partial: tracked subset present in verified origin/main; local/ignored data not saved,3621,3621,0,84,28,3.187,2026-09-30T18:05:07+09:00
C:/Users/田尻大翔/Documents/Codex/2026-08-07/new-chat/outputs/HimoHitoPrototype/Docs,C:\Users\田尻大翔\Documents\Codex,5,3375433222,3.143617,2237,2026-10-02T01:26:12+09:00,2026-10-02T01:26:07+09:00,738199,23,H/Docs,Production/資料/生成物を含む親フォルダ,A. KEEP,部分のみ可,Yes/未確認,HIGH,Mixed; tracked + untracked/ignored possible,Partial: tracked subset present in verified origin/main; local/ignored data not saved,584,584,1,1660,29,3.144,2026-10-02T01:26:12+09:00
C:/Users/田尻大翔/Documents/Codex/2026-08-07/new-chat/outputs/HimoHitoPrototype/Docs/QA,C:\Users\田尻大翔\Documents\Codex,6,3270263613,3.04567,2135,2026-10-02T01:18:07+09:00,2026-10-02T00:49:26+09:00,0,0,H/Docs/QA,HimoHito QA記録・Evidence,A. KEEP,検証時点の証拠。Git未保存分あり,Mixed: CSVでGit保存件数参照,HIGH,Mixed; tracked + untracked/ignored possible,Partial: tracked subset present in verified origin/main; local/ignored data not saved,494,494,0,1641,30,3.046,2026-10-02T01:18:07+09:00
