path,root,depth,bytes,gib,file_count,last_modified_jst,directory_modified_jst,direct_bytes,direct_file_count,alias,purpose,classification,regenerable,contains_unsaved,deletion_risk,git_managed,github_saved,tracked_files,origin_tree_files,modified_tracked,local_status_entries,unity_project,candidate_tier,candidate_group
C:/Users/田尻大翔/Documents/UnityProjects/DesertLoop/Logs,C:\Users\田尻大翔\Documents\UnityProjects\DesertLoop,1,54932110957,51.159515,704291,2026-09-30T09:54:34+09:00,2026-09-27T09:36:10+09:00,120057797,116,D/Logs,DESERT LOOP旧診断Unityコピー/Art検証/ログ混在,D. DO NOT DELETE YET,Libraryのみ可。Scene/Art/診断Sourceは未保存あり,Yes/未確認: Logs全体がGit除外,HIGH (親フォルダ一括禁止),No tracked files at this path,No files under this path in origin/main,0,0,0,0,C:/Users/田尻大翔/Documents/UnityProjects/DesertLoop,,
C:/Users/田尻大翔/Documents/UnityProjects/DesertLoop/Logs/GateAContract/UnityProject/Library,C:\Users\田尻大翔\Documents\UnityProjects\DesertLoop,4,2989354197,2.784053,36884,2026-09-29T09:54:56+09:00,2026-09-26T15:57:23+09:00,84232310,28,D/Logs/GateAContract/UnityProject/Library,Unity生成キャッシュ (所属Projectは親Path),B. SAFE TO DELETE AFTER CONFIRMATION,可: 同ProjectのSource/Asset/Packages/外部依存を保持,キャッシュのみを対象。親Sourceは残す,LOW (全Unity終了・対象確認後),No tracked files at this path,No files under this path in origin/main,0,0,0,0,C:/Users/田尻大翔/Documents/UnityProjects/DesertLoop/Logs/GateAContract/UnityProject,LOW_RISK_AFTER_ALL_UNITY_CLOSED,DesertLoop primary/diagnostic copies
C:/Users/田尻大翔/Documents/UnityProjects/DesertLoop/Library,C:\Users\田尻大翔\Documents\UnityProjects\DesertLoop,1,2130156911,1.983863,32475,2026-09-25T11:32:57+09:00,2026-09-25T11:32:55+09:00,168106509,23,D/Library,Unity生成キャッシュ (所属Projectは親Path),B. SAFE TO DELETE AFTER CONFIRMATION,可: 同ProjectのSource/Asset/Packages/外部依存を保持,キャッシュのみを対象。親Sourceは残す,LOW (全Unity終了・対象確認後),No tracked files at this path,No files under this path in origin/main,0,0,0,0,C:/Users/田尻大翔/Documents/UnityProjects/DesertLoop,LOW_RISK_AFTER_ALL_UNITY_CLOSED,DesertLoop primary/diagnostic copies
C:/Users/田尻大翔/Documents/UnityProjects/DesertLoop/Logs/M5CameraBPlaytest/20260920_123216_848/Project/Library,C:\Users\田尻大翔\Documents\UnityProjects\DesertLoop,5,2117816914,1.972371,28537,2026-09-20T12:37:10+09:00,2026-09-20T12:37:10+09:00,168105957,27,D/Logs/M5CameraBPlaytest/20260920_123216_848/Project/Library,Unity生成キャッシュ (所属Projectは親Path),B. SAFE TO DELETE AFTER CONFIRMATION,可: 同ProjectのSource/Asset/Packages/外部依存を保持,キャッシュのみを対象。親Sourceは残す,LOW (全Unity終了・対象確認後),No tracked files at this path,No files under this path in origin/main,0,0,0,0,C:/Users/田尻大翔/Documents/UnityProjects/DesertLoop/Logs/M5CameraBPlaytest/20260920_123216_848/Project,LOW_RISK_AFTER_ALL_UNITY_CLOSED,DesertLoop primary/diagnostic copies
C:/Users/田尻大翔/Documents/UnityProjects/DesertLoop/Logs/M5CameraBPlaytest/20260920_005553_756/Project/Library,C:\Users\田尻大翔\Documents\UnityProjects\DesertLoop,5,2102927241,1.958504,28536,2026-09-20T01:03:01+09:00,2026-09-20T01:03:00+09:00,168105957,27,D/Logs/M5CameraBPlaytest/20260920_005553_756/Project/Library,Unity生成キャッシュ (所属Projectは親Path),B. SAFE TO DELETE AFTER CONFIRMATION,可: 同ProjectのSource/Asset/Packages/外部依存を保持,キャッシュのみを対象。親Sourceは残す,LOW (全Unity終了・対象確認後),No tracked files at this path,No files under this path in origin/main,0,0,0,0,C:/Users/田尻大翔/Documents/UnityProjects/DesertLoop/Logs/M5CameraBPlaytest/20260920_005553_756/Project,LOW_RISK_AFTER_ALL_UNITY_CLOSED,DesertLoop primary/diagnostic copies
C:/Users/田尻大翔/Documents/UnityProjects/DesertLoop/Logs/M5CameraComparison_20260920/Project/Library,C:\Users\田尻大翔\Documents\UnityProjects\DesertLoop,4,2102453985,1.958063,28537,2026-09-20T00:38:31+09:00,2026-09-20T00:38:30+09:00,168105957,27,D/Logs/M5CameraComparison_20260920/Project/Library,Unity生成キャッシュ (所属Projectは親Path),B. SAFE TO DELETE AFTER CONFIRMATION,可: 同ProjectのSource/Asset/Packages/外部依存を保持,キャッシュのみを対象。親Sourceは残す,LOW (全Unity終了・対象確認後),No tracked files at this path,No files under this path in origin/main,0,0,0,0,C:/Users/田尻大翔/Documents/UnityProjects/DesertLoop/Logs/M5CameraComparison_20260920/Project,LOW_RISK_AFTER_ALL_UNITY_CLOSED,DesertLoop primary/diagnostic copies
C:/Users/田尻大翔/Documents/UnityProjects/DesertLoop/Logs/M5CameraBPlaytest/20260920_141708_692/Project/Library,C:\Users\田尻大翔\Documents\UnityProjects\DesertLoop,5,2031390831,1.89188,28616,2026-09-22T08:21:25+09:00,2026-09-22T08:21:22+09:00,168119317,25,D/Logs/M5CameraBPlaytest/20260920_141708_692/Project/Library,Unity生成キャッシュ (所属Projectは親Path),B. SAFE TO DELETE AFTER CONFIRMATION,可: 同ProjectのSource/Asset/Packages/外部依存を保持,キャッシュのみを対象。親Sourceは残す,LOW (全Unity終了・対象確認後),No tracked files at this path,No files under this path in origin/main,0,0,0,0,C:/Users/田尻大翔/Documents/UnityProjects/DesertLoop/Logs/M5CameraBPlaytest/20260920_141708_692/Project,LOW_RISK_AFTER_ALL_UNITY_CLOSED,DesertLoop primary/diagnostic copies
C:/Users/田尻大翔/Documents/UnityProjects/DesertLoop/Logs/ProductionArtIntegration03/UnityProject/Library,C:\Users\田尻大翔\Documents\UnityProjects\DesertLoop,4,1998335744,1.861095,21569,2026-09-24T09:10:03+09:00,2026-09-24T09:10:03+09:00,42279215,24,D/Logs/ProductionArtIntegration03/UnityProject/Library,Unity生成キャッシュ (所属Projectは親Path),B. SAFE TO DELETE AFTER CONFIRMATION,可: 同ProjectのSource/Asset/Packages/外部依存を保持,キャッシュのみを対象。親Sourceは残す,LOW (全Unity終了・対象確認後),No tracked files at this path,No files under this path in origin/main,0,0,0,0,C:/Users/田尻大翔/Documents/UnityProjects/DesertLoop/Logs/ProductionArtIntegration03/UnityProject,LOW_RISK_AFTER_ALL_UNITY_CLOSED,DesertLoop primary/diagnostic copies
C:/Users/田尻大翔/Documents/UnityProjects/DesertLoop/Logs/ProductionArtIntegration02/UnityProject/Library,C:\Users\田尻大翔\Documents\UnityProjects\DesertLoop,4,1923628623,1.791519,21565,2026-09-24T08:00:03+09:00,2026-09-24T08:00:03+09:00,42279215,24,D/Logs/ProductionArtIntegration02/UnityProject/Library,Unity生成キャッシュ (所属Projectは親Path),B. SAFE TO DELETE AFTER CONFIRMATION,可: 同ProjectのSource/Asset/Packages/外部依存を保持,キャッシュのみを対象。親Sourceは残す,LOW (全Unity終了・対象確認後),No tracked files at this path,No files under this path in origin/main,0,0,0,0,C:/Users/田尻大翔/Documents/UnityProjects/DesertLoop/Logs/ProductionArtIntegration02/UnityProject,LOW_RISK_AFTER_ALL_UNITY_CLOSED,DesertLoop primary/diagnostic copies
C:/Users/田尻大翔/Documents/UnityProjects/DesertLoop/Logs/SpaceLoopPhase1/UnityProject/Library,C:\Users\田尻大翔\Documents\UnityProjects\DesertLoop,4,1879547176,1.750465,28082,2026-09-24T10:31:12+09:00,2026-09-24T10:31:12+09:00,50664392,25,D/Logs/SpaceLoopPhase1/UnityProject/Library,Unity生成キャッシュ (所属Projectは親Path),B. SAFE TO DELETE AFTER CONFIRMATION,可: 同ProjectのSource/Asset/Packages/外部依存を保持,キャッシュのみを対象。親Sourceは残す,LOW (全Unity終了・対象確認後),No tracked files at this path,No files under this path in origin/main,0,0,0,0,C:/Users/田尻大翔/Documents/UnityProjects/DesertLoop/Logs/SpaceLoopPhase1/UnityProject,LOW_RISK_AFTER_ALL_UNITY_CLOSED,DesertLoop primary/diagnostic copies
C:/Users/田尻大翔/Documents/UnityProjects/DesertLoop/Logs/M5E1V2MultiCycle/Project/Library,C:\Users\田尻大翔\Documents\UnityProjects\DesertLoop,4,1879007120,1.749962,28112,2026-09-23T11:55:51+09:00,2026-09-23T11:55:48+09:00,50674176,25,D/Logs/M5E1V2MultiCycle/Project/Library,Unity生成キャッシュ (所属Projectは親Path),B. SAFE TO DELETE AFTER CONFIRMATION,可: 同ProjectのSource/Asset/Packages/外部依存を保持,キャッシュのみを対象。親Sourceは残す,LOW (全Unity終了・対象確認後),No tracked files at this path,No files under this path in origin/main,0,0,0,0,C:/Users/田尻大翔/Documents/UnityProjects/DesertLoop/Logs/M5E1V2MultiCycle/Project,LOW_RISK_AFTER_ALL_UNITY_CLOSED,DesertLoop primary/diagnostic copies
C:/Users/田尻大翔/Documents/UnityProjects/DesertLoop/Logs/M5E1V2/Project/Library,C:\Users\田尻大翔\Documents\UnityProjects\DesertLoop,4,1878626560,1.749607,28147,2026-09-23T11:56:27+09:00,2026-09-23T11:56:24+09:00,50674045,25,D/Logs/M5E1V2/Project/Library,Unity生成キャッシュ (所属Projectは親Path),B. SAFE TO DELETE AFTER CONFIRMATION,可: 同ProjectのSource/Asset/Packages/外部依存を保持,キャッシュのみを対象。親Sourceは残す,LOW (全Unity終了・対象確認後),No tracked files at this path,No files under this path in origin/main,0,0,0,0,C:/Users/田尻大翔/Documents/UnityProjects/DesertLoop/Logs/M5E1V2/Project,LOW_RISK_AFTER_ALL_UNITY_CLOSED,DesertLoop primary/diagnostic copies
C:/Users/田尻大翔/Documents/UnityProjects/DesertLoop/Logs/M5E1V2Seamless/Project/Library,C:\Users\田尻大翔\Documents\UnityProjects\DesertLoop,4,1878270246,1.749275,28138,2026-09-23T11:56:07+09:00,2026-09-23T11:56:05+09:00,50674133,25,D/Logs/M5E1V2Seamless/Project/Library,Unity生成キャッシュ (所属Projectは親Path),B. SAFE TO DELETE AFTER CONFIRMATION,可: 同ProjectのSource/Asset/Packages/外部依存を保持,キャッシュのみを対象。親Sourceは残す,LOW (全Unity終了・対象確認後),No tracked files at this path,No files under this path in origin/main,0,0,0,0,C:/Users/田尻大翔/Documents/UnityProjects/DesertLoop/Logs/M5E1V2Seamless/Project,LOW_RISK_AFTER_ALL_UNITY_CLOSED,DesertLoop primary/diagnostic copies
C:/Users/田尻大翔/Documents/UnityProjects/DesertLoop/Logs/M5DistanceAB/Project/Library,C:\Users\田尻大翔\Documents\UnityProjects\DesertLoop,4,1877490562,1.748549,28135,2026-09-22T08:21:28+09:00,2026-09-22T08:21:26+09:00,50674053,25,D/Logs/M5DistanceAB/Project/Library,Unity生成キャッシュ (所属Projectは親Path),B. SAFE TO DELETE AFTER CONFIRMATION,可: 同ProjectのSource/Asset/Packages/外部依存を保持,キャッシュのみを対象。親Sourceは残す,LOW (全Unity終了・対象確認後),No tracked files at this path,No files under this path in origin/main,0,0,0,0,C:/Users/田尻大翔/Documents/UnityProjects/DesertLoop/Logs/M5DistanceAB/Project,LOW_RISK_AFTER_ALL_UNITY_CLOSED,DesertLoop primary/diagnostic copies
C:/Users/田尻大翔/Documents/UnityProjects/DesertLoop/Logs/M5DistanceC/Project/Library,C:\Users\田尻大翔\Documents\UnityProjects\DesertLoop,4,1877453849,1.748515,28092,2026-09-22T08:15:13+09:00,2026-09-22T08:15:10+09:00,50674053,25,D/Logs/M5DistanceC/Project/Library,Unity生成キャッシュ (所属Projectは親Path),B. SAFE TO DELETE AFTER CONFIRMATION,可: 同ProjectのSource/Asset/Packages/外部依存を保持,キャッシュのみを対象。親Sourceは残す,LOW (全Unity終了・対象確認後),No tracked files at this path,No files under this path in origin/main,0,0,0,0,C:/Users/田尻大翔/Documents/UnityProjects/DesertLoop/Logs/M5DistanceC/Project,LOW_RISK_AFTER_ALL_UNITY_CLOSED,DesertLoop primary/diagnostic copies
C:/Users/田尻大翔/Documents/UnityProjects/DesertLoop/Logs/M5DistanceE1/Project/Library,C:\Users\田尻大翔\Documents\UnityProjects\DesertLoop,4,1877441085,1.748503,28090,2026-09-22T08:21:12+09:00,2026-09-22T08:21:10+09:00,50674053,25,D/Logs/M5DistanceE1/Project/Library,Unity生成キャッシュ (所属Projectは親Path),B. SAFE TO DELETE AFTER CONFIRMATION,可: 同ProjectのSource/Asset/Packages/外部依存を保持,キャッシュのみを対象。親Sourceは残す,LOW (全Unity終了・対象確認後),No tracked files at this path,No files under this path in origin/main,0,0,0,0,C:/Users/田尻大翔/Documents/UnityProjects/DesertLoop/Logs/M5DistanceE1/Project,LOW_RISK_AFTER_ALL_UNITY_CLOSED,DesertLoop primary/diagnostic copies
C:/Users/田尻大翔/Documents/UnityProjects/DesertLoop/Logs/M5DistanceD/Project/Library,C:\Users\田尻大翔\Documents\UnityProjects\DesertLoop,4,1877146290,1.748229,28091,2026-09-22T08:21:30+09:00,2026-09-22T08:21:28+09:00,50674053,25,D/Logs/M5DistanceD/Project/Library,Unity生成キャッシュ (所属Projectは親Path),B. SAFE TO DELETE AFTER CONFIRMATION,可: 同ProjectのSource/Asset/Packages/外部依存を保持,キャッシュのみを対象。親Sourceは残す,LOW (全Unity終了・対象確認後),No tracked files at this path,No files under this path in origin/main,0,0,0,0,C:/Users/田尻大翔/Documents/UnityProjects/DesertLoop/Logs/M5DistanceD/Project,LOW_RISK_AFTER_ALL_UNITY_CLOSED,DesertLoop primary/diagnostic copies
C:/Users/田尻大翔/Documents/UnityProjects/DesertLoop/Logs/SpaceLoopPhase1/UnityProjectFix2Local/Library,C:\Users\田尻大翔\Documents\UnityProjects\DesertLoop,4,1876783393,1.747891,28056,2026-09-24T12:01:20+09:00,2026-09-24T12:01:20+09:00,50671644,23,D/Logs/SpaceLoopPhase1/UnityProjectFix2Local/Library,Unity生成キャッシュ (所属Projectは親Path),B. SAFE TO DELETE AFTER CONFIRMATION,可: 同ProjectのSource/Asset/Packages/外部依存を保持,キャッシュのみを対象。親Sourceは残す,LOW (全Unity終了・対象確認後),No tracked files at this path,No files under this path in origin/main,0,0,0,0,C:/Users/田尻大翔/Documents/UnityProjects/DesertLoop/Logs/SpaceLoopPhase1/UnityProjectFix2Local,LOW_RISK_AFTER_ALL_UNITY_CLOSED,DesertLoop primary/diagnostic copies
C:/Users/田尻大翔/Documents/UnityProjects/DesertLoop/Logs/ProductionArtIntegration01/UnityProject/Library,C:\Users\田尻大翔\Documents\UnityProjects\DesertLoop,4,1817864175,1.693018,21555,2026-09-24T06:53:28+09:00,2026-09-24T06:53:27+09:00,42279083,24,D/Logs/ProductionArtIntegration01/UnityProject/Library,Unity生成キャッシュ (所属Projectは親Path),B. SAFE TO DELETE AFTER CONFIRMATION,可: 同ProjectのSource/Asset/Packages/外部依存を保持,キャッシュのみを対象。親Sourceは残す,LOW (全Unity終了・対象確認後),No tracked files at this path,No files under this path in origin/main,0,0,0,0,C:/Users/田尻大翔/Documents/UnityProjects/DesertLoop/Logs/ProductionArtIntegration01/UnityProject,LOW_RISK_AFTER_ALL_UNITY_CLOSED,DesertLoop primary/diagnostic copies
C:/Users/田尻大翔/Documents/UnityProjects/DesertLoop/Logs/CreativeToolchainLab/UnityLab/Library,C:\Users\田尻大翔\Documents\UnityProjects\DesertLoop,4,1778202823,1.65608,24225,2026-09-23T12:35:47+09:00,2026-09-23T12:35:47+09:00,42271223,24,D/Logs/CreativeToolchainLab/UnityLab/Library,Unity生成キャッシュ (所属Projectは親Path),B. SAFE TO DELETE AFTER CONFIRMATION,可: 同ProjectのSource/Asset/Packages/外部依存を保持,キャッシュのみを対象。親Sourceは残す,LOW (全Unity終了・対象確認後),No tracked files at this path,No files under this path in origin/main,0,0,0,0,C:/Users/田尻大翔/Documents/UnityProjects/DesertLoop/Logs/CreativeToolchainLab/UnityLab,LOW_RISK_AFTER_ALL_UNITY_CLOSED,DesertLoop primary/diagnostic copies
C:/Users/田尻大翔/Documents/UnityProjects/DesertLoop/Logs/CreativeVisualPrototype7/UnityProject/Library,C:\Users\田尻大翔\Documents\UnityProjects\DesertLoop,4,1743795943,1.624037,21574,2026-09-23T19:06:40+09:00,2026-09-23T19:06:40+09:00,42279184,24,D/Logs/CreativeVisualPrototype7/UnityProject/Library,Unity生成キャッシュ (所属Projectは親Path),B. SAFE TO DELETE AFTER CONFIRMATION,可: 同ProjectのSource/Asset/Packages/外部依存を保持,キャッシュのみを対象。親Sourceは残す,LOW (全Unity終了・対象確認後),No tracked files at this path,No files under this path in origin/main,0,0,0,0,C:/Users/田尻大翔/Documents/UnityProjects/DesertLoop/Logs/CreativeVisualPrototype7/UnityProject,LOW_RISK_AFTER_ALL_UNITY_CLOSED,DesertLoop primary/diagnostic copies
C:/Users/田尻大翔/Documents/UnityProjects/DesertLoop/Logs/CreativeVisualPrototype4/UnityProject/Library,C:\Users\田尻大翔\Documents\UnityProjects\DesertLoop,4,1732591988,1.613602,21618,2026-09-23T16:18:50+09:00,2026-09-23T16:18:49+09:00,50667820,24,D/Logs/CreativeVisualPrototype4/UnityProject/Library,Unity生成キャッシュ (所属Projectは親Path),B. SAFE TO DELETE AFTER CONFIRMATION,可: 同ProjectのSource/Asset/Packages/外部依存を保持,キャッシュのみを対象。親Sourceは残す,LOW (全Unity終了・対象確認後),No tracked files at this path,No files under this path in origin/main,0,0,0,0,C:/Users/田尻大翔/Documents/UnityProjects/DesertLoop/Logs/CreativeVisualPrototype4/UnityProject,LOW_RISK_AFTER_ALL_UNITY_CLOSED,DesertLoop primary/diagnostic copies
C:/Users/田尻大翔/Documents/UnityProjects/DesertLoop/Logs/CreativeVisualPrototype5/UnityProject/Library,C:\Users\田尻大翔\Documents\UnityProjects\DesertLoop,4,1723897906,1.605505,21571,2026-09-23T17:06:01+09:00,2026-09-23T17:06:01+09:00,42279184,24,D/Logs/CreativeVisualPrototype5/UnityProject/Library,Unity生成キャッシュ (所属Projectは親Path),B. SAFE TO DELETE AFTER CONFIRMATION,可: 同ProjectのSource/Asset/Packages/外部依存を保持,キャッシュのみを対象。親Sourceは残す,LOW (全Unity終了・対象確認後),No tracked files at this path,No files under this path in origin/main,0,0,0,0,C:/Users/田尻大翔/Documents/UnityProjects/DesertLoop/Logs/CreativeVisualPrototype5/UnityProject,LOW_RISK_AFTER_ALL_UNITY_CLOSED,DesertLoop primary/diagnostic copies
C:/Users/田尻大翔/Documents/UnityProjects/DesertLoop/Logs/CreativeVisualPrototype6/UnityProject/Library,C:\Users\田尻大翔\Documents\UnityProjects\DesertLoop,4,1721956864,1.603697,21570,2026-09-23T17:47:57+09:00,2026-09-23T17:47:57+09:00,42279184,24,D/Logs/CreativeVisualPrototype6/UnityProject/Library,Unity生成キャッシュ (所属Projectは親Path),B. SAFE TO DELETE AFTER CONFIRMATION,可: 同ProjectのSource/Asset/Packages/外部依存を保持,キャッシュのみを対象。親Sourceは残す,LOW (全Unity終了・対象確認後),No tracked files at this path,No files under this path in origin/main,0,0,0,0,C:/Users/田尻大翔/Documents/UnityProjects/DesertLoop/Logs/CreativeVisualPrototype6/UnityProject,LOW_RISK_AFTER_ALL_UNITY_CLOSED,DesertLoop primary/diagnostic copies
C:/Users/田尻大翔/Documents/UnityProjects/DesertLoop/Logs/HybridProductionVisualCandidate/UnityProject/Library,C:\Users\田尻大翔\Documents\UnityProjects\DesertLoop,4,1720021078,1.601894,21583,2026-09-23T23:48:38+09:00,2026-09-23T23:48:38+09:00,42279294,24,D/Logs/HybridProductionVisualCandidate/UnityProject/Library,Unity生成キャッシュ (所属Projectは親Path),B. SAFE TO DELETE AFTER CONFIRMATION,可: 同ProjectのSource/Asset/Packages/外部依存を保持,キャッシュのみを対象。親Sourceは残す,LOW (全Unity終了・対象確認後),No tracked files at this path,No files under this path in origin/main,0,0,0,0,C:/Users/田尻大翔/Documents/UnityProjects/DesertLoop/Logs/HybridProductionVisualCandidate/UnityProject,LOW_RISK_AFTER_ALL_UNITY_CLOSED,DesertLoop primary/diagnostic copies
C:/Users/田尻大翔/Documents/UnityProjects/DesertLoop/Logs/CreativeVisualPrototype8/UnityProject/Library,C:\Users\田尻大翔\Documents\UnityProjects\DesertLoop,4,1719635850,1.601536,21613,2026-09-23T21:27:04+09:00,2026-09-23T21:27:04+09:00,42279184,24,D/Logs/CreativeVisualPrototype8/UnityProject/Library,Unity生成キャッシュ (所属Projectは親Path),B. SAFE TO DELETE AFTER CONFIRMATION,可: 同ProjectのSource/Asset/Packages/外部依存を保持,キャッシュのみを対象。親Sourceは残す,LOW (全Unity終了・対象確認後),No tracked files at this path,No files under this path in origin/main,0,0,0,0,C:/Users/田尻大翔/Documents/UnityProjects/DesertLoop/Logs/CreativeVisualPrototype8/UnityProject,LOW_RISK_AFTER_ALL_UNITY_CLOSED,DesertLoop primary/diagnostic copies
C:/Users/田尻大翔/Documents/UnityProjects/DesertLoop/Logs/CreativeVisualPrototype1/UnityProject/Library,C:\Users\田尻大翔\Documents\UnityProjects\DesertLoop,4,1712349673,1.59475,21605,2026-09-23T13:56:59+09:00,2026-09-23T13:56:58+09:00,50665330,27,D/Logs/CreativeVisualPrototype1/UnityProject/Library,Unity生成キャッシュ (所属Projectは親Path),B. SAFE TO DELETE AFTER CONFIRMATION,可: 同ProjectのSource/Asset/Packages/外部依存を保持,キャッシュのみを対象。親Sourceは残す,LOW (全Unity終了・対象確認後),No tracked files at this path,No files under this path in origin/main,0,0,0,0,C:/Users/田尻大翔/Documents/UnityProjects/DesertLoop/Logs/CreativeVisualPrototype1/UnityProject,LOW_RISK_AFTER_ALL_UNITY_CLOSED,DesertLoop primary/diagnostic copies
C:/Users/田尻大翔/Documents/UnityProjects/DesertLoop/Logs/CreativeVisualPrototype2/UnityProject/Library,C:\Users\田尻大翔\Documents\UnityProjects\DesertLoop,4,1705988318,1.588825,21569,2026-09-23T14:33:48+09:00,2026-09-23T14:33:48+09:00,42279184,24,D/Logs/CreativeVisualPrototype2/UnityProject/Library,Unity生成キャッシュ (所属Projectは親Path),B. SAFE TO DELETE AFTER CONFIRMATION,可: 同ProjectのSource/Asset/Packages/外部依存を保持,キャッシュのみを対象。親Sourceは残す,LOW (全Unity終了・対象確認後),No tracked files at this path,No files under this path in origin/main,0,0,0,0,C:/Users/田尻大翔/Documents/UnityProjects/DesertLoop/Logs/CreativeVisualPrototype2/UnityProject,LOW_RISK_AFTER_ALL_UNITY_CLOSED,DesertLoop primary/diagnostic copies
C:/Users/田尻大翔/Documents/UnityProjects/DesertLoop/Logs/CreativeVisualPrototype3/UnityProject/Library,C:\Users\田尻大翔\Documents\UnityProjects\DesertLoop,4,1705276468,1.588162,21569,2026-09-23T15:22:00+09:00,2026-09-23T15:22:00+09:00,42279184,24,D/Logs/CreativeVisualPrototype3/UnityProject/Library,Unity生成キャッシュ (所属Projectは親Path),B. SAFE TO DELETE AFTER CONFIRMATION,可: 同ProjectのSource/Asset/Packages/外部依存を保持,キャッシュのみを対象。親Sourceは残す,LOW (全Unity終了・対象確認後),No tracked files at this path,No files under this path in origin/main,0,0,0,0,C:/Users/田尻大翔/Documents/UnityProjects/DesertLoop/Logs/CreativeVisualPrototype3/UnityProject,LOW_RISK_AFTER_ALL_UNITY_CLOSED,DesertLoop primary/diagnostic copies
C:/Users/田尻大翔/.codex/visualizations/2026/09/12/01a095fe-94f6-7783-a93d-497f16bab356/HERO/UnityProject/Library,C:\Users\田尻大翔\.codex,8,1500016069,1.396999,17698,2026-09-30T17:03:24+09:00,2026-09-30T17:03:24+09:00,25478774,21,V/HERO/UnityProject/Library,Unity生成キャッシュ (所属Projectは親Path),B. SAFE TO DELETE AFTER CONFIRMATION,可: 同ProjectのSource/Asset/Packages/外部依存を保持,キャッシュのみを対象。親Sourceは残す,LOW (全Unity終了・対象確認後),No containing repository detected; nested repositories possible,Unverified,0,0,,,C:/Users/田尻大翔/.codex/visualizations/2026/09/12/01a095fe-94f6-7783-a93d-497f16bab356/HERO/UnityProject,LOW_RISK_AFTER_ALL_UNITY_CLOSED,DesertLoop visualizations
C:/Users/田尻大翔/.codex/visualizations/2026/09/12/01a095fe-94f6-7783-a93d-497f16bab356/GRA/UnityProject/Library,C:\Users\田尻大翔\.codex,8,1498537711,1.395622,17690,2026-09-30T12:04:31+09:00,2026-09-30T12:04:31+09:00,25478654,21,V/GRA/UnityProject/Library,Unity生成キャッシュ (所属Projectは親Path),B. SAFE TO DELETE AFTER CONFIRMATION,可: 同ProjectのSource/Asset/Packages/外部依存を保持,キャッシュのみを対象。親Sourceは残す,LOW (全Unity終了・対象確認後),No containing repository detected; nested repositories possible,Unverified,0,0,,,C:/Users/田尻大翔/.codex/visualizations/2026/09/12/01a095fe-94f6-7783-a93d-497f16bab356/GRA/UnityProject,LOW_RISK_AFTER_ALL_UNITY_CLOSED,DesertLoop visualizations
C:/Users/田尻大翔/.codex/visualizations/2026/09/12/01a095fe-94f6-7783-a93d-497f16bab356/LTI2/UnityProject/Library,C:\Users\田尻大翔\.codex,8,1498520257,1.395606,17692,2026-09-30T14:46:30+09:00,2026-09-30T14:46:29+09:00,25478653,21,V/LTI2/UnityProject/Library,Unity生成キャッシュ (所属Projectは親Path),B. SAFE TO DELETE AFTER CONFIRMATION,可: 同ProjectのSource/Asset/Packages/外部依存を保持,キャッシュのみを対象。親Sourceは残す,LOW (全Unity終了・対象確認後),No containing repository detected; nested repositories possible,Unverified,0,0,,,C:/Users/田尻大翔/.codex/visualizations/2026/09/12/01a095fe-94f6-7783-a93d-497f16bab356/LTI2/UnityProject,LOW_RISK_AFTER_ALL_UNITY_CLOSED,DesertLoop visualizations
C:/Users/田尻大翔/.codex/visualizations/2026/09/12/01a095fe-94f6-7783-a93d-497f16bab356/LTI/UnityProject/Library,C:\Users\田尻大翔\.codex,8,1498044635,1.395163,17691,2026-09-30T13:05:37+09:00,2026-09-30T13:05:37+09:00,25478654,21,V/LTI/UnityProject/Library,Unity生成キャッシュ (所属Projectは親Path),B. SAFE TO DELETE AFTER CONFIRMATION,可: 同ProjectのSource/Asset/Packages/外部依存を保持,キャッシュのみを対象。親Sourceは残す,LOW (全Unity終了・対象確認後),No containing repository detected; nested repositories possible,Unverified,0,0,,,C:/Users/田尻大翔/.codex/visualizations/2026/09/12/01a095fe-94f6-7783-a93d-497f16bab356/LTI/UnityProject,LOW_RISK_AFTER_ALL_UNITY_CLOSED,DesertLoop visualizations
C:/Users/田尻大翔/.codex/visualizations/2026/09/12/01a095fe-94f6-7783-a93d-497f16bab356/Proof2ColorFix/UnityProject/Library,C:\Users\田尻大翔\.codex,8,1497370912,1.394535,17672,2026-09-30T11:38:43+09:00,2026-09-30T11:38:42+09:00,25478477,21,V/Proof2ColorFix/UnityProject/Library,Unity生成キャッシュ (所属Projectは親Path),B. SAFE TO DELETE AFTER CONFIRMATION,可: 同ProjectのSource/Asset/Packages/外部依存を保持,キャッシュのみを対象。親Sourceは残す,LOW (全Unity終了・対象確認後),No containing repository detected; nested repositories possible,Unverified,0,0,,,C:/Users/田尻大翔/.codex/visualizations/2026/09/12/01a095fe-94f6-7783-a93d-497f16bab356/Proof2ColorFix/UnityProject,LOW_RISK_AFTER_ALL_UNITY_CLOSED,DesertLoop visualizations
C:/Users/田尻大翔/.codex/visualizations/2026/09/12/01a095fe-94f6-7783-a93d-497f16bab356/Proof2Calibration/UnityProject/Library,C:\Users\田尻大翔\.codex,8,1493960121,1.391359,17645,2026-09-30T11:01:12+09:00,2026-09-30T11:01:11+09:00,25478161,21,V/Proof2Calibration/UnityProject/Library,Unity生成キャッシュ (所属Projectは親Path),B. SAFE TO DELETE AFTER CONFIRMATION,可: 同ProjectのSource/Asset/Packages/外部依存を保持,キャッシュのみを対象。親Sourceは残す,LOW (全Unity終了・対象確認後),No containing repository detected; nested repositories possible,Unverified,0,0,,,C:/Users/田尻大翔/.codex/visualizations/2026/09/12/01a095fe-94f6-7783-a93d-497f16bab356/Proof2Calibration/UnityProject,LOW_RISK_AFTER_ALL_UNITY_CLOSED,DesertLoop visualizations
C:/Users/田尻大翔/.codex/visualizations/2026/09/12/01a095fe-94f6-7783-a93d-497f16bab356/Gate2Proof/03_UNITY/UnityProject/Library,C:\Users\田尻大翔\.codex,9,1493082689,1.390542,17622,2026-09-28T23:58:45+09:00,2026-09-28T23:58:44+09:00,25478182,21,V/Gate2Proof/03_UNITY/UnityProject/Library,Unity生成キャッシュ (所属Projectは親Path),B. SAFE TO DELETE AFTER CONFIRMATION,可: 同ProjectのSource/Asset/Packages/外部依存を保持,キャッシュのみを対象。親Sourceは残す,LOW (全Unity終了・対象確認後),No containing repository detected; nested repositories possible,Unverified,0,0,,,C:/Users/田尻大翔/.codex/visualizations/2026/09/12/01a095fe-94f6-7783-a93d-497f16bab356/Gate2Proof/03_UNITY/UnityProject,LOW_RISK_AFTER_ALL_UNITY_CLOSED,DesertLoop visualizations
C:/Users/田尻大翔/.codex/visualizations/2026/09/12/01a095fe-94f6-7783-a93d-497f16bab356/UDF1/Output/03_UNITY/UnityProject/Library,C:\Users\田尻大翔\.codex,10,1492291911,1.389805,17625,2026-09-29T01:41:48+09:00,2026-09-29T01:41:47+09:00,25478175,22,V/UDF1/Output/03_UNITY/UnityProject/Library,Unity生成キャッシュ (所属Projectは親Path),B. SAFE TO DELETE AFTER CONFIRMATION,可: 同ProjectのSource/Asset/Packages/外部依存を保持,キャッシュのみを対象。親Sourceは残す,LOW (全Unity終了・対象確認後),No containing repository detected; nested repositories possible,Unverified,0,0,,,C:/Users/田尻大翔/.codex/visualizations/2026/09/12/01a095fe-94f6-7783-a93d-497f16bab356/UDF1/Output/03_UNITY/UnityProject,LOW_RISK_AFTER_ALL_UNITY_CLOSED,DesertLoop visualizations
C:/Users/田尻大翔/.codex/visualizations/2026/09/12/01a095fe-94f6-7783-a93d-497f16bab356/Gate2R1Proof/03_UNITY/UnityProject/Library,C:\Users\田尻大翔\.codex,9,1491834523,1.389379,17614,2026-09-29T00:42:39+09:00,2026-09-29T00:42:37+09:00,25477978,21,V/Gate2R1Proof/03_UNITY/UnityProject/Library,Unity生成キャッシュ (所属Projectは親Path),B. SAFE TO DELETE AFTER CONFIRMATION,可: 同ProjectのSource/Asset/Packages/外部依存を保持,キャッシュのみを対象。親Sourceは残す,LOW (全Unity終了・対象確認後),No containing repository detected; nested repositories possible,Unverified,0,0,,,C:/Users/田尻大翔/.codex/visualizations/2026/09/12/01a095fe-94f6-7783-a93d-497f16bab356/Gate2R1Proof/03_UNITY/UnityProject,LOW_RISK_AFTER_ALL_UNITY_CLOSED,DesertLoop visualizations
C:/Users/田尻大翔/Documents/Codex/2026-08-07/new-chat/outputs/HimoHitoPrototype/.codex_tmp/Tutorial2p5DForegroundRefine_20261001/RefineProject/Library,C:\Users\田尻大翔\Documents\Codex,8,732242050,0.681954,1155,2026-10-01T21:04:02+09:00,2026-10-01T21:04:02+09:00,4558650,25,H/.codex_tmp/Tutorial2p5DForegroundRefine_20261001/RefineProject/Library,最新Tutorial 2.5D作業・関連QA/画像/検証Build,D. DO NOT DELETE YET,部分的に再生成可能でも今回の保護指定が優先,Yes: 未commitの作業を含む,HIGH,No tracked files at this path,No files under this path in origin/main,0,0,0,0,C:/Users/田尻大翔/Documents/Codex/2026-08-07/new-chat/outputs/HimoHitoPrototype/.codex_tmp/Tutorial2p5DForegroundRefine_20261001/RefineProject,,
C:/Users/田尻大翔/Documents/Codex/2026-08-07/new-chat/outputs/HimoHitoPrototype/.codex_tmp/Tutorial2p5DAllSections_20261001/TrialProject/Library,C:\Users\田尻大翔\Documents\Codex,8,732172070,0.681888,1155,2026-10-01T22:18:39+09:00,2026-10-01T22:18:39+09:00,4557678,25,H/.codex_tmp/Tutorial2p5DAllSections_20261001/TrialProject/Library,最新Tutorial 2.5D作業・関連QA/画像/検証Build,D. DO NOT DELETE YET,部分的に再生成可能でも今回の保護指定が優先,Yes: 未commitの作業を含む,HIGH,No tracked files at this path,No files under this path in origin/main,0,0,0,0,C:/Users/田尻大翔/Documents/Codex/2026-08-07/new-chat/outputs/HimoHitoPrototype/.codex_tmp/Tutorial2p5DAllSections_20261001/TrialProject,,
C:/Users/田尻大翔/Documents/Codex/2026-08-07/new-chat/outputs/HimoHitoPrototype/.codex_tmp/Tutorial2p5DProductionIntegration_20261001/IntegrationProject/Library,C:\Users\田尻大翔\Documents\Codex,8,720031703,0.670582,1176,2026-10-02T00:23:31+09:00,2026-10-02T00:23:31+09:00,4531803,23,H/.codex_tmp/Tutorial2p5DProductionIntegration_20261001/IntegrationProject/Library,最新Tutorial 2.5D作業・関連QA/画像/検証Build,D. DO NOT DELETE YET,部分的に再生成可能でも今回の保護指定が優先,Yes: 未commitの作業を含む,HIGH,No tracked files at this path,No files under this path in origin/main,0,0,0,0,C:/Users/田尻大翔/Documents/Codex/2026-08-07/new-chat/outputs/HimoHitoPrototype/.codex_tmp/Tutorial2p5DProductionIntegration_20261001/IntegrationProject,,
C:/Users/田尻大翔/Documents/Codex/2026-08-07/new-chat/outputs/HimoHitoPrototype/.codex_tmp/Tutorial2p5DIntroFix_20261002/AfterProject/Library,C:\Users\田尻大翔\Documents\Codex,8,716014546,0.666841,1164,2026-10-02T01:05:02+09:00,2026-10-02T01:05:02+09:00,4556706,25,H/.codex_tmp/Tutorial2p5DIntroFix_20261002/AfterProject/Library,最新Tutorial 2.5D作業・関連QA/画像/検証Build,D. DO NOT DELETE YET,部分的に再生成可能でも今回の保護指定が優先,Yes: 未commitの作業を含む,HIGH,No tracked files at this path,No files under this path in origin/main,0,0,0,0,C:/Users/田尻大翔/Documents/Codex/2026-08-07/new-chat/outputs/HimoHitoPrototype/.codex_tmp/Tutorial2p5DIntroFix_20261002/AfterProject,,
C:/Users/田尻大翔/Documents/Codex/2026-08-07/new-chat/outputs/HimoHitoPrototype/.codex_tmp/Tutorial2p5DProof_20261001/ProofProject/Library,C:\Users\田尻大翔\Documents\Codex,8,715327992,0.666201,1151,2026-10-01T20:17:27+09:00,2026-10-01T20:17:27+09:00,4555565,25,H/.codex_tmp/Tutorial2p5DProof_20261001/ProofProject/Library,最新Tutorial 2.5D作業・関連QA/画像/検証Build,D. DO NOT DELETE YET,部分的に再生成可能でも今回の保護指定が優先,Yes: 未commitの作業を含む,HIGH,No tracked files at this path,No files under this path in origin/main,0,0,0,0,C:/Users/田尻大翔/Documents/Codex/2026-08-07/new-chat/outputs/HimoHitoPrototype/.codex_tmp/Tutorial2p5DProof_20261001/ProofProject,,
C:/Users/田尻大翔/Documents/Codex/2026-08-07/new-chat/outputs/HimoHitoPrototype/.codex_tmp/Tutorial2p5DProductionIntegration_20261001/BaselineProject/Library,C:\Users\田尻大翔\Documents\Codex,8,676841496,0.630358,1165,2026-10-02T00:15:45+09:00,2026-10-02T00:15:45+09:00,4531074,21,H/.codex_tmp/Tutorial2p5DProductionIntegration_20261001/BaselineProject/Library,最新Tutorial 2.5D作業・関連QA/画像/検証Build,D. DO NOT DELETE YET,部分的に再生成可能でも今回の保護指定が優先,Yes: 未commitの作業を含む,HIGH,No tracked files at this path,No files under this path in origin/main,0,0,0,0,C:/Users/田尻大翔/Documents/Codex/2026-08-07/new-chat/outputs/HimoHitoPrototype/.codex_tmp/Tutorial2p5DProductionIntegration_20261001/BaselineProject,,
C:/Users/田尻大翔/Documents/Codex/2026-08-07/new-chat/outputs/HimoHitoPrototype/.codex_tmp/SubmissionBuild20260911/Library,C:\Users\田尻大翔\Documents\Codex,7,669435456,0.62346,1137,2026-09-11T21:19:19+09:00,2026-09-11T21:19:19+09:00,4555491,23,H/.codex_tmp/SubmissionBuild20260911/Library,Unity生成キャッシュ (所属Projectは親Path),B. SAFE TO DELETE AFTER CONFIRMATION,可: 同ProjectのSource/Asset/Packages/外部依存を保持,キャッシュのみを対象。親Sourceは残す,LOW (全Unity終了・対象確認後),No tracked files at this path,No files under this path in origin/main,0,0,0,0,C:/Users/田尻大翔/Documents/Codex/2026-08-07/new-chat/outputs/HimoHitoPrototype/.codex_tmp/SubmissionBuild20260911,LOW_RISK_AFTER_ALL_UNITY_CLOSED,Himo old .codex_tmp
C:/Users/田尻大翔/Documents/Codex/2026-08-07/new-chat/outputs/HimoHitoPrototype/.codex_tmp/MainStageCleanReproduction_20261001/DeterministicAB_20261001_154205/CopyB/Library,C:\Users\田尻大翔\Documents\Codex,9,669096834,0.623145,1140,2026-10-01T16:00:49+09:00,2026-10-01T16:00:49+09:00,4562873,25,H/.codex_tmp/MainStageCleanReproduction_20261001/DeterministicAB_20261001_154205/CopyB/Library,Unity生成キャッシュ (所属Projectは親Path),B. SAFE TO DELETE AFTER CONFIRMATION,可: 同ProjectのSource/Asset/Packages/外部依存を保持,キャッシュのみを対象。親Sourceは残す,LOW (全Unity終了・対象確認後),No tracked files at this path,No files under this path in origin/main,0,0,0,0,C:/Users/田尻大翔/Documents/Codex/2026-08-07/new-chat/outputs/HimoHitoPrototype/.codex_tmp/MainStageCleanReproduction_20261001/DeterministicAB_20261001_154205/CopyB,LOW_RISK_AFTER_ALL_UNITY_CLOSED,Himo old .codex_tmp
C:/Users/田尻大翔/Documents/Codex/2026-08-07/new-chat/outputs/HimoHitoPrototype/.codex_tmp/MainStageCleanReproduction_20261001/DeterministicAB_20261001_154205/CopyA/Library,C:\Users\田尻大翔\Documents\Codex,9,669085771,0.623135,1140,2026-10-01T16:00:50+09:00,2026-10-01T16:00:50+09:00,4562884,25,H/.codex_tmp/MainStageCleanReproduction_20261001/DeterministicAB_20261001_154205/CopyA/Library,Unity生成キャッシュ (所属Projectは親Path),B. SAFE TO DELETE AFTER CONFIRMATION,可: 同ProjectのSource/Asset/Packages/外部依存を保持,キャッシュのみを対象。親Sourceは残す,LOW (全Unity終了・対象確認後),No tracked files at this path,No files under this path in origin/main,0,0,0,0,C:/Users/田尻大翔/Documents/Codex/2026-08-07/new-chat/outputs/HimoHitoPrototype/.codex_tmp/MainStageCleanReproduction_20261001/DeterministicAB_20261001_154205/CopyA,LOW_RISK_AFTER_ALL_UNITY_CLOSED,Himo old .codex_tmp
C:/Users/田尻大翔/Documents/Codex/2026-08-07/new-chat/outputs/HimoHitoPrototype/.codex_tmp/FullGameRegression_20260930/DiagnosticProject/Library,C:\Users\田尻大翔\Documents\Codex,8,668839145,0.622905,1147,2026-09-30T22:17:26+09:00,2026-09-30T22:17:26+09:00,4558688,25,H/.codex_tmp/FullGameRegression_20260930/DiagnosticProject/Library,Unity生成キャッシュ (所属Projectは親Path),B. SAFE TO DELETE AFTER CONFIRMATION,可: 同ProjectのSource/Asset/Packages/外部依存を保持,キャッシュのみを対象。親Sourceは残す,LOW (全Unity終了・対象確認後),No tracked files at this path,No files under this path in origin/main,0,0,0,0,C:/Users/田尻大翔/Documents/Codex/2026-08-07/new-chat/outputs/HimoHitoPrototype/.codex_tmp/FullGameRegression_20260930/DiagnosticProject,LOW_RISK_AFTER_ALL_UNITY_CLOSED,Himo old .codex_tmp
C:/Users/田尻大翔/Documents/Codex/2026-08-07/new-chat/outputs/HimoHitoPrototype/.codex_tmp/MainStageCleanReproduction_20261001/ExternalBGM_20261001_151833/BuildProject/Library,C:\Users\田尻大翔\Documents\Codex,9,667296325,0.621468,975,2026-10-01T15:22:59+09:00,2026-10-01T15:22:59+09:00,4563301,23,H/.codex_tmp/MainStageCleanReproduction_20261001/ExternalBGM_20261001_151833/BuildProject/Library,Unity生成キャッシュ (所属Projectは親Path),B. SAFE TO DELETE AFTER CONFIRMATION,可: 同ProjectのSource/Asset/Packages/外部依存を保持,キャッシュのみを対象。親Sourceは残す,LOW (全Unity終了・対象確認後),No tracked files at this path,No files under this path in origin/main,0,0,0,0,C:/Users/田尻大翔/Documents/Codex/2026-08-07/new-chat/outputs/HimoHitoPrototype/.codex_tmp/MainStageCleanReproduction_20261001/ExternalBGM_20261001_151833/BuildProject,LOW_RISK_AFTER_ALL_UNITY_CLOSED,Himo old .codex_tmp
C:/Users/田尻大翔/Documents/Codex/2026-08-07/new-chat/outputs/HimoHitoPrototype/.codex_tmp/HumanPlaytest_20260930_231714/Project/Library,C:\Users\田尻大翔\Documents\Codex,8,667282216,0.621455,975,2026-09-30T23:24:35+09:00,2026-09-30T23:24:35+09:00,4557630,23,H/.codex_tmp/HumanPlaytest_20260930_231714/Project/Library,Unity生成キャッシュ (所属Projectは親Path),B. SAFE TO DELETE AFTER CONFIRMATION,可: 同ProjectのSource/Asset/Packages/外部依存を保持,キャッシュのみを対象。親Sourceは残す,LOW (全Unity終了・対象確認後),No tracked files at this path,No files under this path in origin/main,0,0,0,0,C:/Users/田尻大翔/Documents/Codex/2026-08-07/new-chat/outputs/HimoHitoPrototype/.codex_tmp/HumanPlaytest_20260930_231714/Project,LOW_RISK_AFTER_ALL_UNITY_CLOSED,Himo old .codex_tmp
C:/Users/田尻大翔/Documents/Codex/2026-08-07/new-chat/outputs/HimoHitoPrototype/.codex_tmp/MainStageCleanReproduction_20261001/DeterministicAB_20261001_154205/TraceBuildProject/Library,C:\Users\田尻大翔\Documents\Codex,9,667244909,0.62142,975,2026-10-01T16:01:19+09:00,2026-10-01T16:01:19+09:00,4564627,23,H/.codex_tmp/MainStageCleanReproduction_20261001/DeterministicAB_20261001_154205/TraceBuildProject/Library,Unity生成キャッシュ (所属Projectは親Path),B. SAFE TO DELETE AFTER CONFIRMATION,可: 同ProjectのSource/Asset/Packages/外部依存を保持,キャッシュのみを対象。親Sourceは残す,LOW (全Unity終了・対象確認後),No tracked files at this path,No files under this path in origin/main,0,0,0,0,C:/Users/田尻大翔/Documents/Codex/2026-08-07/new-chat/outputs/HimoHitoPrototype/.codex_tmp/MainStageCleanReproduction_20261001/DeterministicAB_20261001_154205/TraceBuildProject,LOW_RISK_AFTER_ALL_UNITY_CLOSED,Himo old .codex_tmp
C:/Users/田尻大翔/Documents/Codex/2026-08-07/new-chat/outputs/HimoHitoPrototype/.codex_tmp/HumanPlaytestFixes_20261001_065300/Project/Library,C:\Users\田尻大翔\Documents\Codex,8,667150659,0.621332,975,2026-10-01T07:01:38+09:00,2026-10-01T07:01:38+09:00,4558354,23,H/.codex_tmp/HumanPlaytestFixes_20261001_065300/Project/Library,Unity生成キャッシュ (所属Projectは親Path),B. SAFE TO DELETE AFTER CONFIRMATION,可: 同ProjectのSource/Asset/Packages/外部依存を保持,キャッシュのみを対象。親Sourceは残す,LOW (全Unity終了・対象確認後),No tracked files at this path,No files under this path in origin/main,0,0,0,0,C:/Users/田尻大翔/Documents/Codex/2026-08-07/new-chat/outputs/HimoHitoPrototype/.codex_tmp/HumanPlaytestFixes_20261001_065300/Project,LOW_RISK_AFTER_ALL_UNITY_CLOSED,Himo old .codex_tmp
C:/Users/田尻大翔/Documents/Codex/2026-08-07/new-chat/outputs/HimoHitoPrototype/Library,C:\Users\田尻大翔\Documents\Codex,5,453546336,0.422398,1385,2026-10-01T20:30:38+09:00,2026-10-01T19:30:04+09:00,4541989,27,H/Library,起動中HimoHitoのUnity作業キャッシュ/ログ,D. DO NOT DELETE YET,一部可だが使用中,使用中。消去不可,HIGH (使用中),No tracked files at this path,No files under this path in origin/main,0,0,0,0,C:/Users/田尻大翔/Documents/Codex/2026-08-07/new-chat/outputs/HimoHitoPrototype,,
C:/Users/田尻大翔/Documents/Codex/2026-08-07/new-chat/outputs/HimoHitoPrototype/.codex_tmp/CraftUiCheck/Library,C:\Users\田尻大翔\Documents\Codex,7,377469666,0.351546,398,2026-09-11T00:08:53+09:00,2026-09-11T00:08:53+09:00,4488365,24,H/.codex_tmp/CraftUiCheck/Library,Unity生成キャッシュ (所属Projectは親Path),B. SAFE TO DELETE AFTER CONFIRMATION,可: 同ProjectのSource/Asset/Packages/外部依存を保持,キャッシュのみを対象。親Sourceは残す,LOW (全Unity終了・対象確認後),No tracked files at this path,No files under this path in origin/main,0,0,0,0,C:/Users/田尻大翔/Documents/Codex/2026-08-07/new-chat/outputs/HimoHitoPrototype/.codex_tmp/CraftUiCheck,LOW_RISK_AFTER_ALL_UNITY_CLOSED,Himo old .codex_tmp
C:/Users/田尻大翔/Documents/Codex/2026-08-07/new-chat/outputs/HimoHitoPrototype/.codex_tmp/Tutorial2p5DIntroFix_20261002/BeforeProject/Library,C:\Users\田尻大翔\Documents\Codex,8,341712638,0.318245,392,2026-10-02T00:56:23+09:00,2026-10-02T00:56:22+09:00,4488544,22,H/.codex_tmp/Tutorial2p5DIntroFix_20261002/BeforeProject/Library,最新Tutorial 2.5D作業・関連QA/画像/検証Build,D. DO NOT DELETE YET,部分的に再生成可能でも今回の保護指定が優先,Yes: 未commitの作業を含む,HIGH,No tracked files at this path,No files under this path in origin/main,0,0,0,0,C:/Users/田尻大翔/Documents/Codex/2026-08-07/new-chat/outputs/HimoHitoPrototype/.codex_tmp/Tutorial2p5DIntroFix_20261002/BeforeProject,,
C:/Users/田尻大翔/Documents/Codex/2026-08-07/new-chat/outputs/HimoHitoPrototype/.codex_tmp/FullGameRegression_20260930/UiDiagnosticProject/Library,C:\Users\田尻大翔\Documents\Codex,8,320705643,0.29868,485,2026-09-30T22:40:10+09:00,2026-09-30T22:40:10+09:00,4488275,24,H/.codex_tmp/FullGameRegression_20260930/UiDiagnosticProject/Library,Unity生成キャッシュ (所属Projectは親Path),B. SAFE TO DELETE AFTER CONFIRMATION,可: 同ProjectのSource/Asset/Packages/外部依存を保持,キャッシュのみを対象。親Sourceは残す,LOW (全Unity終了・対象確認後),No tracked files at this path,No files under this path in origin/main,0,0,0,0,C:/Users/田尻大翔/Documents/Codex/2026-08-07/new-chat/outputs/HimoHitoPrototype/.codex_tmp/FullGameRegression_20260930/UiDiagnosticProject,LOW_RISK_AFTER_ALL_UNITY_CLOSED,Himo old .codex_tmp
C:/Users/田尻大翔/Documents/Codex/2026-08-07/new-chat/outputs/HimoHitoPrototype/.codex_tmp/MainStageCleanReproduction_20261001/DeterministicAB_20261001_154205/CauseProject/Library,C:\Users\田尻大翔\Documents\Codex,9,318401177,0.296534,378,2026-10-01T15:51:23+09:00,2026-10-01T15:51:23+09:00,4488277,22,H/.codex_tmp/MainStageCleanReproduction_20261001/DeterministicAB_20261001_154205/CauseProject/Library,Unity生成キャッシュ (所属Projectは親Path),B. SAFE TO DELETE AFTER CONFIRMATION,可: 同ProjectのSource/Asset/Packages/外部依存を保持,キャッシュのみを対象。親Sourceは残す,LOW (全Unity終了・対象確認後),No tracked files at this path,No files under this path in origin/main,0,0,0,0,C:/Users/田尻大翔/Documents/Codex/2026-08-07/new-chat/outputs/HimoHitoPrototype/.codex_tmp/MainStageCleanReproduction_20261001/DeterministicAB_20261001_154205/CauseProject,LOW_RISK_AFTER_ALL_UNITY_CLOSED,Himo old .codex_tmp
C:/Users/田尻大翔/Documents/Codex/2026-08-07/new-chat/outputs/HimoHitoPrototype/.codex_tmp/HumanPlaytestFixes_20260930/Project/Library,C:\Users\田尻大翔\Documents\Codex,8,318342906,0.29648,391,2026-10-01T00:58:07+09:00,2026-10-01T00:58:07+09:00,4488364,24,H/.codex_tmp/HumanPlaytestFixes_20260930/Project/Library,Unity生成キャッシュ (所属Projectは親Path),B. SAFE TO DELETE AFTER CONFIRMATION,可: 同ProjectのSource/Asset/Packages/外部依存を保持,キャッシュのみを対象。親Sourceは残す,LOW (全Unity終了・対象確認後),No tracked files at this path,No files under this path in origin/main,0,0,0,0,C:/Users/田尻大翔/Documents/Codex/2026-08-07/new-chat/outputs/HimoHitoPrototype/.codex_tmp/HumanPlaytestFixes_20260930/Project,LOW_RISK_AFTER_ALL_UNITY_CLOSED,Himo old .codex_tmp
C:/Users/田尻大翔/Documents/Codex/2026-08-07/new-chat/outputs/HimoHitoPrototype/.codex_tmp/MainStageCleanReproduction_20261001/ExternalBGM_20261001_151833/QAProject/Library,C:\Users\田尻大翔\Documents\Codex,9,318186255,0.296334,384,2026-10-01T15:29:05+09:00,2026-10-01T15:29:05+09:00,4488468,24,H/.codex_tmp/MainStageCleanReproduction_20261001/ExternalBGM_20261001_151833/QAProject/Library,Unity生成キャッシュ (所属Projectは親Path),B. SAFE TO DELETE AFTER CONFIRMATION,可: 同ProjectのSource/Asset/Packages/外部依存を保持,キャッシュのみを対象。親Sourceは残す,LOW (全Unity終了・対象確認後),No tracked files at this path,No files under this path in origin/main,0,0,0,0,C:/Users/田尻大翔/Documents/Codex/2026-08-07/new-chat/outputs/HimoHitoPrototype/.codex_tmp/MainStageCleanReproduction_20261001/ExternalBGM_20261001_151833/QAProject,LOW_RISK_AFTER_ALL_UNITY_CLOSED,Himo old .codex_tmp
C:/Users/田尻大翔/Documents/Codex/2026-08-07/new-chat/outputs/HimoHitoPrototype/.codex_tmp/CheckpointMergedBridgeFix_20260930/DiagnosticProject/Library,C:\Users\田尻大翔\Documents\Codex,8,318159511,0.296309,391,2026-09-30T20:51:31+09:00,2026-09-30T20:51:31+09:00,4488364,24,H/.codex_tmp/CheckpointMergedBridgeFix_20260930/DiagnosticProject/Library,Unity生成キャッシュ (所属Projectは親Path),B. SAFE TO DELETE AFTER CONFIRMATION,可: 同ProjectのSource/Asset/Packages/外部依存を保持,キャッシュのみを対象。親Sourceは残す,LOW (全Unity終了・対象確認後),No tracked files at this path,No files under this path in origin/main,0,0,0,0,C:/Users/田尻大翔/Documents/Codex/2026-08-07/new-chat/outputs/HimoHitoPrototype/.codex_tmp/CheckpointMergedBridgeFix_20260930/DiagnosticProject,LOW_RISK_AFTER_ALL_UNITY_CLOSED,Himo old .codex_tmp
C:/Users/田尻大翔/Documents/Codex/2026-08-07/new-chat/outputs/HimoHitoPrototype/.codex_tmp/MainStageSceneDiffAudit_20261001/Project/Library,C:\Users\田尻大翔\Documents\Codex,8,318142717,0.296293,384,2026-10-01T13:28:49+09:00,2026-10-01T13:28:49+09:00,4488336,24,H/.codex_tmp/MainStageSceneDiffAudit_20261001/Project/Library,Unity生成キャッシュ (所属Projectは親Path),B. SAFE TO DELETE AFTER CONFIRMATION,可: 同ProjectのSource/Asset/Packages/外部依存を保持,キャッシュのみを対象。親Sourceは残す,LOW (全Unity終了・対象確認後),No tracked files at this path,No files under this path in origin/main,0,0,0,0,C:/Users/田尻大翔/Documents/Codex/2026-08-07/new-chat/outputs/HimoHitoPrototype/.codex_tmp/MainStageSceneDiffAudit_20261001/Project,LOW_RISK_AFTER_ALL_UNITY_CLOSED,Himo old .codex_tmp
C:/Users/田尻大翔/Documents/Codex/2026-08-07/new-chat/outputs/HimoHitoPrototype/.codex_tmp/CheckpointMergedBridgeRepro_20260930/DiagnosticProject/Library,C:\Users\田尻大翔\Documents\Codex,8,318076489,0.296232,391,2026-09-30T19:12:54+09:00,2026-09-30T19:12:54+09:00,4488364,24,H/.codex_tmp/CheckpointMergedBridgeRepro_20260930/DiagnosticProject/Library,Unity生成キャッシュ (所属Projectは親Path),B. SAFE TO DELETE AFTER CONFIRMATION,可: 同ProjectのSource/Asset/Packages/外部依存を保持,キャッシュのみを対象。親Sourceは残す,LOW (全Unity終了・対象確認後),No tracked files at this path,No files under this path in origin/main,0,0,0,0,C:/Users/田尻大翔/Documents/Codex/2026-08-07/new-chat/outputs/HimoHitoPrototype/.codex_tmp/CheckpointMergedBridgeRepro_20260930/DiagnosticProject,LOW_RISK_AFTER_ALL_UNITY_CLOSED,Himo old .codex_tmp
C:/Users/田尻大翔/Documents/Codex/2026-08-07/new-chat/outputs/HimoHitoPrototype/.codex_tmp/MainStageCleanReproduction_20261001/BuildProject/Library,C:\Users\田尻大翔\Documents\Codex,8,317538393,0.295731,376,2026-10-01T14:09:04+09:00,2026-10-01T14:09:04+09:00,4493174,21,H/.codex_tmp/MainStageCleanReproduction_20261001/BuildProject/Library,Unity生成キャッシュ (所属Projectは親Path),B. SAFE TO DELETE AFTER CONFIRMATION,可: 同ProjectのSource/Asset/Packages/外部依存を保持,キャッシュのみを対象。親Sourceは残す,LOW (全Unity終了・対象確認後),No tracked files at this path,No files under this path in origin/main,0,0,0,0,C:/Users/田尻大翔/Documents/Codex/2026-08-07/new-chat/outputs/HimoHitoPrototype/.codex_tmp/MainStageCleanReproduction_20261001/BuildProject,LOW_RISK_AFTER_ALL_UNITY_CLOSED,Himo old .codex_tmp
C:/Users/田尻大翔/Documents/Codex/2026-08-07/new-chat/outputs/HimoHitoPrototype/.codex_tmp/MainStageCleanReproduction_20261001/QAProject/Library,C:\Users\田尻大翔\Documents\Codex,8,317398218,0.2956,382,2026-10-01T14:21:42+09:00,2026-10-01T14:21:42+09:00,4488468,24,H/.codex_tmp/MainStageCleanReproduction_20261001/QAProject/Library,Unity生成キャッシュ (所属Projectは親Path),B. SAFE TO DELETE AFTER CONFIRMATION,可: 同ProjectのSource/Asset/Packages/外部依存を保持,キャッシュのみを対象。親Sourceは残す,LOW (全Unity終了・対象確認後),No tracked files at this path,No files under this path in origin/main,0,0,0,0,C:/Users/田尻大翔/Documents/Codex/2026-08-07/new-chat/outputs/HimoHitoPrototype/.codex_tmp/MainStageCleanReproduction_20261001/QAProject,LOW_RISK_AFTER_ALL_UNITY_CLOSED,Himo old .codex_tmp
C:/Users/田尻大翔/.codex/visualizations/2026/09/12/01a095fe-94f6-7783-a93d-497f16bab356/UDF1/Output/03_UNITY/UnityProject/Temp,C:\Users\田尻大翔\.codex,10,6047428,0.005632,202,2026-09-29T01:41:48+09:00,2026-09-29T01:41:48+09:00,8,2,V/UDF1/Output/03_UNITY/UnityProject/Temp,Unity生成キャッシュ (所属Projectは親Path),B. SAFE TO DELETE AFTER CONFIRMATION,可: 同ProjectのSource/Asset/Packages/外部依存を保持,キャッシュのみを対象。親Sourceは残す,LOW (全Unity終了・対象確認後),No containing repository detected; nested repositories possible,Unverified,0,0,,,C:/Users/田尻大翔/.codex/visualizations/2026/09/12/01a095fe-94f6-7783-a93d-497f16bab356/UDF1/Output/03_UNITY/UnityProject,LOW_RISK_AFTER_ALL_UNITY_CLOSED,DesertLoop visualizations
C:/Users/田尻大翔/Documents/UnityProjects/DesertLoop/Logs/CreativeToolchainLab/UnityLab/Logs,C:\Users\田尻大翔\Documents\UnityProjects\DesertLoop,4,1178353,0.001097,12,2026-09-23T12:35:48+09:00,2026-09-23T12:35:27+09:00,1178353,12,D/Logs/CreativeToolchainLab/UnityLab/Logs,DESERT LOOP旧診断Unityコピー/Art検証/ログ混在,D. DO NOT DELETE YET,Libraryのみ可。Scene/Art/診断Sourceは未保存あり,Yes/未確認: Logs全体がGit除外,HIGH (親フォルダ一括禁止),No tracked files at this path,No files under this path in origin/main,0,0,0,0,C:/Users/田尻大翔/Documents/UnityProjects/DesertLoop/Logs/CreativeToolchainLab/UnityLab,,
C:/Users/田尻大翔/Documents/Codex/2026-08-07/new-chat/outputs/HimoHitoPrototype/Logs,C:\Users\田尻大翔\Documents\Codex,5,1093242,0.001018,24,2026-09-30T23:50:21+09:00,2026-09-30T23:49:14+09:00,1093242,24,H/Logs,起動中HimoHitoのUnity作業キャッシュ/ログ,D. DO NOT DELETE YET,一部可だが使用中,使用中。消去不可,HIGH (使用中),No tracked files at this path,No files under this path in origin/main,0,0,0,0,C:/Users/田尻大翔/Documents/Codex/2026-08-07/new-chat/outputs/HimoHitoPrototype,,
C:/Users/田尻大翔/Documents/UnityProjects/DesertLoop/Logs/SpaceLoopPhase1/UnityProjectFix2Local/Logs,C:\Users\田尻大翔\Documents\UnityProjects\DesertLoop,4,1038374,0.000967,16,2026-09-24T12:01:20+09:00,2026-09-24T12:00:32+09:00,1038374,16,D/Logs/SpaceLoopPhase1/UnityProjectFix2Local/Logs,DESERT LOOP旧診断Unityコピー/Art検証/ログ混在,D. DO NOT DELETE YET,Libraryのみ可。Scene/Art/診断Sourceは未保存あり,Yes/未確認: Logs全体がGit除外,HIGH (親フォルダ一括禁止),No tracked files at this path,No files under this path in origin/main,0,0,0,0,C:/Users/田尻大翔/Documents/UnityProjects/DesertLoop/Logs/SpaceLoopPhase1/UnityProjectFix2Local,,
C:/Users/田尻大翔/.codex/visualizations/2026/09/12/01a095fe-94f6-7783-a93d-497f16bab356/HERO/UnityProject/Logs,C:\Users\田尻大翔\.codex,8,994211,0.000926,16,2026-09-30T17:03:24+09:00,2026-09-30T17:03:00+09:00,994211,16,V/HERO/UnityProject/Logs,DESERT LOOP旧Proof/隔離Repository・raw Evidence混在,D. DO NOT DELETE YET,保存済みSource部分/Libraryは可、raw/旧Proofの固有入力は未確定,Yes: 少なくとも84 raw dumpsはGit未保存,HIGH (全体は削除しない),No containing repository detected; nested repositories possible,Unverified,0,0,,,C:/Users/田尻大翔/.codex/visualizations/2026/09/12/01a095fe-94f6-7783-a93d-497f16bab356/HERO/UnityProject,,
C:/Users/田尻大翔/.codex/visualizations/2026/09/12/01a095fe-94f6-7783-a93d-497f16bab356/GRA/UnityProject/Logs,C:\Users\田尻大翔\.codex,8,987928,0.00092,16,2026-09-30T12:04:31+09:00,2026-09-30T12:04:08+09:00,987928,16,V/GRA/UnityProject/Logs,DESERT LOOP旧Proof/隔離Repository・raw Evidence混在,D. DO NOT DELETE YET,保存済みSource部分/Libraryは可、raw/旧Proofの固有入力は未確定,Yes: 少なくとも84 raw dumpsはGit未保存,HIGH (全体は削除しない),No containing repository detected; nested repositories possible,Unverified,0,0,,,C:/Users/田尻大翔/.codex/visualizations/2026/09/12/01a095fe-94f6-7783-a93d-497f16bab356/GRA/UnityProject,,
C:/Users/田尻大翔/.codex/visualizations/2026/09/12/01a095fe-94f6-7783-a93d-497f16bab356/LTI/UnityProject/Logs,C:\Users\田尻大翔\.codex,8,987928,0.00092,16,2026-09-30T13:05:37+09:00,2026-09-30T13:05:08+09:00,987928,16,V/LTI/UnityProject/Logs,DESERT LOOP旧Proof/隔離Repository・raw Evidence混在,D. DO NOT DELETE YET,保存済みSource部分/Libraryは可、raw/旧Proofの固有入力は未確定,Yes: 少なくとも84 raw dumpsはGit未保存,HIGH (全体は削除しない),No containing repository detected; nested repositories possible,Unverified,0,0,,,C:/Users/田尻大翔/.codex/visualizations/2026/09/12/01a095fe-94f6-7783-a93d-497f16bab356/LTI/UnityProject,,
C:/Users/田尻大翔/.codex/visualizations/2026/09/12/01a095fe-94f6-7783-a93d-497f16bab356/LTI2/UnityProject/Logs,C:\Users\田尻大翔\.codex,8,987896,0.00092,16,2026-09-30T14:46:29+09:00,2026-09-30T14:45:59+09:00,987896,16,V/LTI2/UnityProject/Logs,DESERT LOOP旧Proof/隔離Repository・raw Evidence混在,D. DO NOT DELETE YET,保存済みSource部分/Libraryは可、raw/旧Proofの固有入力は未確定,Yes: 少なくとも84 raw dumpsはGit未保存,HIGH (全体は削除しない),No containing repository detected; nested repositories possible,Unverified,0,0,,,C:/Users/田尻大翔/.codex/visualizations/2026/09/12/01a095fe-94f6-7783-a93d-497f16bab356/LTI2/UnityProject,,
C:/Users/田尻大翔/.codex/visualizations/2026/09/12/01a095fe-94f6-7783-a93d-497f16bab356/Proof2ColorFix/UnityProject/Logs,C:\Users\田尻大翔\.codex,8,980722,0.000913,16,2026-09-30T11:38:43+09:00,2026-09-30T11:37:22+09:00,980722,16,V/Proof2ColorFix/UnityProject/Logs,DESERT LOOP旧Proof/隔離Repository・raw Evidence混在,D. DO NOT DELETE YET,保存済みSource部分/Libraryは可、raw/旧Proofの固有入力は未確定,Yes: 少なくとも84 raw dumpsはGit未保存,HIGH (全体は削除しない),No containing repository detected; nested repositories possible,Unverified,0,0,,,C:/Users/田尻大翔/.codex/visualizations/2026/09/12/01a095fe-94f6-7783-a93d-497f16bab356/Proof2ColorFix/UnityProject,,
C:/Users/田尻大翔/.codex/visualizations/2026/09/12/01a095fe-94f6-7783-a93d-497f16bab356/Proof2Calibration/UnityProject/Logs,C:\Users\田尻大翔\.codex,8,974474,0.000908,16,2026-09-30T11:01:11+09:00,2026-09-30T10:59:55+09:00,974474,16,V/Proof2Calibration/UnityProject/Logs,DESERT LOOP旧Proof/隔離Repository・raw Evidence混在,D. DO NOT DELETE YET,保存済みSource部分/Libraryは可、raw/旧Proofの固有入力は未確定,Yes: 少なくとも84 raw dumpsはGit未保存,HIGH (全体は削除しない),No containing repository detected; nested repositories possible,Unverified,0,0,,,C:/Users/田尻大翔/.codex/visualizations/2026/09/12/01a095fe-94f6-7783-a93d-497f16bab356/Proof2Calibration/UnityProject,,
C:/Users/田尻大翔/.codex/visualizations/2026/09/12/01a095fe-94f6-7783-a93d-497f16bab356/Gate2Proof/03_UNITY/UnityProject/Logs,C:\Users\田尻大翔\.codex,9,964644,0.000898,16,2026-09-28T23:58:45+09:00,2026-09-28T23:56:26+09:00,964644,16,V/Gate2Proof/03_UNITY/UnityProject/Logs,DESERT LOOP旧Proof/隔離Repository・raw Evidence混在,D. DO NOT DELETE YET,保存済みSource部分/Libraryは可、raw/旧Proofの固有入力は未確定,Yes: 少なくとも84 raw dumpsはGit未保存,HIGH (全体は削除しない),No containing repository detected; nested repositories possible,Unverified,0,0,,,C:/Users/田尻大翔/.codex/visualizations/2026/09/12/01a095fe-94f6-7783-a93d-497f16bab356/Gate2Proof/03_UNITY/UnityProject,,
C:/Users/田尻大翔/.codex/visualizations/2026/09/12/01a095fe-94f6-7783-a93d-497f16bab356/Gate2R1Proof/03_UNITY/UnityProject/Logs,C:\Users\田尻大翔\.codex,9,962669,0.000897,16,2026-09-29T00:42:38+09:00,2026-09-29T00:40:14+09:00,962669,16,V/Gate2R1Proof/03_UNITY/UnityProject/Logs,DESERT LOOP旧Proof/隔離Repository・raw Evidence混在,D. DO NOT DELETE YET,保存済みSource部分/Libraryは可、raw/旧Proofの固有入力は未確定,Yes: 少なくとも84 raw dumpsはGit未保存,HIGH (全体は削除しない),No containing repository detected; nested repositories possible,Unverified,0,0,,,C:/Users/田尻大翔/.codex/visualizations/2026/09/12/01a095fe-94f6-7783-a93d-497f16bab356/Gate2R1Proof/03_UNITY/UnityProject,,
C:/Users/田尻大翔/.codex/visualizations/2026/09/12/01a095fe-94f6-7783-a93d-497f16bab356/UDF1/Output/03_UNITY/UnityProject/Logs,C:\Users\田尻大翔\.codex,10,962382,0.000896,16,2026-09-29T01:41:49+09:00,2026-09-29T01:41:31+09:00,962382,16,V/UDF1/Output/03_UNITY/UnityProject/Logs,DESERT LOOP旧Proof/隔離Repository・raw Evidence混在,D. DO NOT DELETE YET,保存済みSource部分/Libraryは可、raw/旧Proofの固有入力は未確定,Yes: 少なくとも84 raw dumpsはGit未保存,HIGH (全体は削除しない),No containing repository detected; nested repositories possible,Unverified,0,0,,,C:/Users/田尻大翔/.codex/visualizations/2026/09/12/01a095fe-94f6-7783-a93d-497f16bab356/UDF1/Output/03_UNITY/UnityProject,,
C:/Users/田尻大翔/Documents/UnityProjects/DesertLoop/Logs/GateAContract/UnityProject/Logs,C:\Users\田尻大翔\Documents\UnityProjects\DesertLoop,4,554816,0.000517,15,2026-09-30T09:54:34+09:00,2026-09-26T13:25:12+09:00,554816,15,D/Logs/GateAContract/UnityProject/Logs,DESERT LOOP旧診断Unityコピー/Art検証/ログ混在,D. DO NOT DELETE YET,Libraryのみ可。Scene/Art/診断Sourceは未保存あり,Yes/未確認: Logs全体がGit除外,HIGH (親フォルダ一括禁止),No tracked files at this path,No files under this path in origin/main,0,0,0,0,C:/Users/田尻大翔/Documents/UnityProjects/DesertLoop/Logs/GateAContract/UnityProject,,
C:/Users/田尻大翔/Documents/Codex/2026-08-07/new-chat/outputs/HimoHitoPrototype/.codex_tmp/MainStageCleanReproduction_20261001/DeterministicAB_20261001_154205/TraceBuildProject/Logs,C:\Users\田尻大翔\Documents\Codex,9,434212,0.000404,16,2026-10-01T16:01:19+09:00,2026-10-01T16:00:12+09:00,434212,16,H/.codex_tmp/MainStageCleanReproduction_20261001/DeterministicAB_20261001_154205/TraceBuildProject/Logs,旧隔離QA/Build Project・診断Source/生成物の混在,C. PROBABLY SAFE,Libraryのみ可。コピー全体は固有Probe/入力照合が必要,Yes/未確認: ignoredフォルダ,MEDIUM-HIGH (全体は削除しない),No tracked files at this path,No files under this path in origin/main,0,0,0,0,C:/Users/田尻大翔/Documents/Codex/2026-08-07/new-chat/outputs/HimoHitoPrototype/.codex_tmp/MainStageCleanReproduction_20261001/DeterministicAB_20261001_154205/TraceBuildProject,,
C:/Users/田尻大翔/Documents/Codex/2026-08-07/new-chat/outputs/HimoHitoPrototype/.codex_tmp/HumanPlaytest_20260930_231714/Project/Logs,C:\Users\田尻大翔\Documents\Codex,8,434211,0.000404,16,2026-09-30T23:24:35+09:00,2026-09-30T23:23:23+09:00,434211,16,H/.codex_tmp/HumanPlaytest_20260930_231714/Project/Logs,旧隔離QA/Build Project・診断Source/生成物の混在,C. PROBABLY SAFE,Libraryのみ可。コピー全体は固有Probe/入力照合が必要,Yes/未確認: ignoredフォルダ,MEDIUM-HIGH (全体は削除しない),No tracked files at this path,No files under this path in origin/main,0,0,0,0,C:/Users/田尻大翔/Documents/Codex/2026-08-07/new-chat/outputs/HimoHitoPrototype/.codex_tmp/HumanPlaytest_20260930_231714/Project,,
C:/Users/田尻大翔/Documents/Codex/2026-08-07/new-chat/outputs/HimoHitoPrototype/.codex_tmp/MainStageCleanReproduction_20261001/ExternalBGM_20261001_151833/BuildProject/Logs,C:\Users\田尻大翔\Documents\Codex,9,433960,0.000404,16,2026-10-01T15:23:00+09:00,2026-10-01T15:21:35+09:00,433960,16,H/.codex_tmp/MainStageCleanReproduction_20261001/ExternalBGM_20261001_151833/BuildProject/Logs,旧隔離QA/Build Project・診断Source/生成物の混在,C. PROBABLY SAFE,Libraryのみ可。コピー全体は固有Probe/入力照合が必要,Yes/未確認: ignoredフォルダ,MEDIUM-HIGH (全体は削除しない),No tracked files at this path,No files under this path in origin/main,0,0,0,0,C:/Users/田尻大翔/Documents/Codex/2026-08-07/new-chat/outputs/HimoHitoPrototype/.codex_tmp/MainStageCleanReproduction_20261001/ExternalBGM_20261001_151833/BuildProject,,
C:/Users/田尻大翔/Documents/Codex/2026-08-07/new-chat/outputs/HimoHitoPrototype/.codex_tmp/HumanPlaytestFixes_20261001_065300/Project/Logs,C:\Users\田尻大翔\Documents\Codex,8,433763,0.000404,16,2026-10-01T07:01:38+09:00,2026-10-01T07:00:31+09:00,433763,16,H/.codex_tmp/HumanPlaytestFixes_20261001_065300/Project/Logs,旧隔離QA/Build Project・診断Source/生成物の混在,C. PROBABLY SAFE,Libraryのみ可。コピー全体は固有Probe/入力照合が必要,Yes/未確認: ignoredフォルダ,MEDIUM-HIGH (全体は削除しない),No tracked files at this path,No files under this path in origin/main,0,0,0,0,C:/Users/田尻大翔/Documents/Codex/2026-08-07/new-chat/outputs/HimoHitoPrototype/.codex_tmp/HumanPlaytestFixes_20261001_065300/Project,,
C:/Users/田尻大翔/Documents/Codex/2026-08-07/new-chat/outputs/HimoHitoPrototype/.codex_tmp/Tutorial2p5DIntroFix_20261002/AfterProject/Logs,C:\Users\田尻大翔\Documents\Codex,8,396302,0.000369,16,2026-10-02T01:05:02+09:00,2026-10-02T01:03:46+09:00,396302,16,H/.codex_tmp/Tutorial2p5DIntroFix_20261002/AfterProject/Logs,最新Tutorial 2.5D作業・関連QA/画像/検証Build,D. DO NOT DELETE YET,部分的に再生成可能でも今回の保護指定が優先,Yes: 未commitの作業を含む,HIGH,No tracked files at this path,No files under this path in origin/main,0,0,0,0,C:/Users/田尻大翔/Documents/Codex/2026-08-07/new-chat/outputs/HimoHitoPrototype/.codex_tmp/Tutorial2p5DIntroFix_20261002/AfterProject,,
C:/Users/田尻大翔/Documents/Codex/2026-08-07/new-chat/outputs/HimoHitoPrototype/.codex_tmp/Tutorial2p5DAllSections_20261001/TrialProject/Logs,C:\Users\田尻大翔\Documents\Codex,8,391973,0.000365,16,2026-10-01T22:18:39+09:00,2026-10-01T22:18:13+09:00,391973,16,H/.codex_tmp/Tutorial2p5DAllSections_20261001/TrialProject/Logs,最新Tutorial 2.5D作業・関連QA/画像/検証Build,D. DO NOT DELETE YET,部分的に再生成可能でも今回の保護指定が優先,Yes: 未commitの作業を含む,HIGH,No tracked files at this path,No files under this path in origin/main,0,0,0,0,C:/Users/田尻大翔/Documents/Codex/2026-08-07/new-chat/outputs/HimoHitoPrototype/.codex_tmp/Tutorial2p5DAllSections_20261001/TrialProject,,
C:/Users/田尻大翔/Documents/Codex/2026-08-07/new-chat/outputs/HimoHitoPrototype/.codex_tmp/Tutorial2p5DForegroundRefine_20261001/RefineProject/Logs,C:\Users\田尻大翔\Documents\Codex,8,391973,0.000365,16,2026-10-01T21:04:02+09:00,2026-10-01T21:03:33+09:00,391973,16,H/.codex_tmp/Tutorial2p5DForegroundRefine_20261001/RefineProject/Logs,最新Tutorial 2.5D作業・関連QA/画像/検証Build,D. DO NOT DELETE YET,部分的に再生成可能でも今回の保護指定が優先,Yes: 未commitの作業を含む,HIGH,No tracked files at this path,No files under this path in origin/main,0,0,0,0,C:/Users/田尻大翔/Documents/Codex/2026-08-07/new-chat/outputs/HimoHitoPrototype/.codex_tmp/Tutorial2p5DForegroundRefine_20261001/RefineProject,,
C:/Users/田尻大翔/Documents/Codex/2026-08-07/new-chat/outputs/HimoHitoPrototype/.codex_tmp/Tutorial2p5DProof_20261001/ProofProject/Logs,C:\Users\田尻大翔\Documents\Codex,8,391973,0.000365,16,2026-10-01T20:17:28+09:00,2026-10-01T20:16:58+09:00,391973,16,H/.codex_tmp/Tutorial2p5DProof_20261001/ProofProject/Logs,最新Tutorial 2.5D作業・関連QA/画像/検証Build,D. DO NOT DELETE YET,部分的に再生成可能でも今回の保護指定が優先,Yes: 未commitの作業を含む,HIGH,No tracked files at this path,No files under this path in origin/main,0,0,0,0,C:/Users/田尻大翔/Documents/Codex/2026-08-07/new-chat/outputs/HimoHitoPrototype/.codex_tmp/Tutorial2p5DProof_20261001/ProofProject,,
C:/Users/田尻大翔/Documents/UnityProjects/DesertLoop/Logs/M5CameraBPlaytest/20260920_141708_692/Project/Logs,C:\Users\田尻大翔\Documents\UnityProjects\DesertLoop,5,105999,9.9e-05,17,2026-09-22T08:21:25+09:00,2026-09-21T10:43:03+09:00,83213,9,D/Logs/M5CameraBPlaytest/20260920_141708_692/Project/Logs,DESERT LOOP旧診断Unityコピー/Art検証/ログ混在,D. DO NOT DELETE YET,Libraryのみ可。Scene/Art/診断Sourceは未保存あり,Yes/未確認: Logs全体がGit除外,HIGH (親フォルダ一括禁止),No tracked files at this path,No files under this path in origin/main,0,0,0,0,C:/Users/田尻大翔/Documents/UnityProjects/DesertLoop/Logs/M5CameraBPlaytest/20260920_141708_692/Project,,
C:/Users/田尻大翔/Documents/Codex/2026-08-07/new-chat/outputs/HimoHitoPrototype/.codex_tmp/Tutorial2p5DIntroFix_20261002/BeforeProject/Logs,C:\Users\田尻大翔\Documents\Codex,8,54832,5.1e-05,13,2026-10-02T00:56:23+09:00,2026-10-02T00:55:54+09:00,54832,13,H/.codex_tmp/Tutorial2p5DIntroFix_20261002/BeforeProject/Logs,最新Tutorial 2.5D作業・関連QA/画像/検証Build,D. DO NOT DELETE YET,部分的に再生成可能でも今回の保護指定が優先,Yes: 未commitの作業を含む,HIGH,No tracked files at this path,No files under this path in origin/main,0,0,0,0,C:/Users/田尻大翔/Documents/Codex/2026-08-07/new-chat/outputs/HimoHitoPrototype/.codex_tmp/Tutorial2p5DIntroFix_20261002/BeforeProject,,
C:/Users/田尻大翔/Documents/Codex/2026-08-07/new-chat/outputs/HimoHitoPrototype/.codex_tmp/MainStageCleanReproduction_20261001/BuildProject/Logs,C:\Users\田尻大翔\Documents\Codex,8,41756,3.9e-05,7,2026-10-01T14:09:04+09:00,2026-10-01T14:09:02+09:00,41756,7,H/.codex_tmp/MainStageCleanReproduction_20261001/BuildProject/Logs,旧隔離QA/Build Project・診断Source/生成物の混在,C. PROBABLY SAFE,Libraryのみ可。コピー全体は固有Probe/入力照合が必要,Yes/未確認: ignoredフォルダ,MEDIUM-HIGH (全体は削除しない),No tracked files at this path,No files under this path in origin/main,0,0,0,0,C:/Users/田尻大翔/Documents/Codex/2026-08-07/new-chat/outputs/HimoHitoPrototype/.codex_tmp/MainStageCleanReproduction_20261001/BuildProject,,
C:/Users/田尻大翔/Documents/Codex/2026-08-07/new-chat/outputs/HimoHitoPrototype/.codex_tmp/MainStageCleanReproduction_20261001/DeterministicAB_20261001_154205/CauseProject/Logs,C:\Users\田尻大翔\Documents\Codex,9,41648,3.9e-05,7,2026-10-01T15:51:23+09:00,2026-10-01T15:51:11+09:00,41648,7,H/.codex_tmp/MainStageCleanReproduction_20261001/DeterministicAB_20261001_154205/CauseProject/Logs,旧隔離QA/Build Project・診断Source/生成物の混在,C. PROBABLY SAFE,Libraryのみ可。コピー全体は固有Probe/入力照合が必要,Yes/未確認: ignoredフォルダ,MEDIUM-HIGH (全体は削除しない),No tracked files at this path,No files under this path in origin/main,0,0,0,0,C:/Users/田尻大翔/Documents/Codex/2026-08-07/new-chat/outputs/HimoHitoPrototype/.codex_tmp/MainStageCleanReproduction_20261001/DeterministicAB_20261001_154205/CauseProject,,
C:/Users/田尻大翔/Documents/UnityProjects/DesertLoop/Logs/M5DistanceD/Project/Logs,C:\Users\田尻大翔\Documents\UnityProjects\DesertLoop,4,33181,3.1e-05,11,2026-09-21T14:01:14+09:00,2026-09-21T14:01:01+09:00,4972,1,D/Logs/M5DistanceD/Project/Logs,DESERT LOOP旧診断Unityコピー/Art検証/ログ混在,D. DO NOT DELETE YET,Libraryのみ可。Scene/Art/診断Sourceは未保存あり,Yes/未確認: Logs全体がGit除外,HIGH (親フォルダ一括禁止),No tracked files at this path,No files under this path in origin/main,0,0,0,0,C:/Users/田尻大翔/Documents/UnityProjects/DesertLoop/Logs/M5DistanceD/Project,,
C:/Users/田尻大翔/Documents/Codex/2026-08-07/new-chat/outputs/HimoHitoPrototype/.codex_tmp/FullGameRegression_20260930/UiDiagnosticProject/Logs,C:\Users\田尻大翔\Documents\Codex,8,25064,2.3e-05,5,2026-09-30T22:40:10+09:00,2026-09-30T22:40:09+09:00,25064,5,H/.codex_tmp/FullGameRegression_20260930/UiDiagnosticProject/Logs,旧隔離QA/Build Project・診断Source/生成物の混在,C. PROBABLY SAFE,Libraryのみ可。コピー全体は固有Probe/入力照合が必要,Yes/未確認: ignoredフォルダ,MEDIUM-HIGH (全体は削除しない),No tracked files at this path,No files under this path in origin/main,0,0,0,0,C:/Users/田尻大翔/Documents/Codex/2026-08-07/new-chat/outputs/HimoHitoPrototype/.codex_tmp/FullGameRegression_20260930/UiDiagnosticProject,,
C:/Users/田尻大翔/Documents/UnityProjects/DesertLoop/Logs/M5E1V2/Project/Logs,C:\Users\田尻大翔\Documents\UnityProjects\DesertLoop,4,23142,2.2e-05,1,2026-09-22T08:25:06+09:00,2026-09-22T08:24:48+09:00,23142,1,D/Logs/M5E1V2/Project/Logs,DESERT LOOP旧診断Unityコピー/Art検証/ログ混在,D. DO NOT DELETE YET,Libraryのみ可。Scene/Art/診断Sourceは未保存あり,Yes/未確認: Logs全体がGit除外,HIGH (親フォルダ一括禁止),No tracked files at this path,No files under this path in origin/main,0,0,0,0,C:/Users/田尻大翔/Documents/UnityProjects/DesertLoop/Logs/M5E1V2/Project,,
C:/Users/田尻大翔/Documents/UnityProjects/DesertLoop/Logs/M5DistanceC/Project/Logs,C:\Users\田尻大翔\Documents\UnityProjects\DesertLoop,4,21814,2e-05,7,2026-09-21T13:16:51+09:00,2026-09-21T13:16:37+09:00,4972,1,D/Logs/M5DistanceC/Project/Logs,DESERT LOOP旧診断Unityコピー/Art検証/ログ混在,D. DO NOT DELETE YET,Libraryのみ可。Scene/Art/診断Sourceは未保存あり,Yes/未確認: Logs全体がGit除外,HIGH (親フォルダ一括禁止),No tracked files at this path,No files under this path in origin/main,0,0,0,0,C:/Users/田尻大翔/Documents/UnityProjects/DesertLoop/Logs/M5DistanceC/Project,,
C:/Users/田尻大翔/Documents/UnityProjects/DesertLoop/Logs/M5DistanceAB/Project/Logs,C:\Users\田尻大翔\Documents\UnityProjects\DesertLoop,4,21810,2e-05,7,2026-09-21T12:43:42+09:00,2026-09-21T12:43:29+09:00,4972,1,D/Logs/M5DistanceAB/Project/Logs,DESERT LOOP旧診断Unityコピー/Art検証/ログ混在,D. DO NOT DELETE YET,Libraryのみ可。Scene/Art/診断Sourceは未保存あり,Yes/未確認: Logs全体がGit除外,HIGH (親フォルダ一括禁止),No tracked files at this path,No files under this path in origin/main,0,0,0,0,C:/Users/田尻大翔/Documents/UnityProjects/DesertLoop/Logs/M5DistanceAB/Project,,
C:/Users/田尻大翔/Documents/UnityProjects/DesertLoop/Logs/CreativeVisualPrototype4/UnityProject/Logs,C:\Users\田尻大翔\Documents\UnityProjects\DesertLoop,4,19324,1.8e-05,1,2026-09-23T16:18:49+09:00,2026-09-23T16:18:23+09:00,19324,1,D/Logs/CreativeVisualPrototype4/UnityProject/Logs,DESERT LOOP旧診断Unityコピー/Art検証/ログ混在,D. DO NOT DELETE YET,Libraryのみ可。Scene/Art/診断Sourceは未保存あり,Yes/未確認: Logs全体がGit除外,HIGH (親フォルダ一括禁止),No tracked files at this path,No files under this path in origin/main,0,0,0,0,C:/Users/田尻大翔/Documents/UnityProjects/DesertLoop/Logs/CreativeVisualPrototype4/UnityProject,,
C:/Users/田尻大翔/Documents/UnityProjects/DesertLoop/Logs/M5E1V2MultiCycle/Project/Logs,C:\Users\田尻大翔\Documents\UnityProjects\DesertLoop,4,15072,1.4e-05,4,2026-09-22T13:33:40+09:00,2026-09-22T13:33:22+09:00,4972,1,D/Logs/M5E1V2MultiCycle/Project/Logs,DESERT LOOP旧診断Unityコピー/Art検証/ログ混在,D. DO NOT DELETE YET,Libraryのみ可。Scene/Art/診断Sourceは未保存あり,Yes/未確認: Logs全体がGit除外,HIGH (親フォルダ一括禁止),No tracked files at this path,No files under this path in origin/main,0,0,0,0,C:/Users/田尻大翔/Documents/UnityProjects/DesertLoop/Logs/M5E1V2MultiCycle/Project,,
C:/Users/田尻大翔/Documents/UnityProjects/DesertLoop/Logs/M5E1V2Seamless/Project/Logs,C:\Users\田尻大翔\Documents\UnityProjects\DesertLoop,4,11082,1e-05,3,2026-09-22T09:58:33+09:00,2026-09-22T09:58:20+09:00,4972,1,D/Logs/M5E1V2Seamless/Project/Logs,DESERT LOOP旧診断Unityコピー/Art検証/ログ混在,D. DO NOT DELETE YET,Libraryのみ可。Scene/Art/診断Sourceは未保存あり,Yes/未確認: Logs全体がGit除外,HIGH (親フォルダ一括禁止),No tracked files at this path,No files under this path in origin/main,0,0,0,0,C:/Users/田尻大翔/Documents/UnityProjects/DesertLoop/Logs/M5E1V2Seamless/Project,,
C:/Users/田尻大翔/Documents/UnityProjects/DesertLoop/Logs/M5DistanceE1/Project/Logs,C:\Users\田尻大翔\Documents\UnityProjects\DesertLoop,4,10416,1e-05,3,2026-09-21T23:46:57+09:00,2026-09-21T23:46:39+09:00,4972,1,D/Logs/M5DistanceE1/Project/Logs,DESERT LOOP旧診断Unityコピー/Art検証/ログ混在,D. DO NOT DELETE YET,Libraryのみ可。Scene/Art/診断Sourceは未保存あり,Yes/未確認: Logs全体がGit除外,HIGH (親フォルダ一括禁止),No tracked files at this path,No files under this path in origin/main,0,0,0,0,C:/Users/田尻大翔/Documents/UnityProjects/DesertLoop/Logs/M5DistanceE1/Project,,
C:/Users/田尻大翔/Documents/UnityProjects/DesertLoop/Logs/CreativeVisualPrototype8/UnityProject/Logs,C:\Users\田尻大翔\Documents\UnityProjects\DesertLoop,4,3334,3e-06,1,2026-09-23T21:27:04+09:00,2026-09-23T21:26:41+09:00,3334,1,D/Logs/CreativeVisualPrototype8/UnityProject/Logs,DESERT LOOP旧診断Unityコピー/Art検証/ログ混在,D. DO NOT DELETE YET,Libraryのみ可。Scene/Art/診断Sourceは未保存あり,Yes/未確認: Logs全体がGit除外,HIGH (親フォルダ一括禁止),No tracked files at this path,No files under this path in origin/main,0,0,0,0,C:/Users/田尻大翔/Documents/UnityProjects/DesertLoop/Logs/CreativeVisualPrototype8/UnityProject,,
C:/Users/田尻大翔/Documents/UnityProjects/DesertLoop/Logs/HybridProductionVisualCandidate/UnityProject/Logs,C:\Users\田尻大翔\Documents\UnityProjects\DesertLoop,4,3334,3e-06,1,2026-09-23T23:48:38+09:00,2026-09-23T23:48:15+09:00,3334,1,D/Logs/HybridProductionVisualCandidate/UnityProject/Logs,DESERT LOOP旧診断Unityコピー/Art検証/ログ混在,D. DO NOT DELETE YET,Libraryのみ可。Scene/Art/診断Sourceは未保存あり,Yes/未確認: Logs全体がGit除外,HIGH (親フォルダ一括禁止),No tracked files at this path,No files under this path in origin/main,0,0,0,0,C:/Users/田尻大翔/Documents/UnityProjects/DesertLoop/Logs/HybridProductionVisualCandidate/UnityProject,,
C:/Users/田尻大翔/Documents/Codex/2026-08-07/new-chat/outputs/HimoHitoPrototype/.codex_tmp/MainStageCleanReproduction_20261001/ExternalBGM_20261001_151833/QAProject/Logs,C:\Users\田尻大翔\Documents\Codex,9,2435,2e-06,1,2026-10-01T15:29:06+09:00,2026-10-01T15:28:21+09:00,2435,1,H/.codex_tmp/MainStageCleanReproduction_20261001/ExternalBGM_20261001_151833/QAProject/Logs,旧隔離QA/Build Project・診断Source/生成物の混在,C. PROBABLY SAFE,Libraryのみ可。コピー全体は固有Probe/入力照合が必要,Yes/未確認: ignoredフォルダ,MEDIUM-HIGH (全体は削除しない),No tracked files at this path,No files under this path in origin/main,0,0,0,0,C:/Users/田尻大翔/Documents/Codex/2026-08-07/new-chat/outputs/HimoHitoPrototype/.codex_tmp/MainStageCleanReproduction_20261001/ExternalBGM_20261001_151833/QAProject,,
C:/Users/田尻大翔/Documents/UnityProjects/DesertLoop/Logs/CreativeVisualPrototype1/UnityProject/Logs,C:\Users\田尻大翔\Documents\UnityProjects\DesertLoop,4,1154,1e-06,1,2026-09-23T13:56:58+09:00,2026-09-23T13:56:40+09:00,1154,1,D/Logs/CreativeVisualPrototype1/UnityProject/Logs,DESERT LOOP旧診断Unityコピー/Art検証/ログ混在,D. DO NOT DELETE YET,Libraryのみ可。Scene/Art/診断Sourceは未保存あり,Yes/未確認: Logs全体がGit除外,HIGH (親フォルダ一括禁止),No tracked files at this path,No files under this path in origin/main,0,0,0,0,C:/Users/田尻大翔/Documents/UnityProjects/DesertLoop/Logs/CreativeVisualPrototype1/UnityProject,,
C:/Users/田尻大翔/Documents/UnityProjects/DesertLoop/Logs/CreativeVisualPrototype2/UnityProject/Logs,C:\Users\田尻大翔\Documents\UnityProjects\DesertLoop,4,1154,1e-06,1,2026-09-23T14:33:48+09:00,2026-09-23T14:33:24+09:00,1154,1,D/Logs/CreativeVisualPrototype2/UnityProject/Logs,DESERT LOOP旧診断Unityコピー/Art検証/ログ混在,D. DO NOT DELETE YET,Libraryのみ可。Scene/Art/診断Sourceは未保存あり,Yes/未確認: Logs全体がGit除外,HIGH (親フォルダ一括禁止),No tracked files at this path,No files under this path in origin/main,0,0,0,0,C:/Users/田尻大翔/Documents/UnityProjects/DesertLoop/Logs/CreativeVisualPrototype2/UnityProject,,
C:/Users/田尻大翔/Documents/UnityProjects/DesertLoop/Logs/CreativeVisualPrototype3/UnityProject/Logs,C:\Users\田尻大翔\Documents\UnityProjects\DesertLoop,4,1154,1e-06,1,2026-09-23T15:22:00+09:00,2026-09-23T15:21:38+09:00,1154,1,D/Logs/CreativeVisualPrototype3/UnityProject/Logs,DESERT LOOP旧診断Unityコピー/Art検証/ログ混在,D. DO NOT DELETE YET,Libraryのみ可。Scene/Art/診断Sourceは未保存あり,Yes/未確認: Logs全体がGit除外,HIGH (親フォルダ一括禁止),No tracked files at this path,No files under this path in origin/main,0,0,0,0,C:/Users/田尻大翔/Documents/UnityProjects/DesertLoop/Logs/CreativeVisualPrototype3/UnityProject,,
C:/Users/田尻大翔/Documents/UnityProjects/DesertLoop/Logs/CreativeVisualPrototype5/UnityProject/Logs,C:\Users\田尻大翔\Documents\UnityProjects\DesertLoop,4,1154,1e-06,1,2026-09-23T17:06:01+09:00,2026-09-23T17:05:33+09:00,1154,1,D/Logs/CreativeVisualPrototype5/UnityProject/Logs,DESERT LOOP旧診断Unityコピー/Art検証/ログ混在,D. DO NOT DELETE YET,Libraryのみ可。Scene/Art/診断Sourceは未保存あり,Yes/未確認: Logs全体がGit除外,HIGH (親フォルダ一括禁止),No tracked files at this path,No files under this path in origin/main,0,0,0,0,C:/Users/田尻大翔/Documents/UnityProjects/DesertLoop/Logs/CreativeVisualPrototype5/UnityProject,,
C:/Users/田尻大翔/Documents/UnityProjects/DesertLoop/Logs/CreativeVisualPrototype6/UnityProject/Logs,C:\Users\田尻大翔\Documents\UnityProjects\DesertLoop,4,1154,1e-06,1,2026-09-23T17:47:57+09:00,2026-09-23T17:47:26+09:00,1154,1,D/Logs/CreativeVisualPrototype6/UnityProject/Logs,DESERT LOOP旧診断Unityコピー/Art検証/ログ混在,D. DO NOT DELETE YET,Libraryのみ可。Scene/Art/診断Sourceは未保存あり,Yes/未確認: Logs全体がGit除外,HIGH (親フォルダ一括禁止),No tracked files at this path,No files under this path in origin/main,0,0,0,0,C:/Users/田尻大翔/Documents/UnityProjects/DesertLoop/Logs/CreativeVisualPrototype6/UnityProject,,
C:/Users/田尻大翔/Documents/UnityProjects/DesertLoop/Logs/CreativeVisualPrototype7/UnityProject/Logs,C:\Users\田尻大翔\Documents\UnityProjects\DesertLoop,4,1154,1e-06,1,2026-09-23T19:06:40+09:00,2026-09-23T19:06:08+09:00,1154,1,D/Logs/CreativeVisualPrototype7/UnityProject/Logs,DESERT LOOP旧診断Unityコピー/Art検証/ログ混在,D. DO NOT DELETE YET,Libraryのみ可。Scene/Art/診断Sourceは未保存あり,Yes/未確認: Logs全体がGit除外,HIGH (親フォルダ一括禁止),No tracked files at this path,No files under this path in origin/main,0,0,0,0,C:/Users/田尻大翔/Documents/UnityProjects/DesertLoop/Logs/CreativeVisualPrototype7/UnityProject,,
C:/Users/田尻大翔/Documents/UnityProjects/DesertLoop/Logs/M5CameraComparison_20260920/Project/Logs,C:\Users\田尻大翔\Documents\UnityProjects\DesertLoop,4,249,0.0,1,2026-09-20T00:38:30+09:00,2026-09-20T00:37:59+09:00,249,1,D/Logs/M5CameraComparison_20260920/Project/Logs,DESERT LOOP旧診断Unityコピー/Art検証/ログ混在,D. DO NOT DELETE YET,Libraryのみ可。Scene/Art/診断Sourceは未保存あり,Yes/未確認: Logs全体がGit除外,HIGH (親フォルダ一括禁止),No tracked files at this path,No files under this path in origin/main,0,0,0,0,C:/Users/田尻大翔/Documents/UnityProjects/DesertLoop/Logs/M5CameraComparison_20260920/Project,,
C:/Users/田尻大翔/Documents/Codex/2026-08-07/new-chat/outputs/HimoHitoPrototype/.codex_tmp/CheckpointMergedBridgeFix_20260930/DiagnosticProject/Logs,C:\Users\田尻大翔\Documents\Codex,8,213,0.0,1,2026-09-30T20:51:31+09:00,2026-09-30T20:50:59+09:00,213,1,H/.codex_tmp/CheckpointMergedBridgeFix_20260930/DiagnosticProject/Logs,旧隔離QA/Build Project・診断Source/生成物の混在,C. PROBABLY SAFE,Libraryのみ可。コピー全体は固有Probe/入力照合が必要,Yes/未確認: ignoredフォルダ,MEDIUM-HIGH (全体は削除しない),No tracked files at this path,No files under this path in origin/main,0,0,0,0,C:/Users/田尻大翔/Documents/Codex/2026-08-07/new-chat/outputs/HimoHitoPrototype/.codex_tmp/CheckpointMergedBridgeFix_20260930/DiagnosticProject,,
C:/Users/田尻大翔/Documents/Codex/2026-08-07/new-chat/outputs/HimoHitoPrototype/.codex_tmp/CheckpointMergedBridgeRepro_20260930/DiagnosticProject/Logs,C:\Users\田尻大翔\Documents\Codex,8,213,0.0,1,2026-09-30T19:12:55+09:00,2026-09-30T19:12:20+09:00,213,1,H/.codex_tmp/CheckpointMergedBridgeRepro_20260930/DiagnosticProject/Logs,旧隔離QA/Build Project・診断Source/生成物の混在,C. PROBABLY SAFE,Libraryのみ可。コピー全体は固有Probe/入力照合が必要,Yes/未確認: ignoredフォルダ,MEDIUM-HIGH (全体は削除しない),No tracked files at this path,No files under this path in origin/main,0,0,0,0,C:/Users/田尻大翔/Documents/Codex/2026-08-07/new-chat/outputs/HimoHitoPrototype/.codex_tmp/CheckpointMergedBridgeRepro_20260930/DiagnosticProject,,
C:/Users/田尻大翔/Documents/Codex/2026-08-07/new-chat/outputs/HimoHitoPrototype/.codex_tmp/CraftUiCheck/Logs,C:\Users\田尻大翔\Documents\Codex,7,213,0.0,1,2026-09-11T00:08:53+09:00,2026-09-11T00:08:25+09:00,213,1,H/.codex_tmp/CraftUiCheck/Logs,旧隔離QA/Build Project・診断Source/生成物の混在,C. PROBABLY SAFE,Libraryのみ可。コピー全体は固有Probe/入力照合が必要,Yes/未確認: ignoredフォルダ,MEDIUM-HIGH (全体は削除しない),No tracked files at this path,No files under this path in origin/main,0,0,0,0,C:/Users/田尻大翔/Documents/Codex/2026-08-07/new-chat/outputs/HimoHitoPrototype/.codex_tmp/CraftUiCheck,,
C:/Users/田尻大翔/Documents/Codex/2026-08-07/new-chat/outputs/HimoHitoPrototype/.codex_tmp/FullGameRegression_20260930/DiagnosticProject/Logs,C:\Users\田尻大翔\Documents\Codex,8,213,0.0,1,2026-09-30T22:17:26+09:00,2026-09-30T22:15:56+09:00,213,1,H/.codex_tmp/FullGameRegression_20260930/DiagnosticProject/Logs,旧隔離QA/Build Project・診断Source/生成物の混在,C. PROBABLY SAFE,Libraryのみ可。コピー全体は固有Probe/入力照合が必要,Yes/未確認: ignoredフォルダ,MEDIUM-HIGH (全体は削除しない),No tracked files at this path,No files under this path in origin/main,0,0,0,0,C:/Users/田尻大翔/Documents/Codex/2026-08-07/new-chat/outputs/HimoHitoPrototype/.codex_tmp/FullGameRegression_20260930/DiagnosticProject,,
C:/Users/田尻大翔/Documents/Codex/2026-08-07/new-chat/outputs/HimoHitoPrototype/.codex_tmp/HumanPlaytestFixes_20260930/Project/Logs,C:\Users\田尻大翔\Documents\Codex,8,213,0.0,1,2026-10-01T00:58:08+09:00,2026-10-01T00:57:24+09:00,213,1,H/.codex_tmp/HumanPlaytestFixes_20260930/Project/Logs,旧隔離QA/Build Project・診断Source/生成物の混在,C. PROBABLY SAFE,Libraryのみ可。コピー全体は固有Probe/入力照合が必要,Yes/未確認: ignoredフォルダ,MEDIUM-HIGH (全体は削除しない),No tracked files at this path,No files under this path in origin/main,0,0,0,0,C:/Users/田尻大翔/Documents/Codex/2026-08-07/new-chat/outputs/HimoHitoPrototype/.codex_tmp/HumanPlaytestFixes_20260930/Project,,
C:/Users/田尻大翔/Documents/Codex/2026-08-07/new-chat/outputs/HimoHitoPrototype/.codex_tmp/MainStageCleanReproduction_20261001/DeterministicAB_20261001_154205/CopyA/Logs,C:\Users\田尻大翔\Documents\Codex,9,213,0.0,1,2026-10-01T16:00:50+09:00,2026-10-01T15:59:54+09:00,213,1,H/.codex_tmp/MainStageCleanReproduction_20261001/DeterministicAB_20261001_154205/CopyA/Logs,旧隔離QA/Build Project・診断Source/生成物の混在,C. PROBABLY SAFE,Libraryのみ可。コピー全体は固有Probe/入力照合が必要,Yes/未確認: ignoredフォルダ,MEDIUM-HIGH (全体は削除しない),No tracked files at this path,No files under this path in origin/main,0,0,0,0,C:/Users/田尻大翔/Documents/Codex/2026-08-07/new-chat/outputs/HimoHitoPrototype/.codex_tmp/MainStageCleanReproduction_20261001/DeterministicAB_20261001_154205/CopyA,,
C:/Users/田尻大翔/Documents/Codex/2026-08-07/new-chat/outputs/HimoHitoPrototype/.codex_tmp/MainStageCleanReproduction_20261001/DeterministicAB_20261001_154205/CopyB/Logs,C:\Users\田尻大翔\Documents\Codex,9,213,0.0,1,2026-10-01T16:00:49+09:00,2026-10-01T15:59:55+09:00,213,1,H/.codex_tmp/MainStageCleanReproduction_20261001/DeterministicAB_20261001_154205/CopyB/Logs,旧隔離QA/Build Project・診断Source/生成物の混在,C. PROBABLY SAFE,Libraryのみ可。コピー全体は固有Probe/入力照合が必要,Yes/未確認: ignoredフォルダ,MEDIUM-HIGH (全体は削除しない),No tracked files at this path,No files under this path in origin/main,0,0,0,0,C:/Users/田尻大翔/Documents/Codex/2026-08-07/new-chat/outputs/HimoHitoPrototype/.codex_tmp/MainStageCleanReproduction_20261001/DeterministicAB_20261001_154205/CopyB,,
C:/Users/田尻大翔/Documents/Codex/2026-08-07/new-chat/outputs/HimoHitoPrototype/.codex_tmp/MainStageCleanReproduction_20261001/QAProject/Logs,C:\Users\田尻大翔\Documents\Codex,8,213,0.0,1,2026-10-01T14:21:42+09:00,2026-10-01T14:20:58+09:00,213,1,H/.codex_tmp/MainStageCleanReproduction_20261001/QAProject/Logs,旧隔離QA/Build Project・診断Source/生成物の混在,C. PROBABLY SAFE,Libraryのみ可。コピー全体は固有Probe/入力照合が必要,Yes/未確認: ignoredフォルダ,MEDIUM-HIGH (全体は削除しない),No tracked files at this path,No files under this path in origin/main,0,0,0,0,C:/Users/田尻大翔/Documents/Codex/2026-08-07/new-chat/outputs/HimoHitoPrototype/.codex_tmp/MainStageCleanReproduction_20261001/QAProject,,
C:/Users/田尻大翔/Documents/Codex/2026-08-07/new-chat/outputs/HimoHitoPrototype/.codex_tmp/MainStageSceneDiffAudit_20261001/Project/Logs,C:\Users\田尻大翔\Documents\Codex,8,213,0.0,1,2026-10-01T13:28:49+09:00,2026-10-01T13:28:33+09:00,213,1,H/.codex_tmp/MainStageSceneDiffAudit_20261001/Project/Logs,旧隔離QA/Build Project・診断Source/生成物の混在,C. PROBABLY SAFE,Libraryのみ可。コピー全体は固有Probe/入力照合が必要,Yes/未確認: ignoredフォルダ,MEDIUM-HIGH (全体は削除しない),No tracked files at this path,No files under this path in origin/main,0,0,0,0,C:/Users/田尻大翔/Documents/Codex/2026-08-07/new-chat/outputs/HimoHitoPrototype/.codex_tmp/MainStageSceneDiffAudit_20261001/Project,,
C:/Users/田尻大翔/Documents/Codex/2026-08-07/new-chat/outputs/HimoHitoPrototype/.codex_tmp/Tutorial2p5DProductionIntegration_20261001/BaselineProject/Logs,C:\Users\田尻大翔\Documents\Codex,8,213,0.0,1,2026-10-02T00:15:45+09:00,2026-10-02T00:15:15+09:00,213,1,H/.codex_tmp/Tutorial2p5DProductionIntegration_20261001/BaselineProject/Logs,最新Tutorial 2.5D作業・関連QA/画像/検証Build,D. DO NOT DELETE YET,部分的に再生成可能でも今回の保護指定が優先,Yes: 未commitの作業を含む,HIGH,No tracked files at this path,No files under this path in origin/main,0,0,0,0,C:/Users/田尻大翔/Documents/Codex/2026-08-07/new-chat/outputs/HimoHitoPrototype/.codex_tmp/Tutorial2p5DProductionIntegration_20261001/BaselineProject,,
C:/Users/田尻大翔/Documents/Codex/2026-08-07/new-chat/outputs/HimoHitoPrototype/.codex_tmp/Tutorial2p5DProductionIntegration_20261001/IntegrationProject/Logs,C:\Users\田尻大翔\Documents\Codex,8,213,0.0,1,2026-10-02T00:23:31+09:00,2026-10-02T00:22:55+09:00,213,1,H/.codex_tmp/Tutorial2p5DProductionIntegration_20261001/IntegrationProject/Logs,最新Tutorial 2.5D作業・関連QA/画像/検証Build,D. DO NOT DELETE YET,部分的に再生成可能でも今回の保護指定が優先,Yes: 未commitの作業を含む,HIGH,No tracked files at this path,No files under this path in origin/main,0,0,0,0,C:/Users/田尻大翔/Documents/Codex/2026-08-07/new-chat/outputs/HimoHitoPrototype/.codex_tmp/Tutorial2p5DProductionIntegration_20261001/IntegrationProject,,
C:/Users/田尻大翔/Documents/UnityProjects/DesertLoop/Logs/M5CameraBPlaytest/20260920_005553_756/Project/Logs,C:\Users\田尻大翔\Documents\UnityProjects\DesertLoop,5,213,0.0,1,2026-09-20T01:03:00+09:00,2026-09-20T01:02:36+09:00,213,1,D/Logs/M5CameraBPlaytest/20260920_005553_756/Project/Logs,DESERT LOOP旧診断Unityコピー/Art検証/ログ混在,D. DO NOT DELETE YET,Libraryのみ可。Scene/Art/診断Sourceは未保存あり,Yes/未確認: Logs全体がGit除外,HIGH (親フォルダ一括禁止),No tracked files at this path,No files under this path in origin/main,0,0,0,0,C:/Users/田尻大翔/Documents/UnityProjects/DesertLoop/Logs/M5CameraBPlaytest/20260920_005553_756/Project,,
C:/Users/田尻大翔/Documents/UnityProjects/DesertLoop/Logs/M5CameraBPlaytest/20260920_123216_848/Project/Logs,C:\Users\田尻大翔\Documents\UnityProjects\DesertLoop,5,213,0.0,1,2026-09-20T12:37:10+09:00,2026-09-20T12:36:41+09:00,213,1,D/Logs/M5CameraBPlaytest/20260920_123216_848/Project/Logs,DESERT LOOP旧診断Unityコピー/Art検証/ログ混在,D. DO NOT DELETE YET,Libraryのみ可。Scene/Art/診断Sourceは未保存あり,Yes/未確認: Logs全体がGit除外,HIGH (親フォルダ一括禁止),No tracked files at this path,No files under this path in origin/main,0,0,0,0,C:/Users/田尻大翔/Documents/UnityProjects/DesertLoop/Logs/M5CameraBPlaytest/20260920_123216_848/Project,,
C:/Users/田尻大翔/Documents/UnityProjects/DesertLoop/Logs/ProductionArtIntegration01/UnityProject/Logs,C:\Users\田尻大翔\Documents\UnityProjects\DesertLoop,4,213,0.0,1,2026-09-24T06:53:28+09:00,2026-09-24T06:53:08+09:00,213,1,D/Logs/ProductionArtIntegration01/UnityProject/Logs,DESERT LOOP旧診断Unityコピー/Art検証/ログ混在,D. DO NOT DELETE YET,Libraryのみ可。Scene/Art/診断Sourceは未保存あり,Yes/未確認: Logs全体がGit除外,HIGH (親フォルダ一括禁止),No tracked files at this path,No files under this path in origin/main,0,0,0,0,C:/Users/田尻大翔/Documents/UnityProjects/DesertLoop/Logs/ProductionArtIntegration01/UnityProject,,
C:/Users/田尻大翔/Documents/UnityProjects/DesertLoop/Logs/ProductionArtIntegration02/UnityProject/Logs,C:\Users\田尻大翔\Documents\UnityProjects\DesertLoop,4,213,0.0,1,2026-09-24T08:00:03+09:00,2026-09-24T07:59:47+09:00,213,1,D/Logs/ProductionArtIntegration02/UnityProject/Logs,DESERT LOOP旧診断Unityコピー/Art検証/ログ混在,D. DO NOT DELETE YET,Libraryのみ可。Scene/Art/診断Sourceは未保存あり,Yes/未確認: Logs全体がGit除外,HIGH (親フォルダ一括禁止),No tracked files at this path,No files under this path in origin/main,0,0,0,0,C:/Users/田尻大翔/Documents/UnityProjects/DesertLoop/Logs/ProductionArtIntegration02/UnityProject,,
C:/Users/田尻大翔/Documents/UnityProjects/DesertLoop/Logs/ProductionArtIntegration03/UnityProject/Logs,C:\Users\田尻大翔\Documents\UnityProjects\DesertLoop,4,213,0.0,1,2026-09-24T09:10:03+09:00,2026-09-24T09:09:14+09:00,213,1,D/Logs/ProductionArtIntegration03/UnityProject/Logs,DESERT LOOP旧診断Unityコピー/Art検証/ログ混在,D. DO NOT DELETE YET,Libraryのみ可。Scene/Art/診断Sourceは未保存あり,Yes/未確認: Logs全体がGit除外,HIGH (親フォルダ一括禁止),No tracked files at this path,No files under this path in origin/main,0,0,0,0,C:/Users/田尻大翔/Documents/UnityProjects/DesertLoop/Logs/ProductionArtIntegration03/UnityProject,,
C:/Users/田尻大翔/Documents/UnityProjects/DesertLoop/Logs/SpaceLoopPhase1/UnityProject/Logs,C:\Users\田尻大翔\Documents\UnityProjects\DesertLoop,4,213,0.0,1,2026-09-24T10:31:12+09:00,2026-09-24T10:30:39+09:00,213,1,D/Logs/SpaceLoopPhase1/UnityProject/Logs,DESERT LOOP旧診断Unityコピー/Art検証/ログ混在,D. DO NOT DELETE YET,Libraryのみ可。Scene/Art/診断Sourceは未保存あり,Yes/未確認: Logs全体がGit除外,HIGH (親フォルダ一括禁止),No tracked files at this path,No files under this path in origin/main,0,0,0,0,C:/Users/田尻大翔/Documents/UnityProjects/DesertLoop/Logs/SpaceLoopPhase1/UnityProject,,
C:/Users/田尻大翔/Documents/Codex/2026-08-07/new-chat/outputs/HimoHitoPrototype/Temp,C:\Users\田尻大翔\Documents\Codex,5,8,0.0,6,2026-10-01T19:30:05+09:00,2026-10-01T19:30:05+09:00,8,6,H/Temp,起動中HimoHitoのUnity作業キャッシュ/ログ,D. DO NOT DELETE YET,一部可だが使用中,使用中。消去不可,HIGH (使用中),No tracked files at this path,No files under this path in origin/main,0,0,0,0,C:/Users/田尻大翔/Documents/Codex/2026-08-07/new-chat/outputs/HimoHitoPrototype,,
C:/Users/田尻大翔/Documents/UnityProjects/DesertLoop/Logs/GateAContract/UnityProject/Temp,C:\Users\田尻大翔\Documents\UnityProjects\DesertLoop,4,8,0.0,6,2026-09-26T15:57:23+09:00,2026-09-26T15:57:23+09:00,8,6,D/Logs/GateAContract/UnityProject/Temp,Unity生成キャッシュ (所属Projectは親Path),B. SAFE TO DELETE AFTER CONFIRMATION,可: 同ProjectのSource/Asset/Packages/外部依存を保持,キャッシュのみを対象。親Sourceは残す,LOW (全Unity終了・対象確認後),No tracked files at this path,No files under this path in origin/main,0,0,0,0,C:/Users/田尻大翔/Documents/UnityProjects/DesertLoop/Logs/GateAContract/UnityProject,LOW_RISK_AFTER_ALL_UNITY_CLOSED,DesertLoop primary/diagnostic copies
C:/Users/田尻大翔/Documents/Codex/2026-08-07/new-chat/outputs/HimoHitoPrototype/.codex_tmp/SubmissionBuild20260911/Logs,C:\Users\田尻大翔\Documents\Codex,7,0,0.0,0,2026-09-11T21:18:17+09:00,2026-09-11T21:18:17+09:00,0,0,H/.codex_tmp/SubmissionBuild20260911/Logs,旧隔離QA/Build Project・診断Source/生成物の混在,C. PROBABLY SAFE,Libraryのみ可。コピー全体は固有Probe/入力照合が必要,Yes/未確認: ignoredフォルダ,MEDIUM-HIGH (全体は削除しない),No tracked files at this path,No files under this path in origin/main,0,0,0,0,C:/Users/田尻大翔/Documents/Codex/2026-08-07/new-chat/outputs/HimoHitoPrototype/.codex_tmp/SubmissionBuild20260911,,
