label,frame,section,outcome,hybrid,player_x,player_y,grounded,attached,rope_selected,rope_remaining,bridges,cam_x,cam_y,cam_z,ortho,width,height
Intro_Menu_Before,3,1,WaitingToStart,False,-4,0.919999957,False,False,6,99,0,-4,0,-10,8.7,1920,1080
Intro_Menu_After,3,1,WaitingToStart,True,-4,0.919999957,False,False,6,99,0,-4,0,-10,8.7,1920,1080
Intro_Committed_Before,214,1,Playing,False,-4,0.92,False,False,6,99,0,63,0,-10,8.7,1920,1080
Intro_Committed_After,214,1,Playing,True,-4,0.92,False,False,6,99,0,63,0,-10,8.7,1920,1080
Intro_Start_Before,344,1,Playing,False,-4,0.92,False,False,6,99,0,63,0,-10,8.7,1920,1080
Intro_Start_After,344,1,Playing,True,-4,0.92,False,False,6,99,0,63,0,-10,8.7,1920,1080
Intro_Middle_Before,1575,1,Playing,False,-4,0.92,False,False,6,99,0,33.69318,0,-10,8.7,1920,1080
Intro_Middle_After,1575,1,Playing,True,-4,0.92,False,False,6,99,0,33.69318,0,-10,8.7,1920,1080
Intro_NearEnd_Before,2289,1,Playing,False,-4,0.92,False,False,6,99,0,7.4612174,0,-10,8.7,1920,1080
Intro_NearEnd_After,2289,1,Playing,True,-4,0.92,False,False,6,99,0,7.4612174,0,-10,8.7,1920,1080
Intro_Resumed_Before,2722,1,Playing,False,-4,0.92,False,False,6,99,0,-4,0,-10,8.7,1920,1080
Intro_Resumed_After,2722,1,Playing,True,-4,0.92,False,False,6,99,0,-4,0,-10,8.7,1920,1080
S1_Failed_Before,2861,1,Failed,False,-13.3835745,-9.274749,False,False,6,99,0,-12.0995426,0,-10,8.7,1920,1080
S1_Failed_After,2861,1,Failed,True,-13.3835745,-9.274749,False,False,6,99,0,-12.0995426,0,-10,8.7,1920,1080
S1_Retry_Before,2964,1,Playing,False,-4,0.9649998,True,False,6,99,0,-4,0,-10,8.7,1920,1080
S1_Retry_After,2964,1,Playing,True,-4,0.9649998,True,False,6,99,0,-4,0,-10,8.7,1920,1080
S1_Standing_Before,3018,1,Playing,False,-4,0.9649998,True,False,6,99,0,-4,0,-10,8.7,1920,1080
S1_Standing_After,3018,1,Playing,True,-4,0.9649998,True,False,6,99,0,-4,0,-10,8.7,1920,1080
S1_Walk_Before,3047,1,Playing,False,-4.181704,0.9649998,True,False,6,99,0,-4.30747652,0,-10,8.7,1920,1080
S1_Walk_After,3047,1,Playing,True,-4.181704,0.9649998,True,False,6,99,0,-4.30747652,0,-10,8.7,1920,1080
S1_Jump_Before,3102,1,Playing,False,-3.94036245,2.265108,False,False,6,99,0,-3.929069,0,-10,8.7,1920,1080
S1_Jump_After,3102,1,Playing,True,-3.94036245,2.265108,False,False,6,99,0,-3.929069,0,-10,8.7,1920,1080
S1_SignWorldOnly_Before,3255,1,Playing,False,-3.94036245,0.9649609,True,False,6,99,0,-3.94031024,0,-10,8.7,1920,1080
S1_SignWorldOnly_After,3255,1,Playing,True,-3.94036245,0.9649609,True,False,6,99,0,-3.94031024,0,-10,8.7,1920,1080
S1_Aim_Before,3301,1,Playing,False,-1.356947,0.9649998,True,False,6,99,0,-1.48401332,0,-10,8.7,1920,1080
S1_Aim_After,3301,1,Playing,True,-1.356947,0.9649998,True,False,6,99,0,-1.48401332,0,-10,8.7,1920,1080
S1_Attached_Before,3301,1,Playing,False,-1.356947,0.9649998,True,True,6,99,0,-1.48401332,0,-10,8.7,1920,1080
S1_Attached_After,3301,1,Playing,True,-1.356947,0.9649998,True,True,6,99,0,-1.48401332,0,-10,8.7,1920,1080
S1_Released_Before,3359,1,Playing,False,6.04461765,1.46817553,False,False,6,99,0,4.05678368,0,-10,8.7,1920,1080
S1_Released_After,3359,1,Playing,True,6.04461765,1.46817553,False,False,6,99,0,4.05678368,0,-10,8.7,1920,1080
S2_Standing_Before,3473,2,Playing,False,12,0.9649998,True,False,6,99,0,12,0,-10,8.7,1920,1080
S2_Standing_After,3473,2,Playing,True,12,0.9649998,True,False,6,99,0,12,0,-10,8.7,1920,1080
S2_Walk_Before,3502,2,Playing,False,11.8182964,0.9649998,True,False,6,99,0,11.6934729,0,-10,8.7,1920,1080
S2_Walk_After,3502,2,Playing,True,11.8182964,0.9649998,True,False,6,99,0,11.6934729,0,-10,8.7,1920,1080
S2_Jump_Before,3556,2,Playing,False,12.0596371,2.16510415,False,False,6,99,0,12.0702076,0,-10,8.7,1920,1080
S2_Jump_After,3556,2,Playing,True,12.0596371,2.16510415,False,False,6,99,0,12.0702076,0,-10,8.7,1920,1080
S2_SignWorldOnly_Before,3718,2,Playing,False,12.0596371,0.9649609,True,False,6,99,0,12.0596857,0,-10,8.7,1920,1080
S2_SignWorldOnly_After,3718,2,Playing,True,12.0596371,0.9649609,True,False,6,99,0,12.0596857,0,-10,8.7,1920,1080
S2_Aim_Before,3765,2,Playing,False,14.6430559,0.9649998,True,False,6,99,0,14.51974,0,-10,8.7,1920,1080
S2_Aim_After,3765,2,Playing,True,14.6430559,0.9649998,True,False,6,99,0,14.51974,0,-10,8.7,1920,1080
S2_Attached_Before,3765,2,Playing,False,14.6430559,0.9649998,True,True,6,99,0,14.51974,0,-10,8.7,1920,1080
S2_Attached_After,3765,2,Playing,True,14.6430559,0.9649998,True,True,6,99,0,14.51974,0,-10,8.7,1920,1080
S2_Released_Before,3826,2,Playing,False,22.1606331,1.17690706,False,False,6,99,0,20.2794666,0,-10,8.7,1920,1080
S2_Released_After,3826,2,Playing,True,22.1606331,1.17690706,False,False,6,99,0,20.2794666,0,-10,8.7,1920,1080
S3_Standing_Before,3937,3,Playing,False,27,0.9649998,True,False,6,99,0,27,0,-10,8.7,1920,1080
S3_Standing_After,3937,3,Playing,True,27,0.9649998,True,False,6,99,0,27,0,-10,8.7,1920,1080
S3_Walk_Before,3966,3,Playing,False,26.8182945,0.9649998,True,False,6,99,0,26.6944752,0,-10,8.7,1920,1080
S3_Walk_After,3966,3,Playing,True,26.8182945,0.9649998,True,False,6,99,0,26.6944752,0,-10,8.7,1920,1080
S3_Jump_Before,4021,3,Playing,False,27.0596371,2.16510415,False,False,6,99,0,27.0703182,0,-10,8.7,1920,1080
S3_Jump_After,4021,3,Playing,True,27.0596371,2.16510415,False,False,6,99,0,27.0703182,0,-10,8.7,1920,1080
S3_SignWorldOnly_Before,4159,3,Playing,False,27.0596371,0.9649609,True,False,6,99,0,27.0596848,0,-10,8.7,1920,1080
S3_SignWorldOnly_After,4159,3,Playing,True,27.0596371,0.9649609,True,False,6,99,0,27.0596848,0,-10,8.7,1920,1080
S3_Aim_Before,4201,3,Playing,False,29.3350735,0.9649998,True,False,7,99,0,29.1731586,0,-10,8.7,1920,1080
S3_Aim_After,4201,3,Playing,True,29.3350735,0.9649998,True,False,7,99,0,29.1731586,0,-10,8.7,1920,1080
S3_Attached_Before,4201,3,Playing,False,29.3350735,0.9649998,True,True,7,99,0,29.1731586,0,-10,8.7,1920,1080
S3_Attached_After,4201,3,Playing,True,29.3350735,0.9649998,True,True,7,99,0,29.1731586,0,-10,8.7,1920,1080
S3_Bridge_Before,4214,3,Playing,False,30.4625549,1.05449152,True,False,7,92,1,29.9922352,0,-10,8.7,1920,1080
S3_Bridge_After,4214,3,Playing,True,30.4625549,1.05449152,True,False,7,92,1,29.9922352,0,-10,8.7,1920,1080
S3_BridgeWalk_Before,4218,3,Playing,False,30.6491413,0.9352578,True,False,7,92,1,30.1895962,0,-10,8.7,1920,1080
S3_BridgeWalk_After,4218,3,Playing,True,30.6491413,0.9352578,True,False,7,92,1,30.1895962,0,-10,8.7,1920,1080
S4_Standing_Before,4370,4,Playing,False,39,0.9649998,True,False,7,92,1,39,0,-10,8.7,1920,1080
S4_Standing_After,4370,4,Playing,True,39,0.9649998,True,False,7,92,1,39,0,-10,8.7,1920,1080
S4_Walk_Before,4398,4,Playing,False,38.8182945,0.9649998,True,False,7,92,1,38.69225,0,-10,8.7,1920,1080
S4_Walk_After,4398,4,Playing,True,38.8182945,0.9649998,True,False,7,92,1,38.69225,0,-10,8.7,1920,1080
S4_Jump_Before,4454,4,Playing,False,39.05964,2.16510415,False,False,7,92,1,39.0697021,0,-10,8.7,1920,1080
S4_Jump_After,4454,4,Playing,True,39.05964,2.16510415,False,False,7,92,1,39.0697021,0,-10,8.7,1920,1080
S4_SignWorldOnly_Before,4604,4,Playing,False,39.05964,0.9649609,True,False,7,92,1,39.05969,0,-10,8.7,1920,1080
S4_SignWorldOnly_After,4604,4,Playing,True,39.05964,0.9649609,True,False,7,92,1,39.05969,0,-10,8.7,1920,1080
S4_First_Aim_Before,4647,4,Playing,False,41.28865,0.9649998,True,False,6,92,1,41.1626358,0,-10,8.7,1920,1080
S4_First_Aim_After,4647,4,Playing,True,41.28865,0.9649998,True,False,6,92,1,41.1626358,0,-10,8.7,1920,1080
S4_First_Attached_Before,4647,4,Playing,False,41.28865,0.9649998,True,True,6,92,1,41.1626358,0,-10,8.7,1920,1080
S4_First_Attached_After,4647,4,Playing,True,41.28865,0.9649998,True,True,6,92,1,41.1626358,0,-10,8.7,1920,1080
S4_First_Bridge_Before,4660,4,Playing,False,42.32478,1.07492542,True,False,6,86,2,41.94493,0,-10,8.7,1920,1080
S4_First_Bridge_After,4660,4,Playing,True,42.32478,1.07492542,True,False,6,86,2,41.94493,0,-10,8.7,1920,1080
S4_Second_Aim_Before,4731,4,Playing,False,46.2801781,2.03449,True,False,6,86,2,46.22423,0,-10,8.7,1920,1080
S4_Second_Aim_After,4731,4,Playing,True,46.2801781,2.03449,True,False,6,86,2,46.22423,0,-10,8.7,1920,1080
S4_Second_Attached_Before,4731,4,Playing,False,46.2801781,2.03449,True,True,6,86,2,46.22423,0,-10,8.7,1920,1080
S4_Second_Attached_After,4731,4,Playing,True,46.2801781,2.03449,True,True,6,86,2,46.22423,0,-10,8.7,1920,1080
S4_Second_Bridge_Before,4744,4,Playing,False,46.2801781,2.03449,True,False,6,80,3,46.2729,0,-10,8.7,1920,1080
S4_Second_Bridge_After,4744,4,Playing,True,46.2801781,2.03449,True,False,6,80,3,46.2729,0,-10,8.7,1920,1080
S4_TwoBridges_Before,4744,4,Playing,False,46.2801781,2.03449,True,False,6,80,3,46.2729,0,-10,8.7,1920,1080
S4_TwoBridges_After,4744,4,Playing,True,46.2801781,2.03449,True,False,6,80,3,46.2729,0,-10,8.7,1920,1080
S4_Merged_Before,4793,4,Playing,False,46.2819023,-0.822693944,True,False,6,80,2,46.281723,0,-10,8.7,1920,1080
S4_Merged_After,4793,4,Playing,True,46.2819023,-0.822693944,True,False,6,80,2,46.281723,0,-10,8.7,1920,1080
S4_Restored_Before,4847,4,Playing,False,39,0.9649998,True,False,7,92,1,39,0,-10,8.7,1920,1080
S4_Restored_After,4847,4,Playing,True,39,0.9649998,True,False,7,92,1,39,0,-10,8.7,1920,1080
S4_Rebuilt_First_Aim_Before,4888,4,Playing,False,41.28397,0.9649998,True,False,6,92,1,41.12035,0,-10,8.7,1920,1080
S4_Rebuilt_First_Aim_After,4888,4,Playing,True,41.28397,0.9649998,True,False,6,92,1,41.12035,0,-10,8.7,1920,1080
S4_Rebuilt_First_Attached_Before,4888,4,Playing,False,41.28397,0.9649998,True,True,6,92,1,41.12035,0,-10,8.7,1920,1080
S4_Rebuilt_First_Attached_After,4888,4,Playing,True,41.28397,0.9649998,True,True,6,92,1,41.12035,0,-10,8.7,1920,1080
S4_Rebuilt_First_Bridge_Before,4901,4,Playing,False,42.32478,1.07490683,True,False,6,86,2,41.8889542,0,-10,8.7,1920,1080
S4_Rebuilt_First_Bridge_After,4901,4,Playing,True,42.32478,1.07490683,True,False,6,86,2,41.8889542,0,-10,8.7,1920,1080
S4_Rebuilt_Second_Aim_Before,4971,4,Playing,False,46.2803268,2.03461361,True,False,6,86,2,46.22423,0,-10,8.7,1920,1080
S4_Rebuilt_Second_Aim_After,4971,4,Playing,True,46.2803268,2.03461361,True,False,6,86,2,46.22423,0,-10,8.7,1920,1080
S4_Rebuilt_Second_Attached_Before,4971,4,Playing,False,46.2803268,2.03461361,True,True,6,86,2,46.22423,0,-10,8.7,1920,1080
S4_Rebuilt_Second_Attached_After,4971,4,Playing,True,46.2803268,2.03461361,True,True,6,86,2,46.22423,0,-10,8.7,1920,1080
S4_Rebuilt_Second_Bridge_Before,4984,4,Playing,False,46.2803268,2.03461361,True,False,6,80,3,46.27303,0,-10,8.7,1920,1080
S4_Rebuilt_Second_Bridge_After,4984,4,Playing,True,46.2803268,2.03461361,True,False,6,80,3,46.27303,0,-10,8.7,1920,1080
S4_Rebuilt_TwoBridges_Before,4984,4,Playing,False,46.2803268,2.03461361,True,False,6,80,3,46.27303,0,-10,8.7,1920,1080
S4_Rebuilt_TwoBridges_After,4984,4,Playing,True,46.2803268,2.03461361,True,False,6,80,3,46.27303,0,-10,8.7,1920,1080
S4_Rebuilt_Merged_Before,5033,4,Playing,False,46.28205,-0.8227185,True,False,6,80,2,46.28187,0,-10,8.7,1920,1080
S4_Rebuilt_Merged_After,5033,4,Playing,True,46.28205,-0.8227185,True,False,6,80,2,46.28187,0,-10,8.7,1920,1080
S4_WideStanding_Before,5129,4,Playing,False,53.4339,0.9650769,True,False,6,80,2,53.28083,0,-10,8.7,1920,1080
S4_WideStanding_After,5129,4,Playing,True,53.4339,0.9650769,True,False,6,80,2,53.28083,0,-10,8.7,1920,1080
S4_WideWalk_Before,5156,4,Playing,False,53.3176537,0.9650769,True,False,6,80,2,53.18291,0,-10,8.7,1920,1080
S4_WideWalk_After,5156,4,Playing,True,53.3176537,0.9650769,True,False,6,80,2,53.18291,0,-10,8.7,1920,1080
S4_WideJump_Before,5189,4,Playing,False,53.8339539,2.16518116,False,False,6,80,2,53.81465,0,-10,8.7,1920,1080
S4_WideJump_After,5189,4,Playing,True,53.8339539,2.16518116,False,False,6,80,2,53.81465,0,-10,8.7,1920,1080
S4_Wide_Aim_Before,5223,4,Playing,False,53.8339539,0.96497494,True,False,6,80,2,53.83388,0,-10,8.7,1920,1080
S4_Wide_Aim_After,5223,4,Playing,True,53.8339539,0.96497494,True,False,6,80,2,53.83388,0,-10,8.7,1920,1080
S4_Wide_Attached_Before,5223,4,Playing,False,53.8339539,0.96497494,True,True,6,80,2,53.83388,0,-10,8.7,1920,1080
S4_Wide_Attached_After,5223,4,Playing,True,53.8339539,0.96497494,True,True,6,80,2,53.83388,0,-10,8.7,1920,1080
S4_Clearing_Before,5316,4,Clearing,False,63.22131,0.9649998,True,False,6,80,2,62.0487328,0,-10,8.7,1920,1080
S4_Clearing_After,5316,4,Clearing,True,63.22131,0.9649998,True,False,6,80,2,62.0487328,0,-10,8.7,1920,1080
S4_Clear_Before,6155,4,Clear,False,63.22131,0.9649998,True,False,6,80,2,62.0487328,0,-10,8.7,1920,1080
S4_Clear_After,6155,4,Clear,True,63.22131,0.9649998,True,False,6,80,2,62.0487328,0,-10,8.7,1920,1080
S4_LifecycleRestored_Before,6157,4,Clear,False,63.22131,0.9649998,True,False,6,80,2,62.0487328,0,-10,8.7,1920,1080
S4_LifecycleRestored_After,6157,4,Clear,True,63.22131,0.9649998,True,False,6,80,2,62.0487328,0,-10,8.7,1920,1080
