frame,time,section,outcome,player_x,player_y,velocity_x,velocity_y,grounded,attached,remaining,bridges,cam_x,cam_y,far_x,mid_x,near_x
2772,46.1833344,1,Playing,-4,0.9649998,0,0,True,False,99,0,-4,0,-4,-4,-4
2778,46.2833328,1,Playing,-4.237038,0.9649998,-3.95063877,0,True,False,99,0,-4.019766,0,-4.019568,-4.01818466,-4.017394
2784,46.3833351,1,Playing,-4.82449627,0.9649998,-6.390128,0,True,False,99,0,-4.177716,0,-4.17593861,-4.1634984,-4.15638971
2790,46.4833336,1,Playing,-5.463508,0.9649998,-6.390128,0,True,False,99,0,-4.546533,0,-4.5410676,-4.50281048,-4.480949
2796,46.5833321,1,Playing,-6.10252,0.9649998,-6.390128,0,True,False,99,0,-5.059474,0,-5.048879,-4.974716,-4.93233728
2802,46.6833344,1,Playing,-6.741532,0.9649998,-6.390128,0,True,False,99,0,-5.64472628,0,-5.628279,-5.51314831,-5.447359
2808,46.7833328,1,Playing,-7.38054371,0.9649998,-6.390128,0,True,False,99,0,-6.26199341,0,-6.23937368,-6.081034,-5.99055433
2814,46.8833351,1,Playing,-8.056967,0.8553473,-6.966433,-2.19195652,False,False,99,0,-6.89537,0,-6.86641645,-6.66374063,-6.54792547
2820,46.9833336,1,Playing,-8.751525,0.4723837,-6.931704,-4.919607,False,False,99,0,-7.55243254,0,-7.516908,-7.268238,-7.12614059
2826,47.0833321,1,Playing,-9.44262,-0.182528391,-6.897148,-7.63366,False,False,99,0,-8.22843,0,-8.186146,-7.89015532,-7.72101831
2832,47.1833344,1,Playing,-10.130271,-1.1080333,-6.86276436,-10.3341818,False,False,99,0,-8.912941,0,-8.86381149,-8.519906,-8.323388
2838,47.2833328,1,Playing,-10.8144932,-2.30278182,-6.82855225,-13.02124,False,False,99,0,-9.599461,0,-9.543466,-9.151504,-8.92752552
2844,47.3833351,1,Playing,-11.4953041,-3.76543236,-6.79451036,-15.6949062,False,False,99,0,-10.2848406,0,-10.2219925,-9.782053,-9.53066
2850,47.4833336,1,Playing,-12.1727228,-5.494649,-6.760638,-18.3552437,False,False,99,0,-10.9677219,0,-10.8980446,-10.4103041,-10.1315956
2856,47.5833321,1,Playing,-12.8467627,-7.48910332,-6.72693539,-21.0023174,False,False,99,0,-11.6475563,0,-11.5710812,-11.0357523,-10.72985
2862,47.6833344,1,Failed,-13.3835745,-9.274749,0,0,False,False,99,0,-12.0995426,0,-12.0185471,-11.4515791,-11.1275978
2868,47.7833328,1,Failed,-13.3835745,-9.274749,0,0,False,False,99,0,-12.0995426,0,-12.0185471,-11.4515791,-11.1275978
2874,47.8833351,1,Failed,-13.3835745,-9.274749,0,0,False,False,99,0,-12.0995426,0,-12.0185471,-11.4515791,-11.1275978
2880,47.9833336,1,Failed,-13.3835745,-9.274749,0,0,False,False,99,0,-12.0995426,0,-12.0185471,-11.4515791,-11.1275978
2886,48.0833321,1,Failed,-13.3835745,-9.274749,0,0,False,False,99,0,-12.0995426,0,-12.0185471,-11.4515791,-11.1275978
2892,48.1833344,1,Failed,-13.3835745,-9.274749,0,0,False,False,99,0,-12.0995426,0,-12.0185471,-11.4515791,-11.1275978
2898,48.2833328,1,Failed,-13.3835745,-9.274749,0,0,False,False,99,0,-12.0995426,0,-12.0185471,-11.4515791,-11.1275978
2904,48.3833351,1,Failed,-13.3835745,-9.274749,0,0,False,False,99,0,-12.0995426,0,-12.0185471,-11.4515791,-11.1275978
2910,48.4833336,1,Playing,-4,0.919999957,0,0,False,False,99,0,-4,0,-4,-4,-4
2916,48.5833321,1,Playing,-4,0.964189231,0,0,True,False,99,0,-4,0,-4,-4,-4
2922,48.6833344,1,Playing,-4,0.964912832,0,0,True,False,99,0,-4,0,-4,-4,-4
2928,48.7833328,1,Playing,-4,0.964990556,0,0,True,False,99,0,-4,0,-4,-4,-4
2934,48.8833351,1,Playing,-4,0.964998841,0,0,True,False,99,0,-4,0,-4,-4,-4
2940,48.9833336,1,Playing,-4,0.9649998,0,0,True,False,99,0,-4,0,-4,-4,-4
2946,49.0833321,1,Playing,-4,0.9649998,0,0,True,False,99,0,-4,0,-4,-4,-4
2952,49.1833344,1,Playing,-4,0.9649998,0,0,True,False,99,0,-4,0,-4,-4,-4
2958,49.2833328,1,Playing,-4,0.9649998,0,0,True,False,99,0,-4,0,-4,-4,-4
2964,49.3833351,1,Playing,-4,0.919999957,0,0,True,False,99,0,-4,0,-4,-4,-4
2970,49.4833336,1,Playing,-4,0.964189231,0,0,True,False,99,0,-4,0,-4,-4,-4
2976,49.5833321,1,Playing,-4,0.964912832,0,0,True,False,99,0,-4,0,-4,-4,-4
2982,49.6833344,1,Playing,-4,0.964990556,0,0,True,False,99,0,-4,0,-4,-4,-4
2988,49.7833328,1,Playing,-4,0.964998841,0,0,True,False,99,0,-4,0,-4,-4,-4
2994,49.8833351,1,Playing,-4,0.9649998,0,0,True,False,99,0,-4,0,-4,-4,-4
3000,49.9833336,1,Playing,-4,0.9649998,0,0,True,False,99,0,-4,0,-4,-4,-4
3006,50.0833321,1,Playing,-4,0.9649998,0,0,True,False,99,0,-4,0,-4,-4,-4
3012,50.1833344,1,Playing,-4,0.9649998,0,0,True,False,99,0,-4,0,-4,-4,-4
3018,50.2833328,1,Playing,-4,0.9649998,0,0,True,False,99,0,-4,0,-4,-4,-4
3024,50.3833351,1,Playing,-4.21874142,0.9649998,-3.035801,0,True,False,99,0,-4.019493,0,-4.019298,-4.017934,-4.01715374
3030,50.4833336,1,Playing,-4.33972931,0.9649998,0,0,True,False,99,0,-4.12404728,0,-4.122807,-4.11412334,-4.10916138
3036,50.5833321,1,Playing,-4.33972931,0.9649998,0,0,True,False,99,0,-4.23049259,0,-4.22818756,-4.2120533,-4.20283365
3042,50.6833344,1,Playing,-4.33972931,0.9649998,0,0,True,False,99,0,-4.29114437,0,-4.288233,-4.267853,-4.256207
3048,50.7833328,1,Playing,-4.102691,0.9649998,3.95063877,0,True,False,99,0,-4.29980135,0,-4.29680347,-4.27581739,-4.26382542
3054,50.8833351,1,Playing,-3.71365929,0.9649998,2.16290188,0,True,False,99,0,-4.164406,0,-4.16276169,-4.151253,-4.144677
3060,50.9833336,1,Playing,-3.66606331,0.9649998,0,0,True,False,99,0,-3.94544935,0,-3.94599485,-3.94981337,-3.95199537
3066,51.0833321,1,Playing,-3.66606331,0.9649998,0,0,True,False,99,0,-3.796312,0,-3.798349,-3.812607,-3.82075453
3072,51.1833344,1,Playing,-3.713471,0.9649998,-1.58025527,0,True,False,99,0,-3.722893,0,-3.72566414,-3.74506164,-3.756146
3078,51.2833328,1,Playing,-3.9223783,0.9649998,-1.21514857,0,True,False,99,0,-3.738517,0,-3.74113178,-3.75943565,-3.769895
3084,51.3833351,1,Playing,-3.94036245,0.9649998,0,0,True,False,99,0,-3.82284737,0,-3.82461882,-3.83701968,-3.84410572
3090,51.4833336,1,Playing,-3.94036245,0.9649998,0,0,True,False,99,0,-3.88481522,0,-3.885967,-3.89403,-3.89863729
3096,51.5833321,1,Playing,-3.94036245,1.65410507,0,7.77755451,False,False,99,0,-3.916509,0,-3.91734385,-3.92318821,-3.92652774
3102,51.6833344,1,Playing,-3.94036245,2.265108,0,5.000204,False,False,99,0,-3.93067145,0,-3.93136477,-3.93621778,-3.93899083
3108,51.7833328,1,Playing,-3.94036245,2.59920788,0,2.23669958,False,False,99,0,-3.9365654,0,-3.93719983,-3.94164014,-3.94417763
3114,51.8833351,1,Playing,-3.94036245,2.65778422,0,-0.513028443,False,False,99,0,-3.93891215,0,-3.939523,-3.94379926,-3.94624281
3120,51.9833336,1,Playing,-3.94036245,2.44221067,0,-3.24904847,False,False,99,0,-3.93981886,0,-3.94042063,-3.94463325,-3.94704056
3126,52.0833321,1,Playing,-3.94036245,1.9538542,0,-5.971429,False,False,99,0,-3.94016171,0,-3.94076014,-3.94494867,-3.9473424
3132,52.1833344,1,Playing,-3.94036245,1.19407475,0,-8.680239,False,False,99,0,-3.94028926,0,-3.94088626,-3.94506621,-3.94745445
3258,52.2833328,1,Playing,-3.8455472,0.9649897,2.370383,0,True,False,99,0,-3.93625069,0,-3.93688822,-3.9413507,-3.94390059
3264,52.3833351,1,Playing,-3.37147069,0.964998841,6.321022,0,True,False,99,0,-3.85070682,0,-3.85219979,-3.86265016,-3.868622
3270,52.4833336,1,Playing,-2.73245764,0.9649998,6.390128,0,True,False,99,0,-3.56298423,0,-3.56735444,-3.59794545,-3.615426
3276,52.5833321,1,Playing,-2.09344459,0.9649998,6.390128,0,True,False,99,0,-3.09770083,0,-3.10672379,-3.16988468,-3.20597672
3282,52.6833344,1,Playing,-1.5150243,0.9649998,4.370385,0,True,False,99,0,-2.53673744,0,-2.55137014,-2.65379834,-2.712329
3288,52.7833328,1,Playing,-1.356947,0.9649998,0,0,True,False,99,0,-2.00196958,0,-2.02194977,-2.161812,-2.24173331
3294,52.8833351,1,Playing,-1.356947,0.9649998,0,0,True,False,99,0,-1.65598154,0,-1.67942166,-1.843503,-1.93726373
3300,52.9833336,1,Playing,-1.356947,0.9649998,0,0,True,False,99,0,-1.48401332,0,-1.50917315,-1.68529224,-1.78593171
3306,53.0833321,1,Playing,-1.2500478,0.9649998,2.14186358,0,True,True,99,0,-1.40179574,0,-1.42777777,-1.609652,-1.71358025
3312,53.1833344,1,Playing,-0.8707644,0.9649998,4.91494036,0,True,True,99,0,-1.28922915,0,-1.31633687,-1.50609076,-1.61452162
3318,53.2833328,1,Playing,-0.2404832,0.9321434,6.6311965,-1.09477675,False,True,99,0,-1.02718246,0,-1.05691063,-1.26500785,-1.38392055
3324,53.3833351,1,Playing,0.417888224,0.6595603,6.55219,-3.808865,False,True,99,0,-0.5824087,0,-0.6165846,-0.855815947,-0.9925197
3330,53.4833336,1,Playing,1.08606422,0.114198968,7.356558,-6.656258,False,True,99,0,-0.0223996788,0,-0.0621756427,-0.340607643,-0.499711752
3336,53.5833321,1,Playing,1.96015549,-0.0998673,9.68833,-0.3775367,False,True,99,0,0.6176512,0,0.571474731,0.248239219,0.06353308
3342,53.6833344,1,Playing,3.01669526,-0.0132330516,11.06821,1.48152053,False,True,99,0,1.39144719,0,1.33753276,0.9601315,0.7444735
3348,53.7833328,1,Playing,4.14976072,0.298345864,11.4721193,3.87947941,False,True,99,0,2.314485,0,2.25134039,1.80932641,1.55674684
3354,53.8833351,1,Playing,5.252704,0.85818404,10.7948856,6.34296131,False,True,99,0,3.34546924,0,3.27201462,2.75783181,2.46401286
3360,53.9833336,1,Playing,6.23881769,1.61717582,9.71,7.45001554,False,False,99,0,4.408269,0,4.32418633,3.73560762,3.39927673
3366,54.0833321,1,Playing,7.23922062,2.195523,10.0199785,4.67429829,False,False,99,0,5.44230556,0,5.34788275,4.686921,4.309229
3372,54.1833344,1,Playing,8.248997,2.49712944,10.1494884,1.91241872,False,False,99,0,6.45783663,0,6.353258,5.62121,5.202896
3378,54.2833328,1,Playing,9.260907,2.5233748,10.0988913,-0.8356926,False,False,99,0,7.46940565,0,7.35471153,6.551853,6.09307671
3384,54.3833351,1,Playing,10.2677727,2.27563143,10.0485458,-3.57010412,False,False,99,0,8.480182,0,8.35538,7.481767,6.98255968
3390,54.4833336,1,Playing,11.269619,1.75526571,9.998453,-6.29088449,False,False,99,0,9.488638,0,9.353752,8.409547,7.87000132
3396,54.5833321,1,Playing,12.2844162,0.9636364,10.1277113,-8.998101,False,False,99,0,10.4957256,0,10.3507681,9.336068,8.756239
3402,54.6833344,1,Playing,12.9419918,0.9648535,6.390128,0,True,False,99,0,11.4624605,0,11.3078365,10.2254639,9.606965
3408,54.7833328,2,Playing,13.4304132,0.9649842,1.370386,0,True,False,99,0,12.2889833,0,12.1260939,10.9858646,10.3343058
3414,54.8833351,2,Playing,13.4304132,0.964998245,0,0,True,False,99,0,12.88104,0,12.71223,11.5305567,10.8553152
3420,54.9833336,2,Playing,12,0.9649413,0,0,True,False,99,0,12,0,11.84,10.72,10.08
3426,55.0833321,2,Playing,12,0.9649936,0,0,True,False,99,0,12,0,11.84,10.72,10.08
3432,55.1833344,2,Playing,12,0.964999259,0,0,True,False,99,0,12,0,11.84,10.72,10.08
3438,55.2833328,2,Playing,12,0.9649998,0,0,True,False,99,0,12,0,11.84,10.72,10.08
3444,55.3833351,2,Playing,12,0.9649998,0,0,True,False,99,0,12,0,11.84,10.72,10.08
3450,55.4833336,2,Playing,12,0.9649998,0,0,True,False,99,0,12,0,11.84,10.72,10.08
3456,55.5833321,2,Playing,12,0.9649998,0,0,True,False,99,0,12,0,11.84,10.72,10.08
3462,55.6833344,2,Playing,12,0.9649998,0,0,True,False,99,0,12,0,11.84,10.72,10.08
3468,55.7833328,2,Playing,12,0.9649998,0,0,True,False,99,0,12,0,11.84,10.72,10.08
3474,55.8833351,2,Playing,11.9841976,0.9649998,-0.790127635,0,True,False,99,0,11.9997644,0,11.8397665,10.7197838,10.079793
3480,55.9833336,2,Playing,11.7363291,0.9649998,-2.24648476,0,True,False,99,0,11.9658508,0,11.8061924,10.6885834,10.0499487
3486,56.0833321,2,Playing,11.6602707,0.9649998,0,0,True,False,99,0,11.8518162,0,11.6932983,10.5836716,9.949598
3492,56.1833344,2,Playing,11.6602707,0.9649998,0,0,True,False,99,0,11.7540417,0,11.5965014,10.4937181,9.863557
3498,56.2833328,2,Playing,11.6760731,0.9649998,0.790127635,0,True,False,99,0,11.7015162,0,11.5445013,10.4453955,9.817334
3504,56.3833351,2,Playing,11.9921246,0.9649998,4.74076653,0,True,False,99,0,11.7129879,0,11.5558586,10.4559488,9.827429
3510,56.4833336,2,Playing,12.313695,0.9649998,1.36769378,0,True,False,99,0,11.8805628,0,11.7217569,10.6101179,9.97489548
3516,56.5833321,2,Playing,12.3339367,0.9649998,0,0,True,False,99,0,12.0926142,0,11.9316883,10.8052053,10.1615009
3522,56.6833344,2,Playing,12.3339367,0.9649998,0,0,True,False,99,0,12.2240934,0,12.0618525,10.9261665,10.2772017
3528,56.7833328,2,Playing,12.1791477,0.9649998,-2.99870682,0,True,False,99,0,12.278266,0,12.1154833,10.9760046,10.3248739
3534,56.8833351,2,Playing,12.0596371,0.9649998,0,0,True,False,99,0,12.2255983,0,12.0633421,10.9275513,10.2785263
3540,56.9833336,2,Playing,12.0596371,0.9649998,0,0,True,False,99,0,12.1471109,0,11.98564,10.8553429,10.2094574
3546,57.0833321,2,Playing,12.0596371,0.9649998,0,0,True,False,99,0,12.0992765,0,11.9382839,10.8113346,10.1673632
3552,57.1833344,2,Playing,12.0596371,1.7985245,0,7.22097349,False,False,99,0,12.0762663,0,11.9155035,10.7901649,10.1471138
3558,57.2833328,2,Playing,12.0596371,2.354036,0,4.446398,False,False,99,0,12.0662937,0,11.9056311,10.7809906,10.1383381
3564,57.3833351,2,Playing,12.0596371,2.632921,0,1.685654,False,False,99,0,12.0622187,0,11.901597,10.7772417,10.1347523
3570,57.4833336,2,Playing,12.0596371,2.63655758,0,-1.06132686,False,False,99,0,12.0606146,0,11.9000082,10.7757654,10.1333408
3576,57.5833321,2,Playing,12.0596371,2.36631846,0,-3.7946136,False,False,99,0,12.06,0,11.8994007,10.7752008,10.1328
3582,57.6833344,2,Playing,12.0596371,1.82356882,0,-6.514274,False,False,99,0,12.05977,0,11.8991718,10.7749882,10.132597
3588,57.7833328,2,Playing,12.0596371,1.00966728,0,-9.220378,False,False,99,0,12.0596857,0,11.8990889,10.7749109,10.1325235
3723,57.8833351,2,Playing,12.2176628,0.964993358,3.16051078,0,True,False,99,0,12.06918,0,11.9084883,10.7836456,10.1408777
3729,57.9833336,2,Playing,12.7563314,0.964999259,6.390128,0,True,False,99,0,12.1885853,0,12.0267,10.8934984,10.2459545
3735,58.0833321,2,Playing,13.3953457,0.9649998,6.390128,0,True,False,99,0,12.5183115,0,12.3531284,11.196847,10.5361137
3741,58.1833344,2,Playing,14.03436,0.9649998,6.390128,0,True,False,99,0,13.009057,0,12.8389664,11.6483326,10.96797
3747,58.2833328,2,Playing,14.5521889,0.9649998,3.36051369,0,True,False,99,0,13.57871,0,13.4029226,12.1724129,11.469264
3753,58.3833351,2,Playing,14.6430559,0.9649998,0,0,True,False,99,0,14.0845232,0,13.9036779,12.6377621,11.91438
3759,58.4833336,2,Playing,14.6430559,0.9649998,0,0,True,False,99,0,14.3897839,0,14.2058859,12.918601,12.18301
3765,58.5833321,2,Playing,14.6430559,0.9649998,0,0,True,True,99,0,14.5367622,0,14.3513947,13.0538216,12.31235
3771,58.6833344,2,Playing,14.7956686,0.9649998,2.55178642,0,True,True,99,0,14.6131935,0,14.427062,13.1241379,12.37961
3777,58.7833328,2,Playing,15.2099695,0.9649998,5.229352,0,True,True,99,0,14.7422676,0,14.5548449,13.2428865,12.4931955
3783,58.8833351,2,Playing,15.8800879,0.8730237,7.09913635,-2.07774377,False,True,99,0,15.0315342,0,14.8412189,13.5090122,12.74775
3789,58.9833336,2,Playing,16.5849171,0.5028477,7.0145545,-4.78012037,False,True,99,0,15.5115194,0,15.3164043,13.9505978,13.1701365
3795,59.0833321,2,Playing,17.2813511,-0.135630891,6.93098068,-7.45029926,False,True,99,0,16.1123085,0,15.9111853,14.5033245,13.6988316
3801,59.1833344,2,Playing,18.0496616,-0.499794573,8.575504,-0.174158752,False,True,99,0,16.7723541,0,16.56463,15.1105661,14.2796717
3807,59.2833328,2,Playing,18.9944916,-0.417008221,9.961695,1.33305776,False,True,99,0,17.5083866,0,17.2933025,15.7877159,14.9273806
3813,59.3833351,2,Playing,20.0267811,-0.14731428,10.5283232,3.34661,False,True,99,0,18.3550377,0,18.1314869,16.5666351,15.6724329
3819,59.4833336,2,Playing,21.05547,0.336269736,10.161541,5.49621153,False,True,99,0,19.296999,0,19.06403,17.433239,16.50136
3825,59.5833321,2,Playing,21.99119,1.0199995,8.949026,7.37285376,False,True,99,0,20.2794666,0,20.0366726,18.33711,17.36593
3831,59.6833344,2,Playing,22.8849487,1.680533,9.310164,5.462539,False,False,99,0,21.2372665,0,20.9848938,19.2182865,18.2087936
3837,59.7833328,2,Playing,23.86705,2.0607276,10.1610584,2.69673,False,False,99,0,22.175045,0,21.9132957,20.0810413,19.0340385
3843,59.8833351,2,Playing,24.8801136,2.16516924,10.110404,-0.0552913435,False,False,99,0,23.1341457,0,22.8628044,20.9634151,19.8780479
3849,59.9833336,2,Playing,25.8881283,1.9952327,10.0600014,-2.79359317,False,False,99,0,24.11887,0,23.83768,21.86936,20.744606
3855,60.0833321,2,Playing,26.8911171,1.55228567,10.0098515,-5.518244,False,False,99,0,25.1163635,0,24.825201,22.7870541,21.6224
3861,60.1833344,2,Playing,27.8621769,0.9649609,7.60186434,0,True,False,99,0,26.1178627,0,25.8166847,23.7084351,22.50372
3867,60.2833328,2,Playing,28.5052242,0.964995742,6.390128,0,True,False,99,0,27.0632439,0,26.7526112,24.5781841,23.3356552
3873,60.3833351,3,Playing,28.86584,0.9649995,0,0,True,False,99,0,27.8621254,0,27.5435047,25.3131561,24.03867
3879,60.4833336,3,Playing,28.86584,0.9649998,0,0,True,False,99,0,28.3954468,0,28.0714931,25.803812,24.5079937
3885,60.5833321,3,Playing,27,0.9649624,0,0,True,False,99,0,27,0,26.69,24.52,23.28
3891,60.6833344,3,Playing,27,0.964995861,0,0,True,False,99,0,27,0,26.69,24.52,23.28
3897,60.7833328,3,Playing,27,0.9649995,0,0,True,False,99,0,27,0,26.69,24.52,23.28
3903,60.8833351,3,Playing,27,0.9649998,0,0,True,False,99,0,27,0,26.69,24.52,23.28
3909,60.9833336,3,Playing,27,0.9649998,0,0,True,False,99,0,27,0,26.69,24.52,23.28
3915,61.0833321,3,Playing,27,0.9649998,0,0,True,False,99,0,27,0,26.69,24.52,23.28
3921,61.1833344,3,Playing,27,0.9649998,0,0,True,False,99,0,27,0,26.69,24.52,23.28
3927,61.2833328,3,Playing,27,0.9649998,0,0,True,False,99,0,27,0,26.69,24.52,23.28
3933,61.3833351,3,Playing,27,0.9649998,0,0,True,False,99,0,27,0,26.69,24.52,23.28
3939,61.4833336,3,Playing,26.9525928,0.9649998,-1.58025527,0,True,False,99,0,26.9986858,0,26.6887,24.5187912,23.2788429
3945,61.5833321,3,Playing,26.7030811,0.9649998,-1.66241348,0,True,False,99,0,26.9469261,0,26.6374569,24.4711723,23.2332954
3951,61.6833344,3,Playing,26.66027,0.9649998,0,0,True,False,99,0,26.8284454,0,26.52016,24.3621712,23.1290321
3957,61.7833328,3,Playing,26.66027,0.9649998,0,0,True,False,99,0,26.74018,0,26.4327774,24.2809658,23.0513573
3963,61.8833351,3,Playing,26.7076778,0.9649998,1.58025527,0,True,False,99,0,26.6959934,0,26.3890343,24.2403145,23.0124741
3969,61.9833336,3,Playing,27.095974,0.9649998,5.19252872,0,True,False,99,0,26.7330151,0,26.4256859,24.274374,23.0450535
3975,62.0833321,3,Playing,27.3339367,0.9649998,1.012101,0,True,False,99,0,26.9262352,0,26.6169739,24.452137,23.215086
3981,62.1833344,3,Playing,27.3339367,0.9649998,0,0,True,False,99,0,27.1256046,0,26.8143482,24.6355572,23.3905315
3987,62.2833328,3,Playing,27.3339367,0.9649998,0,0,True,False,99,0,27.240881,0,26.9284725,24.7416115,23.4919758
3993,62.3833351,3,Playing,27.1791477,0.9649998,-2.99871922,0,True,False,99,0,27.28575,0,26.9728928,24.78289,23.53146
3999,62.4833336,3,Playing,27.0596371,0.9649998,0,0,True,False,99,0,27.2287083,0,26.9164219,24.7304115,23.4812622
4005,62.5833321,3,Playing,27.0596371,0.9649998,0,0,True,False,99,0,27.1483479,0,26.8368645,24.65648,23.4105453
4011,62.6833344,3,Playing,27.0596371,0.9649998,0,0,True,False,99,0,27.0997543,0,26.7887573,24.6117744,23.3677845
4017,62.7833328,3,Playing,27.0596371,1.7985245,0,7.22097349,False,False,99,0,27.0764465,0,26.7656822,24.590332,23.3472729
4023,62.8833351,3,Playing,27.0596371,2.354036,0,4.446398,False,False,99,0,27.06636,0,26.7556973,24.5810528,23.338398
4029,62.9833336,3,Playing,27.0596371,2.632921,0,1.685654,False,False,99,0,27.0622425,0,26.7516212,24.5772629,23.334774
4035,63.0833321,3,Playing,27.0596371,2.63655758,0,-1.06132686,False,False,99,0,27.0606232,0,26.7500172,24.5757732,23.3333473
4041,63.1833344,3,Playing,27.0596371,2.36631846,0,-3.7946136,False,False,99,0,27.0600033,0,26.749403,24.5752029,23.3328018
4047,63.2833328,3,Playing,27.0596371,1.82356882,0,-6.514274,False,False,99,0,27.0597725,0,26.7491741,24.5749912,23.3326
4053,63.3833351,3,Playing,27.0596371,1.00966728,0,-9.220378,False,False,99,0,27.0596848,0,26.7490883,24.5749111,23.3325233
4164,63.4833336,3,Playing,27.21766,0.964993358,3.16051078,0,True,False,99,0,27.06918,0,26.7584877,24.5836449,23.3408775
4170,63.5833321,3,Playing,27.75633,0.964999259,6.390128,0,True,False,99,0,27.1885853,0,26.8767,24.6934986,23.4459553
4176,63.6833344,3,Playing,28.39534,0.9649998,6.390128,0,True,False,99,0,27.51831,0,27.2031269,24.9968472,23.7361126
4182,63.7833328,3,Playing,29.0326481,0.9649998,6.305005,0,True,False,99,0,28.00903,0,27.68894,25.448307,24.1679459
4188,63.8833351,3,Playing,29.3350735,0.9649998,0,0,True,False,99,0,28.5565472,0,28.2309818,25.9520245,24.6497612
4194,63.9833336,3,Playing,29.3350735,0.9649998,0,0,True,False,99,0,28.9611778,0,28.631567,26.3242836,25.0058365
4200,64.0833359,3,Playing,29.3350735,0.9649998,0,0,True,False,99,0,29.1731586,0,28.8414268,26.5193062,25.192379
4206,64.1833344,3,Playing,30.4619446,1.0535512,0,0,True,False,92,1,29.459589,0,29.1249943,26.7828217,25.4444389
4212,64.28333,3,Playing,30.4625015,1.05440807,0,0,True,False,92,1,29.9303036,0,29.5910015,27.21588,25.8586674
4218,64.38333,3,Playing,30.6491413,0.9352578,3.71374583,-2.4123385,True,False,92,1,30.2318459,0,29.8895283,27.4933,26.1240234
4224,64.48333,3,Playing,31.2133617,0.6203866,6.38638973,-3.27509928,True,False,92,1,30.50916,0,30.1640682,27.7484264,26.36806
4230,64.5833359,3,Playing,31.819006,0.3563461,6.13005,-2.305338,True,False,92,1,30.9122219,0,30.5631,28.1192455,26.7227554
4236,64.6833344,3,Playing,32.4555321,0.248617,6.84647942,-1.64533627,True,False,92,1,31.4220352,0,31.0678158,28.5882721,27.17139
4242,64.78333,3,Playing,33.13336,0.10992571,5.9044466,0.605594158,True,False,92,1,32.010067,0,31.6499672,29.1292629,27.688858
4248,64.88333,3,Playing,33.74276,0.220790341,6.048695,1.44754648,True,False,92,1,32.63614,0,32.26978,29.7052479,28.2398014
4254,64.98333,3,Playing,34.325016,0.4131963,5.7671237,2.168825,True,False,92,1,33.2567368,0,32.88417,30.2762,28.7859287
4260,65.0833359,3,Playing,34.883934,0.6671922,5.43971968,2.78977942,True,False,92,1,33.8577271,0,33.47915,30.82911,29.3148
4266,65.1833344,3,Playing,35.39019,0.9738217,5.387828,2.58201551,True,False,92,1,34.4332428,0,34.048912,31.3585835,29.8212528
4272,65.28333,3,Playing,35.92946,1.23961592,5.799528,1.88836968,True,False,92,1,34.975872,0,34.586113,31.8578033,30.2987671
4278,65.38333,3,Playing,36.56155,1.2634635,6.66792154,-0.859621763,True,False,92,1,35.5233765,0,35.1281433,32.3615074,30.780571
4284,65.48333,3,Playing,37.2595825,1.01326275,6.5,-3.597508,True,False,92,1,36.1173019,0,35.71613,32.907917,31.3032246
4290,65.5833359,3,Playing,37.8958626,0.964993358,6.390128,0,True,False,92,1,36.7534447,0,36.34591,33.4931679,31.8630314
4296,65.6833344,4,Playing,38.53488,0.964999259,6.390128,0,True,False,92,1,37.39674,0,36.9827728,34.0850029,32.42913
4302,65.78333,4,Playing,38.9265747,0.9649998,1.89718139,0,True,False,92,1,38.02084,0,37.60063,34.6591721,32.97834
4308,65.88333,4,Playing,38.94432,0.9649998,0,0,True,False,92,1,38.49192,0,38.067,35.0925674,33.39289
4314,65.98333,4,Playing,38.94432,0.9649998,0,0,True,False,92,1,38.74639,0,38.3189278,35.32668,33.6168251
4320,66.0833359,4,Playing,39,0.964984536,0,0,True,False,92,1,39,0,38.57,35.56,33.84
4326,66.1833344,4,Playing,39,0.9649983,0,0,True,False,92,1,39,0,38.57,35.56,33.84
4332,66.28333,4,Playing,39,0.964999735,0,0,True,False,92,1,39,0,38.57,35.56,33.84
4338,66.38333,4,Playing,39,0.9649998,0,0,True,False,92,1,39,0,38.57,35.56,33.84
4344,66.48333,4,Playing,39,0.9649998,0,0,True,False,92,1,39,0,38.57,35.56,33.84
4350,66.5833359,4,Playing,39,0.9649998,0,0,True,False,92,1,39,0,38.57,35.56,33.84
4356,66.6833344,4,Playing,39,0.9649998,0,0,True,False,92,1,39,0,38.57,35.56,33.84
4362,66.78333,4,Playing,39,0.9649998,0,0,True,False,92,1,39,0,38.57,35.56,33.84
4368,66.88333,4,Playing,39,0.9649998,0,0,True,False,92,1,39,0,38.57,35.56,33.84
4374,66.98333,4,Playing,38.8419724,0.9649998,-3.16051078,0,True,False,92,1,38.99048,0,38.5605736,35.5512428,33.83162
4380,67.0833359,4,Playing,38.6602669,0.9649998,-0.9103154,0,True,False,92,1,38.9003868,0,38.4713821,35.4683571,33.75234
4386,67.1833344,4,Playing,38.6602669,0.9649998,0,0,True,False,92,1,38.7867851,0,38.3589172,35.363842,33.65237
4392,67.28333,4,Playing,38.6602669,0.9649998,0,0,True,False,92,1,38.71759,0,38.2904167,35.3001823,33.59148
4398,67.38333,4,Playing,38.8182945,0.9649998,3.16051078,0,True,False,92,1,38.6938362,0,38.2669,35.27833,33.5705757
4404,67.48333,4,Playing,39.243084,0.9649998,3.17281055,0,True,False,92,1,38.7948723,0,38.3669243,35.3712845,33.65949
4410,67.5833359,4,Playing,39.33394,0.9649998,0,0,True,False,92,1,39.0139542,0,38.5838165,35.5728378,33.85228
4416,67.6833344,4,Playing,39.33394,0.9649998,0,0,True,False,92,1,39.18078,0,38.74897,35.72632,33.9990845
4422,67.78333,4,Playing,39.3181343,0.9649998,-0.790127635,0,True,False,92,1,39.26749,0,38.834816,35.80609,34.07539
4428,67.88333,4,Playing,39.1019249,0.9649998,-1.64208114,0,True,False,92,1,39.27417,0,38.8414268,35.8122368,34.08127
4434,67.98333,4,Playing,39.05964,0.9649998,0,0,True,False,92,1,39.1941071,0,38.7621651,35.73858,34.0108147
4440,68.0833359,4,Playing,39.05964,0.9649998,0,0,True,False,92,1,39.12516,0,38.69391,35.675148,33.95014
4446,68.1833344,4,Playing,39.05964,1.33186018,0,8.892386,False,False,92,1,39.0882225,0,38.65734,35.6411667,33.9176369
4452,68.28333,4,Playing,39.05964,2.054013,0,6.109479,False,False,92,1,39.07136,0,38.6406479,35.6256523,33.9027977
4458,68.38333,4,Playing,39.05964,2.498708,0,3.34044433,False,False,92,1,39.0642662,0,38.633625,35.6191254,33.896553
4464,68.48333,4,Playing,39.05964,2.66732836,0,0.585213959,False,False,92,1,39.06142,0,38.630806,35.61651,33.89405
4470,68.5833359,4,Playing,39.05964,2.56125045,0,-2.156281,False,False,92,1,39.06031,0,38.6297073,35.6154861,33.893074
4476,68.6833344,4,Playing,39.05964,2.18184352,0,-4.884109,False,False,92,1,39.0598869,0,38.6292877,35.615097,33.8927
4482,68.78333,4,Playing,39.05964,1.53047061,0,-7.5983386,False,False,92,1,39.0597343,0,38.62914,35.6149559,33.8925667
4605,68.88333,4,Playing,39.0754433,0.96497494,0.790127635,0,True,False,92,1,39.0599174,0,38.62932,35.6151237,33.8927269
4611,68.98333,4,Playing,39.3914948,0.964997232,4.74076653,0,True,False,92,1,39.09552,0,38.664566,35.64788,33.924057
4617,69.0833359,4,Playing,40.0119438,0.9649996,6.390128,0,True,False,92,1,39.29546,0,38.8625069,35.8318253,34.1000061
4623,69.1833344,4,Playing,40.6509628,0.9649998,6.390128,0,True,False,92,1,39.6999741,0,39.2629738,36.2039757,34.45598
4629,69.28333,4,Playing,41.18526,0.9649998,3.63494968,0,True,False,92,1,40.2278252,0,39.78555,36.6895981,34.9204865
4635,69.38333,4,Playing,41.28865,0.9649998,0,0,True,False,92,1,40.72376,0,40.27652,37.14586,35.3569069
4641,69.48333,4,Playing,41.28865,0.9649998,0,0,True,False,92,1,41.0307121,0,40.5804062,37.428257,35.6270256
4647,69.5833359,4,Playing,42.32478,1.10738432,0,0,True,False,86,2,41.1799736,0,40.7281761,37.5655746,35.7583771
4653,69.6833344,4,Playing,42.32478,1.07471573,0,0,True,False,86,2,41.5599976,0,41.1043968,37.9152,36.0927963
4659,69.78333,4,Playing,42.32478,1.07490683,0,0,True,False,86,2,41.94493,0,41.48548,38.2693367,36.4315376
4665,69.88333,4,Playing,42.4849739,1.06470954,3.268844,-0.512609541,True,False,86,2,42.166996,0,41.7053261,38.4736366,36.6269569
4671,69.98333,4,Playing,42.8854179,0.8951368,5.192915,-1.86115444,True,False,86,2,42.3703766,0,41.9066734,38.6607475,36.80593
4677,70.0833359,4,Playing,43.5066071,0.7788967,6.5,-0.5493598,True,False,86,2,42.68796,0,42.22108,38.9529266,37.0854073
4683,70.1833344,4,Playing,44.063797,0.812342942,5.526621,1.131855,True,False,86,2,43.14611,0,42.67465,39.374424,37.48858
4689,70.28333,4,Playing,44.6534462,0.9975061,5.75509644,2.19156957,True,False,86,2,43.6674843,0,43.19081,39.8540878,37.9473877
4695,70.38333,4,Playing,45.1949234,1.26433289,5.82946968,2.28605175,True,False,86,2,44.2186928,0,43.7365074,40.3612,38.43245
4701,70.48333,4,Playing,45.70547,1.58256292,5.061107,3.3524363,True,False,86,2,44.76508,0,44.2774277,40.8638725,38.91327
4707,70.5833359,4,Playing,46.09971,1.88901472,3.25087452,1.94735956,True,False,86,2,45.2888145,0,44.7959251,41.34571,39.374157
4713,70.6833344,4,Playing,46.25056,2.006275,0.8182279,0.6859945,True,False,86,2,45.7257042,0,45.228447,41.74765,39.75862
4719,70.78333,4,Playing,46.2802048,2.03450561,-0.00119051477,-0.0006673465,True,False,86,2,46.01151,0,45.5113945,42.01059,40.010128
4725,70.88333,4,Playing,46.2801781,2.03449059,-5.25846663E-05,-2.95066784E-05,True,False,86,2,46.1629868,0,45.6613579,42.14995,40.14343
4731,70.98333,4,Playing,46.2801781,2.03449,0,0,True,False,80,3,46.2321053,0,45.7297859,42.21354,40.2042542
4737,71.0833359,4,Playing,46.2801781,2.03449,-2.30690176E-07,-1.29554039E-07,True,False,80,3,46.26122,0,45.758606,42.2403221,40.2298737
4743,71.1833344,4,Playing,46.2801781,2.03449,-3.174445E-08,-1.67845826E-08,True,False,80,3,46.2729,0,45.7701721,42.25107,40.24015
4749,71.28333,4,Playing,46.2801781,1.92483747,-3.149904E-08,-2.19195652,False,False,80,2,46.27744,0,45.7746658,42.2552452,40.2441444
4755,71.38333,4,Playing,46.2801781,1.54187381,-3.134201E-08,-4.919607,False,False,80,2,46.2791672,0,45.7763748,42.2568359,40.2456665
4761,71.48333,4,Playing,46.2801781,0.8869617,-3.11857669E-08,-7.63366,False,False,80,2,46.27981,0,45.7770157,42.2574272,40.2462349
4767,71.5833359,4,Playing,46.2801781,-0.0385432839,-3.10302966E-08,-10.3341818,False,False,80,2,46.28005,0,45.77725,42.2576447,40.24644
4773,71.6833344,4,Playing,46.281868,-0.8229567,5.710671E-11,3.47997214E-10,True,False,80,2,46.28022,0,45.77742,42.2578049,40.2465935
4779,71.78333,4,Playing,46.2818947,-0.8227754,-2.09286477E-11,-1.275353E-10,True,False,80,2,46.2809,0,45.77809,42.2584267,40.2471924
4785,71.88333,4,Playing,46.2819023,-0.822715938,4.41127135E-11,2.688143E-10,True,False,80,2,46.2814255,0,45.77861,42.25891,40.247654
4791,71.98333,4,Playing,46.2819023,-0.8226959,-7.458023E-11,-4.544769E-10,True,False,80,2,46.2816963,0,45.77888,42.2591629,40.2478943
4797,72.0833359,4,Playing,39,0.964984536,0,0,True,False,92,1,39,0,38.57,35.56,33.84
4803,72.1833344,4,Playing,39,0.9649983,0,0,True,False,92,1,39,0,38.57,35.56,33.84
4809,72.28333,4,Playing,39,0.964999735,0,0,True,False,92,1,39,0,38.57,35.56,33.84
4815,72.38333,4,Playing,39,0.9649998,0,0,True,False,92,1,39,0,38.57,35.56,33.84
4821,72.48333,4,Playing,39,0.9649998,0,0,True,False,92,1,39,0,38.57,35.56,33.84
4827,72.5833359,4,Playing,39,0.9649998,0,0,True,False,92,1,39,0,38.57,35.56,33.84
4833,72.6833344,4,Playing,39,0.9649998,0,0,True,False,92,1,39,0,38.57,35.56,33.84
4839,72.78333,4,Playing,39,0.9649998,0,0,True,False,92,1,39,0,38.57,35.56,33.84
4845,72.88333,4,Playing,39,0.9649998,0,0,True,False,92,1,39,0,38.57,35.56,33.84
4851,72.98333,4,Playing,39.1580276,0.9649998,3.16051078,0,True,False,92,1,39.00952,0,38.5794258,35.56876,33.8483772
4857,73.0833359,4,Playing,39.6966972,0.9649998,6.390128,0,True,False,92,1,39.1289444,0,38.6976547,35.67863,33.9534721
4863,73.1833344,4,Playing,40.3357162,0.9649998,6.390128,0,True,False,92,1,39.4586754,0,39.02409,35.9819832,34.2436333
4869,73.28333,4,Playing,40.9747353,0.9649998,6.390128,0,True,False,92,1,39.9494247,0,39.50993,36.43347,34.6754951
4875,73.38333,4,Playing,41.28397,0.9649998,0,0,True,False,92,1,40.49863,0,40.0536461,36.93874,35.1587944
4881,73.48333,4,Playing,41.28397,0.9649998,0,0,True,False,92,1,40.9063644,0,40.4573021,37.3138542,35.5176
4887,73.5833359,4,Playing,41.28397,0.9649998,0,0,True,False,92,1,41.12035,0,40.6691475,37.5107231,35.7059059
4893,73.6833344,4,Playing,42.32478,1.07464468,0,0,True,False,86,2,41.3932762,0,40.9393425,37.7618141,35.9460831
4899,73.78333,4,Playing,42.32478,1.07488358,0,0,True,False,86,2,41.8314552,0,41.3731422,38.16494,36.33168
4905,73.88333,4,Playing,42.4849739,1.06469929,3.268846,-0.512649059,True,False,86,2,42.1102943,0,41.6491928,38.42147,36.57706
4911,73.98333,4,Playing,42.8853874,0.8951468,5.192786,-1.86110842,True,False,86,2,42.3453178,0,41.8818665,38.63769,36.78388
4917,74.0833359,4,Playing,43.5065765,0.778906465,6.5,-0.5493598,True,False,86,2,42.6775932,0,42.21082,38.9433861,37.0762825
4923,74.1833344,4,Playing,44.0633965,0.8118937,5.520845,1.1306721,True,False,86,2,43.14196,0,42.67054,39.3706055,37.4849243
4929,74.28333,4,Playing,44.65299,0.9972527,5.75509644,2.19156957,True,False,86,2,43.66571,0,43.1890526,39.8524551,37.9458237
4935,74.38333,4,Playing,45.1931839,1.26457477,5.812485,2.27779055,True,False,86,2,44.2176933,0,43.7355156,40.36028,38.43157
4941,74.48333,4,Playing,45.7020836,1.583605,5.061107,3.3524363,True,False,86,2,44.7637329,0,44.2760963,40.8626366,38.9120865
4947,74.5833359,4,Playing,46.0978165,1.89059091,3.275456,1.96623826,True,False,86,2,45.28674,0,44.7938728,41.3438,39.37233
4953,74.6833344,4,Playing,46.2508,2.00653768,0.8153397,0.6835731,True,False,86,2,45.7242775,0,45.2270355,41.7463379,39.7573624
4959,74.78333,4,Playing,46.2803574,2.03463173,-0.00137989363,-0.000770720653,True,False,86,2,46.0109062,0,45.5108,42.0100327,40.0095978
4965,74.88333,4,Playing,46.2803268,2.03461456,-5.99592931E-05,-3.35286968E-05,True,False,86,2,46.16281,0,45.6611824,42.1497879,40.1432724
4971,74.98333,4,Playing,46.2803268,2.03461361,0,0,True,False,80,3,46.23213,0,45.72981,42.21356,40.2042732
4977,75.0833359,4,Playing,46.2803268,2.03461361,-2.30123646E-07,-1.28868649E-07,True,False,80,3,46.26132,0,45.7587051,42.2404137,40.22996
4983,75.1833344,4,Playing,46.2803268,2.03461361,-4.471607E-08,-2.59752184E-08,True,False,80,3,46.27303,0,45.770298,42.2511864,40.2402649
4989,75.28333,4,Playing,46.2803268,1.924961,-5.91390155E-08,-2.19195652,False,False,80,2,46.2775841,0,45.774807,42.25538,40.2442741
4995,75.38333,4,Playing,46.2803268,1.54199731,-5.88441971E-08,-4.919607,False,False,80,2,46.2793121,0,45.77652,42.25697,40.2457962
5001,75.48333,4,Playing,46.2803268,0.8870852,-5.85508459E-08,-7.63366,False,False,80,2,46.2799568,0,45.7771568,42.25756,40.24636
5007,75.5833359,4,Playing,46.2803268,-0.0384197831,-5.825896E-08,-10.3341818,False,False,80,2,46.2801933,0,45.7773933,42.25778,40.24657
5013,75.6833344,4,Playing,46.2820168,-0.8229839,0,0,True,False,80,2,46.280365,0,45.77756,42.25794,40.24672
5019,75.78333,4,Playing,46.2820435,-0.8228008,0,0,True,False,80,2,46.2810478,0,45.7782364,42.258564,40.2473221
5025,75.88333,4,Playing,46.28205,-0.8227407,0,0,True,False,80,2,46.2815742,0,45.77876,42.25905,40.2477837
5031,75.98333,4,Playing,46.28205,-0.822720468,0,0,True,False,80,2,46.2818451,0,45.779026,42.2592964,40.248024
5037,76.0833359,4,Playing,46.4558334,-0.8512317,3.47566652,-0.570360243,True,False,80,2,46.29244,0,45.7895164,42.269043,40.2573471
5043,76.1833344,4,Playing,47.0221939,-0.9135839,6.41386652,-0.5262717,True,False,80,2,46.4227562,0,45.91853,42.3889351,40.3720245
5049,76.28333,4,Playing,47.6419334,-0.8386114,6.162698,1.01132262,True,False,80,2,46.76447,0,46.2568245,42.7033119,40.6727333
5055,76.38333,4,Playing,48.2527771,-0.7049177,6.080504,1.49672782,True,False,80,2,47.2542419,0,46.7417,43.153904,41.1037331
5061,76.48333,4,Playing,48.8347931,-0.5066499,5.403024,2.52684784,True,False,80,2,47.8120537,0,47.2939339,43.66709,41.59461
5067,76.5833359,4,Playing,49.3234367,-0.3176152,4.536146,1.75173783,True,False,80,2,48.3808365,0,47.85703,44.19037,42.0951347
5073,76.6833344,4,Playing,49.8257751,-0.07764744,5.52547169,2.7202487,True,False,80,2,48.91036,0,48.3812561,44.6775322,42.5611153
5079,76.78333,4,Playing,50.35612,0.224679425,5.15905333,3.19807124,True,False,80,2,49.42998,0,48.8956833,45.1555824,43.018383
5085,76.88333,4,Playing,50.86573,0.5568883,4.967617,3.46461535,True,False,80,2,49.95133,0,49.4118156,45.6352234,43.47717
5091,76.98333,4,Playing,51.34694,0.9209728,4.344444,3.96214414,True,False,80,2,50.4656563,0,49.921,46.1084061,43.92978
5097,77.0833359,4,Playing,51.8395538,1.07484376,4.613246,0,True,False,80,2,50.9662933,0,50.41663,46.5689926,44.37034
5103,77.1833344,4,Playing,52.4549026,1.07494879,6.390128,0,True,False,80,2,51.47238,0,50.91766,47.03459,44.8156967
5109,77.28333,4,Playing,53.0939178,0.9650769,5.95064,0,True,False,80,2,52.0309944,0,51.4706841,47.5485153,45.3072739
5115,77.38333,4,Playing,53.4136429,0.9650769,1.368636,0,True,False,80,2,52.6028061,0,52.0367775,48.07458,45.81047
5121,77.48333,4,Playing,53.4339,0.9650769,0,0,True,False,80,2,53.02855,0,52.4582634,48.4662666,46.1851234
5127,77.5833359,4,Playing,53.4339,0.9650769,0,0,True,False,80,2,53.2569542,0,52.6843834,48.6764,46.38612
5133,77.6833344,4,Playing,53.2791176,0.9650769,-2.99819851,0,True,False,80,2,53.3381844,0,52.7648048,48.75113,46.4576035
5139,77.78333,4,Playing,53.159626,0.9650769,0,0,True,False,80,2,53.2942467,0,52.7213058,48.71071,46.4189377
5145,77.88333,4,Playing,53.159626,0.9650769,0,0,True,False,80,2,53.2307854,0,52.6584778,48.6523247,46.36309
5151,77.98333,4,Playing,53.159626,0.9650769,0,0,True,False,80,2,53.1919174,0,52.62,48.6165657,46.3288879
5157,78.0833359,4,Playing,53.3966675,0.9650769,3.95063877,0,True,False,80,2,53.1929474,0,52.6210175,48.61751,46.329792
5163,78.1833344,4,Playing,53.78637,0.9650769,2.17127037,0,True,False,80,2,53.33242,0,52.7590981,48.7458267,46.45253
5169,78.28333,4,Playing,53.8339539,0.9650769,0,0,True,False,80,2,53.5532265,0,52.9776955,48.94897,46.64684
5175,78.38333,4,Playing,53.8339539,0.9650769,0,0,True,False,80,2,53.703167,0,53.1261368,49.0869141,46.7787857
5181,78.48333,4,Playing,53.8339539,1.33193731,0,8.892386,False,False,80,2,53.77823,0,53.2004471,49.15597,46.84484
5187,78.5833359,4,Playing,53.8339539,2.05409,0,6.109479,False,False,80,2,53.8114243,0,53.23331,49.186512,46.874054
5193,78.6833344,4,Playing,53.8339539,2.49878478,0,3.34044433,False,False,80,2,53.8251534,0,53.2469025,49.1991425,46.8861351
5199,78.78333,4,Playing,53.8339539,2.66740513,0,0.585213959,False,False,80,2,53.8306,0,53.2522964,49.204155,46.89093
5205,78.88333,4,Playing,53.8339539,2.56132722,0,-2.156281,False,False,80,2,53.8327,0,53.25437,49.2060852,46.8927765
5211,78.98333,4,Playing,53.8339539,2.18192029,0,-4.884109,False,False,80,2,53.8334923,0,53.2551575,49.2068138,46.8934746
5217,79.0833359,4,Playing,53.8339539,1.53054738,0,-7.5983386,False,False,80,2,53.833786,0,53.2554474,49.2070847,46.89373
5223,79.1833344,4,Playing,53.8339539,0.96497494,0,0,True,False,80,2,53.8338928,0,53.2555542,49.2071838,46.8938255
5229,79.28333,4,Playing,54.0709953,0.964997232,3.95063877,0,True,False,80,2,53.8537,0,53.27516,49.2254028,46.9112549
5235,79.38333,4,Playing,54.6584549,0.9649996,6.390128,0,True,False,80,2,54.01166,0,53.4315453,49.37073,47.0502625
5241,79.48333,4,Playing,55.2974739,0.9649998,6.390128,0,True,False,80,2,54.38049,0,53.7966843,49.7100525,47.3748322
5247,79.5833359,4,Playing,55.9364929,0.9649998,6.390128,0,True,False,80,2,54.8934326,0,54.3045,50.1819572,47.82622
5253,79.6833344,4,Playing,56.5755119,0.9649998,6.390128,0,True,False,80,2,55.47869,0,54.8839035,50.7203979,48.3412476
5259,79.78333,4,Playing,57.21453,0.9649998,6.390128,0,True,False,80,2,56.0959663,0,55.4950066,51.2882919,48.88445
5265,79.88333,4,Playing,57.85355,0.9649998,6.390128,0,True,False,80,2,56.72649,0,56.1192245,51.86837,49.439312
5271,79.98333,4,Playing,58.49257,0.9649998,6.390128,0,True,False,80,2,57.36227,0,56.74865,52.45329,49.9988
5277,80.0833359,4,Playing,59.131588,0.9649998,6.390128,0,True,False,80,2,58.00008,0,57.38008,53.0400734,50.56007
5283,80.1833344,4,Playing,59.770607,0.9649998,6.390128,0,True,False,80,2,58.6386528,0,58.0122681,53.6275635,51.1220131
5289,80.28333,4,Playing,60.409626,0.9649998,6.390128,0,True,False,80,2,59.2775078,0,58.6447334,54.21531,51.6842079
5295,80.38333,4,Playing,61.048645,0.9649998,6.390128,0,True,False,80,2,59.9164658,0,59.2773,54.80315,52.24649
5301,80.48333,4,Playing,61.687664,0.9649998,6.390128,0,True,False,80,2,60.55546,0,59.90991,55.3910255,52.8088074
5307,80.5833359,4,Playing,62.326683,0.9649998,6.390128,0,True,False,80,2,61.1944771,0,60.5425339,55.97892,53.37114
5313,80.6833344,4,Playing,62.9657021,0.9649998,6.390128,0,True,False,80,2,61.8334961,0,61.1751633,56.56682,53.9334755
5319,80.78333,4,Clearing,63.22131,0.9649998,0,0,True,False,80,2,62.0487328,0,61.3882446,56.7648354,54.1228828
5325,80.88333,4,Clearing,63.22131,0.9649998,0,0,True,False,80,2,62.0487328,0,61.3882446,56.7648354,54.1228828
5331,80.98333,4,Clearing,63.22131,0.9649998,0,0,True,False,80,2,62.0487328,0,61.3882446,56.7648354,54.1228828
5337,81.0833359,4,Clearing,63.22131,0.9649998,0,0,True,False,80,2,62.0487328,0,61.3882446,56.7648354,54.1228828
5343,81.1833344,4,Clearing,63.22131,0.9649998,0,0,True,False,80,2,62.0487328,0,61.3882446,56.7648354,54.1228828
5349,81.28333,4,Clearing,63.22131,0.9649998,0,0,True,False,80,2,62.0487328,0,61.3882446,56.7648354,54.1228828
5355,81.38333,4,Clearing,63.22131,0.9649998,0,0,True,False,80,2,62.0487328,0,61.3882446,56.7648354,54.1228828
5361,81.48333,4,Clearing,63.22131,0.9649998,0,0,True,False,80,2,62.0487328,0,61.3882446,56.7648354,54.1228828
5367,81.5833359,4,Clearing,63.22131,0.9649998,0,0,True,False,80,2,62.0487328,0,61.3882446,56.7648354,54.1228828
5373,81.6833344,4,Clearing,63.22131,0.9649998,0,0,True,False,80,2,62.0487328,0,61.3882446,56.7648354,54.1228828
5379,81.78333,4,Clearing,63.22131,0.9649998,0,0,True,False,80,2,62.0487328,0,61.3882446,56.7648354,54.1228828
5385,81.88333,4,Clearing,63.22131,0.9649998,0,0,True,False,80,2,62.0487328,0,61.3882446,56.7648354,54.1228828
5391,81.98333,4,Clearing,63.22131,0.9649998,0,0,True,False,80,2,62.0487328,0,61.3882446,56.7648354,54.1228828
5397,82.0833359,4,Clearing,63.22131,0.9649998,0,0,True,False,80,2,62.0487328,0,61.3882446,56.7648354,54.1228828
5403,82.1833344,4,Clearing,63.22131,0.9649998,0,0,True,False,80,2,62.0487328,0,61.3882446,56.7648354,54.1228828
5409,82.28333,4,Clearing,63.22131,0.9649998,0,0,True,False,80,2,62.0487328,0,61.3882446,56.7648354,54.1228828
5415,82.38333,4,Clearing,63.22131,0.9649998,0,0,True,False,80,2,62.0487328,0,61.3882446,56.7648354,54.1228828
5421,82.48333,4,Clearing,63.22131,0.9649998,0,0,True,False,80,2,62.0487328,0,61.3882446,56.7648354,54.1228828
5427,82.5833359,4,Clearing,63.22131,0.9649998,0,0,True,False,80,2,62.0487328,0,61.3882446,56.7648354,54.1228828
5433,82.6833344,4,Clearing,63.22131,0.9649998,0,0,True,False,80,2,62.0487328,0,61.3882446,56.7648354,54.1228828
5439,82.78333,4,Clearing,63.22131,0.9649998,0,0,True,False,80,2,62.0487328,0,61.3882446,56.7648354,54.1228828
5445,82.88333,4,Clearing,63.22131,0.9649998,0,0,True,False,80,2,62.0487328,0,61.3882446,56.7648354,54.1228828
5451,82.98333,4,Clearing,63.22131,0.9649998,0,0,True,False,80,2,62.0487328,0,61.3882446,56.7648354,54.1228828
5457,83.0833359,4,Clearing,63.22131,0.9649998,0,0,True,False,80,2,62.0487328,0,61.3882446,56.7648354,54.1228828
5463,83.1833344,4,Clearing,63.22131,0.9649998,0,0,True,False,80,2,62.0487328,0,61.3882446,56.7648354,54.1228828
5469,83.28333,4,Clearing,63.22131,0.9649998,0,0,True,False,80,2,62.0487328,0,61.3882446,56.7648354,54.1228828
5475,83.38333,4,Clearing,63.22131,0.9649998,0,0,True,False,80,2,62.0487328,0,61.3882446,56.7648354,54.1228828
5481,83.48333,4,Clearing,63.22131,0.9649998,0,0,True,False,80,2,62.0487328,0,61.3882446,56.7648354,54.1228828
5487,83.5833359,4,Clearing,63.22131,0.9649998,0,0,True,False,80,2,62.0487328,0,61.3882446,56.7648354,54.1228828
5493,83.6833344,4,Clearing,63.22131,0.9649998,0,0,True,False,80,2,62.0487328,0,61.3882446,56.7648354,54.1228828
5499,83.78333,4,Clearing,63.22131,0.9649998,0,0,True,False,80,2,62.0487328,0,61.3882446,56.7648354,54.1228828
5505,83.88333,4,Clearing,63.22131,0.9649998,0,0,True,False,80,2,62.0487328,0,61.3882446,56.7648354,54.1228828
5511,83.98333,4,Clearing,63.22131,0.9649998,0,0,True,False,80,2,62.0487328,0,61.3882446,56.7648354,54.1228828
5517,84.0833359,4,Clearing,63.22131,0.9649998,0,0,True,False,80,2,62.0487328,0,61.3882446,56.7648354,54.1228828
5523,84.1833344,4,Clearing,63.22131,0.9649998,0,0,True,False,80,2,62.0487328,0,61.3882446,56.7648354,54.1228828
5529,84.28333,4,Clearing,63.22131,0.9649998,0,0,True,False,80,2,62.0487328,0,61.3882446,56.7648354,54.1228828
5535,84.38333,4,Clearing,63.22131,0.9649998,0,0,True,False,80,2,62.0487328,0,61.3882446,56.7648354,54.1228828
5541,84.48333,4,Clearing,63.22131,0.9649998,0,0,True,False,80,2,62.0487328,0,61.3882446,56.7648354,54.1228828
5547,84.5833359,4,Clearing,63.22131,0.9649998,0,0,True,False,80,2,62.0487328,0,61.3882446,56.7648354,54.1228828
5553,84.6833344,4,Clearing,63.22131,0.9649998,0,0,True,False,80,2,62.0487328,0,61.3882446,56.7648354,54.1228828
5559,84.78333,4,Clearing,63.22131,0.9649998,0,0,True,False,80,2,62.0487328,0,61.3882446,56.7648354,54.1228828
5565,84.88333,4,Clearing,63.22131,0.9649998,0,0,True,False,80,2,62.0487328,0,61.3882446,56.7648354,54.1228828
5571,84.98333,4,Clearing,63.22131,0.9649998,0,0,True,False,80,2,62.0487328,0,61.3882446,56.7648354,54.1228828
5577,85.0833359,4,Clearing,63.22131,0.9649998,0,0,True,False,80,2,62.0487328,0,61.3882446,56.7648354,54.1228828
5583,85.1833344,4,Clearing,63.22131,0.9649998,0,0,True,False,80,2,62.0487328,0,61.3882446,56.7648354,54.1228828
5589,85.28333,4,Clearing,63.22131,0.9649998,0,0,True,False,80,2,62.0487328,0,61.3882446,56.7648354,54.1228828
5595,85.38333,4,Clearing,63.22131,0.9649998,0,0,True,False,80,2,62.0487328,0,61.3882446,56.7648354,54.1228828
5601,85.48333,4,Clearing,63.22131,0.9649998,0,0,True,False,80,2,62.0487328,0,61.3882446,56.7648354,54.1228828
5607,85.5833359,4,Clearing,63.22131,0.9649998,0,0,True,False,80,2,62.0487328,0,61.3882446,56.7648354,54.1228828
5613,85.6833344,4,Clearing,63.22131,0.9649998,0,0,True,False,80,2,62.0487328,0,61.3882446,56.7648354,54.1228828
5619,85.78333,4,Clearing,63.22131,0.9649998,0,0,True,False,80,2,62.0487328,0,61.3882446,56.7648354,54.1228828
5625,85.88333,4,Clearing,63.22131,0.9649998,0,0,True,False,80,2,62.0487328,0,61.3882446,56.7648354,54.1228828
5631,85.98333,4,Clearing,63.22131,0.9649998,0,0,True,False,80,2,62.0487328,0,61.3882446,56.7648354,54.1228828
5637,86.0833359,4,Clearing,63.22131,0.9649998,0,0,True,False,80,2,62.0487328,0,61.3882446,56.7648354,54.1228828
5643,86.1833344,4,Clearing,63.22131,0.9649998,0,0,True,False,80,2,62.0487328,0,61.3882446,56.7648354,54.1228828
5649,86.28333,4,Clearing,63.22131,0.9649998,0,0,True,False,80,2,62.0487328,0,61.3882446,56.7648354,54.1228828
5655,86.38333,4,Clearing,63.22131,0.9649998,0,0,True,False,80,2,62.0487328,0,61.3882446,56.7648354,54.1228828
5661,86.48333,4,Clearing,63.22131,0.9649998,0,0,True,False,80,2,62.0487328,0,61.3882446,56.7648354,54.1228828
5667,86.5833359,4,Clearing,63.22131,0.9649998,0,0,True,False,80,2,62.0487328,0,61.3882446,56.7648354,54.1228828
5673,86.6833344,4,Clearing,63.22131,0.9649998,0,0,True,False,80,2,62.0487328,0,61.3882446,56.7648354,54.1228828
5679,86.78333,4,Clearing,63.22131,0.9649998,0,0,True,False,80,2,62.0487328,0,61.3882446,56.7648354,54.1228828
5685,86.88333,4,Clearing,63.22131,0.9649998,0,0,True,False,80,2,62.0487328,0,61.3882446,56.7648354,54.1228828
5691,86.98333,4,Clearing,63.22131,0.9649998,0,0,True,False,80,2,62.0487328,0,61.3882446,56.7648354,54.1228828
5697,87.0833359,4,Clearing,63.22131,0.9649998,0,0,True,False,80,2,62.0487328,0,61.3882446,56.7648354,54.1228828
5703,87.1833344,4,Clearing,63.22131,0.9649998,0,0,True,False,80,2,62.0487328,0,61.3882446,56.7648354,54.1228828
5709,87.28333,4,Clearing,63.22131,0.9649998,0,0,True,False,80,2,62.0487328,0,61.3882446,56.7648354,54.1228828
5715,87.38333,4,Clearing,63.22131,0.9649998,0,0,True,False,80,2,62.0487328,0,61.3882446,56.7648354,54.1228828
5721,87.48333,4,Clearing,63.22131,0.9649998,0,0,True,False,80,2,62.0487328,0,61.3882446,56.7648354,54.1228828
5727,87.5833359,4,Clearing,63.22131,0.9649998,0,0,True,False,80,2,62.0487328,0,61.3882446,56.7648354,54.1228828
5733,87.6833344,4,Clearing,63.22131,0.9649998,0,0,True,False,80,2,62.0487328,0,61.3882446,56.7648354,54.1228828
5739,87.78333,4,Clearing,63.22131,0.9649998,0,0,True,False,80,2,62.0487328,0,61.3882446,56.7648354,54.1228828
5745,87.88333,4,Clearing,63.22131,0.9649998,0,0,True,False,80,2,62.0487328,0,61.3882446,56.7648354,54.1228828
5751,87.98333,4,Clearing,63.22131,0.9649998,0,0,True,False,80,2,62.0487328,0,61.3882446,56.7648354,54.1228828
5757,88.0833359,4,Clearing,63.22131,0.9649998,0,0,True,False,80,2,62.0487328,0,61.3882446,56.7648354,54.1228828
5763,88.1833344,4,Clearing,63.22131,0.9649998,0,0,True,False,80,2,62.0487328,0,61.3882446,56.7648354,54.1228828
5769,88.28333,4,Clearing,63.22131,0.9649998,0,0,True,False,80,2,62.0487328,0,61.3882446,56.7648354,54.1228828
5775,88.38333,4,Clearing,63.22131,0.9649998,0,0,True,False,80,2,62.0487328,0,61.3882446,56.7648354,54.1228828
5781,88.48333,4,Clearing,63.22131,0.9649998,0,0,True,False,80,2,62.0487328,0,61.3882446,56.7648354,54.1228828
5787,88.5833359,4,Clearing,63.22131,0.9649998,0,0,True,False,80,2,62.0487328,0,61.3882446,56.7648354,54.1228828
5793,88.6833344,4,Clearing,63.22131,0.9649998,0,0,True,False,80,2,62.0487328,0,61.3882446,56.7648354,54.1228828
5799,88.78333,4,Clearing,63.22131,0.9649998,0,0,True,False,80,2,62.0487328,0,61.3882446,56.7648354,54.1228828
5805,88.88333,4,Clearing,63.22131,0.9649998,0,0,True,False,80,2,62.0487328,0,61.3882446,56.7648354,54.1228828
5811,88.98333,4,Clearing,63.22131,0.9649998,0,0,True,False,80,2,62.0487328,0,61.3882446,56.7648354,54.1228828
5817,89.0833359,4,Clearing,63.22131,0.9649998,0,0,True,False,80,2,62.0487328,0,61.3882446,56.7648354,54.1228828
5823,89.1833344,4,Clearing,63.22131,0.9649998,0,0,True,False,80,2,62.0487328,0,61.3882446,56.7648354,54.1228828
5829,89.28333,4,Clearing,63.22131,0.9649998,0,0,True,False,80,2,62.0487328,0,61.3882446,56.7648354,54.1228828
5835,89.38333,4,Clearing,63.22131,0.9649998,0,0,True,False,80,2,62.0487328,0,61.3882446,56.7648354,54.1228828
5841,89.48333,4,Clearing,63.22131,0.9649998,0,0,True,False,80,2,62.0487328,0,61.3882446,56.7648354,54.1228828
5847,89.5833359,4,Clearing,63.22131,0.9649998,0,0,True,False,80,2,62.0487328,0,61.3882446,56.7648354,54.1228828
5853,89.6833344,4,Clearing,63.22131,0.9649998,0,0,True,False,80,2,62.0487328,0,61.3882446,56.7648354,54.1228828
5859,89.78333,4,Clearing,63.22131,0.9649998,0,0,True,False,80,2,62.0487328,0,61.3882446,56.7648354,54.1228828
5865,89.88333,4,Clearing,63.22131,0.9649998,0,0,True,False,80,2,62.0487328,0,61.3882446,56.7648354,54.1228828
5871,89.98333,4,Clearing,63.22131,0.9649998,0,0,True,False,80,2,62.0487328,0,61.3882446,56.7648354,54.1228828
5877,90.0833359,4,Clearing,63.22131,0.9649998,0,0,True,False,80,2,62.0487328,0,61.3882446,56.7648354,54.1228828
5883,90.1833344,4,Clear,63.22131,0.9649998,0,0,True,False,80,2,62.0487328,0,61.3882446,56.7648354,54.1228828
5889,90.28333,4,Clear,63.22131,0.9649998,0,0,True,False,80,2,62.0487328,0,61.3882446,56.7648354,54.1228828
5895,90.38333,4,Clear,63.22131,0.9649998,0,0,True,False,80,2,62.0487328,0,61.3882446,56.7648354,54.1228828
5901,90.48333,4,Clear,63.22131,0.9649998,0,0,True,False,80,2,62.0487328,0,61.3882446,56.7648354,54.1228828
5907,90.5833359,4,Clear,63.22131,0.9649998,0,0,True,False,80,2,62.0487328,0,61.3882446,56.7648354,54.1228828
5913,90.6833344,4,Clear,63.22131,0.9649998,0,0,True,False,80,2,62.0487328,0,61.3882446,56.7648354,54.1228828
5919,90.78333,4,Clear,63.22131,0.9649998,0,0,True,False,80,2,62.0487328,0,61.3882446,56.7648354,54.1228828
5925,90.88333,4,Clear,63.22131,0.9649998,0,0,True,False,80,2,62.0487328,0,61.3882446,56.7648354,54.1228828
5931,90.98333,4,Clear,63.22131,0.9649998,0,0,True,False,80,2,62.0487328,0,61.3882446,56.7648354,54.1228828
5937,91.0833359,4,Clear,63.22131,0.9649998,0,0,True,False,80,2,62.0487328,0,61.3882446,56.7648354,54.1228828
5943,91.1833344,4,Clear,63.22131,0.9649998,0,0,True,False,80,2,62.0487328,0,61.3882446,56.7648354,54.1228828
5949,91.28333,4,Clear,63.22131,0.9649998,0,0,True,False,80,2,62.0487328,0,61.3882446,56.7648354,54.1228828
5955,91.38333,4,Clear,63.22131,0.9649998,0,0,True,False,80,2,62.0487328,0,61.3882446,56.7648354,54.1228828
5961,91.48333,4,Clear,63.22131,0.9649998,0,0,True,False,80,2,62.0487328,0,61.3882446,56.7648354,54.1228828
5967,91.5833359,4,Clear,63.22131,0.9649998,0,0,True,False,80,2,62.0487328,0,61.3882446,56.7648354,54.1228828
5973,91.6833344,4,Clear,63.22131,0.9649998,0,0,True,False,80,2,62.0487328,0,61.3882446,56.7648354,54.1228828
5979,91.78333,4,Clear,63.22131,0.9649998,0,0,True,False,80,2,62.0487328,0,61.3882446,56.7648354,54.1228828
5985,91.88333,4,Clear,63.22131,0.9649998,0,0,True,False,80,2,62.0487328,0,61.3882446,56.7648354,54.1228828
5991,91.98333,4,Clear,63.22131,0.9649998,0,0,True,False,80,2,62.0487328,0,61.3882446,56.7648354,54.1228828
5997,92.0833359,4,Clear,63.22131,0.9649998,0,0,True,False,80,2,62.0487328,0,61.3882446,56.7648354,54.1228828
6003,92.1833344,4,Clear,63.22131,0.9649998,0,0,True,False,80,2,62.0487328,0,61.3882446,56.7648354,54.1228828
6009,92.28333,4,Clear,63.22131,0.9649998,0,0,True,False,80,2,62.0487328,0,61.3882446,56.7648354,54.1228828
6015,92.38333,4,Clear,63.22131,0.9649998,0,0,True,False,80,2,62.0487328,0,61.3882446,56.7648354,54.1228828
6021,92.48333,4,Clear,63.22131,0.9649998,0,0,True,False,80,2,62.0487328,0,61.3882446,56.7648354,54.1228828
6027,92.5833359,4,Clear,63.22131,0.9649998,0,0,True,False,80,2,62.0487328,0,61.3882446,56.7648354,54.1228828
6033,92.6833344,4,Clear,63.22131,0.9649998,0,0,True,False,80,2,62.0487328,0,61.3882446,56.7648354,54.1228828
6039,92.78333,4,Clear,63.22131,0.9649998,0,0,True,False,80,2,62.0487328,0,61.3882446,56.7648354,54.1228828
6045,92.88333,4,Clear,63.22131,0.9649998,0,0,True,False,80,2,62.0487328,0,61.3882446,56.7648354,54.1228828
6051,92.98333,4,Clear,63.22131,0.9649998,0,0,True,False,80,2,62.0487328,0,61.3882446,56.7648354,54.1228828
6057,93.0833359,4,Clear,63.22131,0.9649998,0,0,True,False,80,2,62.0487328,0,61.3882446,56.7648354,54.1228828
6063,93.1833344,4,Clear,63.22131,0.9649998,0,0,True,False,80,2,62.0487328,0,61.3882446,56.7648354,54.1228828
6069,93.28333,4,Clear,63.22131,0.9649998,0,0,True,False,80,2,62.0487328,0,61.3882446,56.7648354,54.1228828
6075,93.38333,4,Clear,63.22131,0.9649998,0,0,True,False,80,2,62.0487328,0,61.3882446,56.7648354,54.1228828
6081,93.48333,4,Clear,63.22131,0.9649998,0,0,True,False,80,2,62.0487328,0,61.3882446,56.7648354,54.1228828
6087,93.5833359,4,Clear,63.22131,0.9649998,0,0,True,False,80,2,62.0487328,0,61.3882446,56.7648354,54.1228828
6093,93.6833344,4,Clear,63.22131,0.9649998,0,0,True,False,80,2,62.0487328,0,61.3882446,56.7648354,54.1228828
6099,93.78333,4,Clear,63.22131,0.9649998,0,0,True,False,80,2,62.0487328,0,61.3882446,56.7648354,54.1228828
6105,93.88333,4,Clear,63.22131,0.9649998,0,0,True,False,80,2,62.0487328,0,61.3882446,56.7648354,54.1228828
6111,93.98333,4,Clear,63.22131,0.9649998,0,0,True,False,80,2,62.0487328,0,61.3882446,56.7648354,54.1228828
6117,94.0833359,4,Clear,63.22131,0.9649998,0,0,True,False,80,2,62.0487328,0,61.3882446,56.7648354,54.1228828
6123,94.1833344,4,Clear,63.22131,0.9649998,0,0,True,False,80,2,62.0487328,0,61.3882446,56.7648354,54.1228828
6129,94.28333,4,Clear,63.22131,0.9649998,0,0,True,False,80,2,62.0487328,0,61.3882446,56.7648354,54.1228828
6135,94.38333,4,Clear,63.22131,0.9649998,0,0,True,False,80,2,62.0487328,0,61.3882446,56.7648354,54.1228828
6141,94.48333,4,Clear,63.22131,0.9649998,0,0,True,False,80,2,62.0487328,0,61.3882446,56.7648354,54.1228828
6147,94.5833359,4,Clear,63.22131,0.9649998,0,0,True,False,80,2,62.0487328,0,61.3882446,56.7648354,54.1228828
6153,94.6833344,4,Clear,63.22131,0.9649998,0,0,True,False,80,2,62.0487328,0,61.3882446,56.7648354,54.1228828
