label,target,min_x,max_x,min_y,max_y,viewport_left,viewport_right,viewport_bottom,viewport_top
Intro_Menu_Before,Start Ground,-7,-1,-9.65,0.350000381,0.403017223,0.5969828,-0.0545976758,0.520114958
Intro_Menu_Before,Tutorial Landing,9,15,-9.65,0.350000381,0.920258641,1.1142242,-0.0545976758,0.520114958
Intro_Menu_Before,Tutorial T2 Landing,24,30,-9.65,0.350000381,1.40517247,1.599138,-0.0545976758,0.520114958
Intro_Menu_Before,Tutorial T3 Landing,36,42,-9.65,0.350000381,1.79310358,1.98706925,-0.0545976758,0.520114958
Intro_Menu_Before,Tutorial T4 Goal Floor,52,67,-9.65,0.350000381,2.310345,2.79525876,-0.0545976758,0.520114958
Intro_Menu_After,Start Ground,-7,-1,-9.65,0.350000381,0.403017223,0.5969828,-0.0545976758,0.520114958
Intro_Menu_After,Tutorial Landing,9,15,-9.65,0.350000381,0.920258641,1.1142242,-0.0545976758,0.520114958
Intro_Menu_After,Tutorial T2 Landing,24,30,-9.65,0.350000381,1.40517247,1.599138,-0.0545976758,0.520114958
Intro_Menu_After,Tutorial T3 Landing,36,42,-9.65,0.350000381,1.79310358,1.98706925,-0.0545976758,0.520114958
Intro_Menu_After,Tutorial T4 Goal Floor,52,67,-9.65,0.350000381,2.310345,2.79525876,-0.0545976758,0.520114958
Intro_Committed_Before,Start Ground,-7,-1,-9.65,0.350000381,-1.76293111,-1.56896567,-0.0545976758,0.520114958
Intro_Committed_Before,Tutorial Landing,9,15,-9.65,0.350000381,-1.24568975,-1.0517242,-0.0545976758,0.520114958
Intro_Committed_Before,Tutorial T2 Landing,24,30,-9.65,0.350000381,-0.7607759,-0.566810369,-0.0545976758,0.520114958
Intro_Committed_Before,Tutorial T3 Landing,36,42,-9.65,0.350000381,-0.372844815,-0.178879261,-0.0545976758,0.520114958
Intro_Committed_Before,Tutorial T4 Goal Floor,52,67,-9.65,0.350000381,0.144396544,0.629310369,-0.0545976758,0.520114958
Intro_Committed_After,Start Ground,-7,-1,-9.65,0.350000381,-1.76293111,-1.56896567,-0.0545976758,0.520114958
Intro_Committed_After,Tutorial Landing,9,15,-9.65,0.350000381,-1.24568975,-1.0517242,-0.0545976758,0.520114958
Intro_Committed_After,Tutorial T2 Landing,24,30,-9.65,0.350000381,-0.7607759,-0.566810369,-0.0545976758,0.520114958
Intro_Committed_After,Tutorial T3 Landing,36,42,-9.65,0.350000381,-0.372844815,-0.178879261,-0.0545976758,0.520114958
Intro_Committed_After,Tutorial T4 Goal Floor,52,67,-9.65,0.350000381,0.144396544,0.629310369,-0.0545976758,0.520114958
Intro_Start_Before,Start Ground,-7,-1,-9.65,0.350000381,-1.76293111,-1.56896567,-0.0545976758,0.520114958
Intro_Start_Before,Tutorial Landing,9,15,-9.65,0.350000381,-1.24568975,-1.0517242,-0.0545976758,0.520114958
Intro_Start_Before,Tutorial T2 Landing,24,30,-9.65,0.350000381,-0.7607759,-0.566810369,-0.0545976758,0.520114958
Intro_Start_Before,Tutorial T3 Landing,36,42,-9.65,0.350000381,-0.372844815,-0.178879261,-0.0545976758,0.520114958
Intro_Start_Before,Tutorial T4 Goal Floor,52,67,-9.65,0.350000381,0.144396544,0.629310369,-0.0545976758,0.520114958
Intro_Start_After,Start Ground,-7,-1,-9.65,0.350000381,-1.76293111,-1.56896567,-0.0545976758,0.520114958
Intro_Start_After,Tutorial Landing,9,15,-9.65,0.350000381,-1.24568975,-1.0517242,-0.0545976758,0.520114958
Intro_Start_After,Tutorial T2 Landing,24,30,-9.65,0.350000381,-0.7607759,-0.566810369,-0.0545976758,0.520114958
Intro_Start_After,Tutorial T3 Landing,36,42,-9.65,0.350000381,-0.372844815,-0.178879261,-0.0545976758,0.520114958
Intro_Start_After,Tutorial T4 Goal Floor,52,67,-9.65,0.350000381,0.144396544,0.629310369,-0.0545976758,0.520114958
Intro_Middle_Before,Start Ground,-7,-1,-9.65,0.350000381,-0.8155123,-0.621546745,-0.0545976758,0.520114958
Intro_Middle_Before,Tutorial Landing,9,15,-9.65,0.350000381,-0.2982709,-0.104305387,-0.0545976758,0.520114958
Intro_Middle_Before,Tutorial T2 Landing,24,30,-9.65,0.350000381,0.186642885,0.380608439,-0.0545976758,0.520114958
Intro_Middle_Before,Tutorial T3 Landing,36,42,-9.65,0.350000381,0.574574053,0.768539548,-0.0545976758,0.520114958
Intro_Middle_Before,Tutorial T4 Goal Floor,52,67,-9.65,0.350000381,1.09181535,1.57672918,-0.0545976758,0.520114958
Intro_Middle_After,Start Ground,-7,-1,-9.65,0.350000381,-0.8155123,-0.621546745,-0.0545976758,0.520114958
Intro_Middle_After,Tutorial Landing,9,15,-9.65,0.350000381,-0.2982709,-0.104305387,-0.0545976758,0.520114958
Intro_Middle_After,Tutorial T2 Landing,24,30,-9.65,0.350000381,0.186642885,0.380608439,-0.0545976758,0.520114958
Intro_Middle_After,Tutorial T3 Landing,36,42,-9.65,0.350000381,0.574574053,0.768539548,-0.0545976758,0.520114958
Intro_Middle_After,Tutorial T4 Goal Floor,52,67,-9.65,0.350000381,1.09181535,1.57672918,-0.0545976758,0.520114958
Intro_NearEnd_Before,Start Ground,-7,-1,-9.65,0.350000381,0.0325037241,0.226469249,-0.0545976758,0.520114958
Intro_NearEnd_Before,Tutorial Landing,9,15,-9.65,0.350000381,0.549745142,0.743710637,-0.0545976758,0.520114958
Intro_NearEnd_Before,Tutorial T2 Landing,24,30,-9.65,0.350000381,1.03465891,1.22862446,-0.0545976758,0.520114958
Intro_NearEnd_Before,Tutorial T3 Landing,36,42,-9.65,0.350000381,1.42259,1.61655557,-0.0545976758,0.520114958
Intro_NearEnd_Before,Tutorial T4 Goal Floor,52,67,-9.65,0.350000381,1.93983138,2.424745,-0.0545976758,0.520114958
Intro_NearEnd_After,Start Ground,-7,-1,-9.65,0.350000381,0.0325037241,0.226469249,-0.0545976758,0.520114958
Intro_NearEnd_After,Tutorial Landing,9,15,-9.65,0.350000381,0.549745142,0.743710637,-0.0545976758,0.520114958
Intro_NearEnd_After,Tutorial T2 Landing,24,30,-9.65,0.350000381,1.03465891,1.22862446,-0.0545976758,0.520114958
Intro_NearEnd_After,Tutorial T3 Landing,36,42,-9.65,0.350000381,1.42259,1.61655557,-0.0545976758,0.520114958
Intro_NearEnd_After,Tutorial T4 Goal Floor,52,67,-9.65,0.350000381,1.93983138,2.424745,-0.0545976758,0.520114958
Intro_Resumed_Before,Start Ground,-7,-1,-9.65,0.350000381,0.403017223,0.5969828,-0.0545976758,0.520114958
Intro_Resumed_Before,Tutorial Landing,9,15,-9.65,0.350000381,0.920258641,1.1142242,-0.0545976758,0.520114958
Intro_Resumed_Before,Tutorial T2 Landing,24,30,-9.65,0.350000381,1.40517247,1.599138,-0.0545976758,0.520114958
Intro_Resumed_Before,Tutorial T3 Landing,36,42,-9.65,0.350000381,1.79310358,1.98706925,-0.0545976758,0.520114958
Intro_Resumed_Before,Tutorial T4 Goal Floor,52,67,-9.65,0.350000381,2.310345,2.79525876,-0.0545976758,0.520114958
Intro_Resumed_After,Start Ground,-7,-1,-9.65,0.350000381,0.403017223,0.5969828,-0.0545976758,0.520114958
Intro_Resumed_After,Tutorial Landing,9,15,-9.65,0.350000381,0.920258641,1.1142242,-0.0545976758,0.520114958
Intro_Resumed_After,Tutorial T2 Landing,24,30,-9.65,0.350000381,1.40517247,1.599138,-0.0545976758,0.520114958
Intro_Resumed_After,Tutorial T3 Landing,36,42,-9.65,0.350000381,1.79310358,1.98706925,-0.0545976758,0.520114958
Intro_Resumed_After,Tutorial T4 Goal Floor,52,67,-9.65,0.350000381,2.310345,2.79525876,-0.0545976758,0.520114958
S1_Failed_Before,Start Ground,-7,-1,-9.65,0.350000381,0.664855957,0.858821452,-0.0545976758,0.520114958
S1_Failed_Before,Tutorial Landing,9,15,-9.65,0.350000381,1.18209732,1.37606287,-0.0545976758,0.520114958
S1_Failed_Before,Tutorial T2 Landing,24,30,-9.65,0.350000381,1.66701114,1.8609767,-0.0545976758,0.520114958
S1_Failed_Before,Tutorial T3 Landing,36,42,-9.65,0.350000381,2.05494213,2.2489078,-0.0545976758,0.520114958
S1_Failed_Before,Tutorial T4 Goal Floor,52,67,-9.65,0.350000381,2.57218385,3.05709743,-0.0545976758,0.520114958
S1_Failed_After,Start Ground,-7,-1,-9.65,0.350000381,0.664855957,0.858821452,-0.0545976758,0.520114958
S1_Failed_After,Tutorial Landing,9,15,-9.65,0.350000381,1.18209732,1.37606287,-0.0545976758,0.520114958
S1_Failed_After,Tutorial T2 Landing,24,30,-9.65,0.350000381,1.66701114,1.8609767,-0.0545976758,0.520114958
S1_Failed_After,Tutorial T3 Landing,36,42,-9.65,0.350000381,2.05494213,2.2489078,-0.0545976758,0.520114958
S1_Failed_After,Tutorial T4 Goal Floor,52,67,-9.65,0.350000381,2.57218385,3.05709743,-0.0545976758,0.520114958
S1_Retry_Before,Start Ground,-7,-1,-9.65,0.350000381,0.403017223,0.5969828,-0.0545976758,0.520114958
S1_Retry_Before,Tutorial Landing,9,15,-9.65,0.350000381,0.920258641,1.1142242,-0.0545976758,0.520114958
S1_Retry_Before,Tutorial T2 Landing,24,30,-9.65,0.350000381,1.40517247,1.599138,-0.0545976758,0.520114958
S1_Retry_Before,Tutorial T3 Landing,36,42,-9.65,0.350000381,1.79310358,1.98706925,-0.0545976758,0.520114958
S1_Retry_Before,Tutorial T4 Goal Floor,52,67,-9.65,0.350000381,2.310345,2.79525876,-0.0545976758,0.520114958
S1_Retry_After,Start Ground,-7,-1,-9.65,0.350000381,0.403017223,0.5969828,-0.0545976758,0.520114958
S1_Retry_After,Tutorial Landing,9,15,-9.65,0.350000381,0.920258641,1.1142242,-0.0545976758,0.520114958
S1_Retry_After,Tutorial T2 Landing,24,30,-9.65,0.350000381,1.40517247,1.599138,-0.0545976758,0.520114958
S1_Retry_After,Tutorial T3 Landing,36,42,-9.65,0.350000381,1.79310358,1.98706925,-0.0545976758,0.520114958
S1_Retry_After,Tutorial T4 Goal Floor,52,67,-9.65,0.350000381,2.310345,2.79525876,-0.0545976758,0.520114958
S1_Standing_Before,Start Ground,-7,-1,-9.65,0.350000381,0.403017223,0.5969828,-0.0545976758,0.520114958
S1_Standing_Before,Tutorial Landing,9,15,-9.65,0.350000381,0.920258641,1.1142242,-0.0545976758,0.520114958
S1_Standing_Before,Tutorial T2 Landing,24,30,-9.65,0.350000381,1.40517247,1.599138,-0.0545976758,0.520114958
S1_Standing_Before,Tutorial T3 Landing,36,42,-9.65,0.350000381,1.79310358,1.98706925,-0.0545976758,0.520114958
S1_Standing_Before,Tutorial T4 Goal Floor,52,67,-9.65,0.350000381,2.310345,2.79525876,-0.0545976758,0.520114958
S1_Standing_After,Start Ground,-7,-1,-9.65,0.350000381,0.403017223,0.5969828,-0.0545976758,0.520114958
S1_Standing_After,Tutorial Landing,9,15,-9.65,0.350000381,0.920258641,1.1142242,-0.0545976758,0.520114958
S1_Standing_After,Tutorial T2 Landing,24,30,-9.65,0.350000381,1.40517247,1.599138,-0.0545976758,0.520114958
S1_Standing_After,Tutorial T3 Landing,36,42,-9.65,0.350000381,1.79310358,1.98706925,-0.0545976758,0.520114958
S1_Standing_After,Tutorial T4 Goal Floor,52,67,-9.65,0.350000381,2.310345,2.79525876,-0.0545976758,0.520114958
S1_Walk_Before,Start Ground,-7,-1,-9.65,0.350000381,0.4129572,0.606922746,-0.0545976758,0.520114958
S1_Walk_Before,Tutorial Landing,9,15,-9.65,0.350000381,0.9301986,1.1241641,-0.0545976758,0.520114958
S1_Walk_Before,Tutorial T2 Landing,24,30,-9.65,0.350000381,1.41511261,1.60907793,-0.0545976758,0.520114958
S1_Walk_Before,Tutorial T3 Landing,36,42,-9.65,0.350000381,1.80304348,1.997009,-0.0545976758,0.520114958
S1_Walk_Before,Tutorial T4 Goal Floor,52,67,-9.65,0.350000381,2.32028484,2.80519867,-0.0545976758,0.520114958
S1_Walk_After,Start Ground,-7,-1,-9.65,0.350000381,0.4129572,0.606922746,-0.0545976758,0.520114958
S1_Walk_After,Tutorial Landing,9,15,-9.65,0.350000381,0.9301986,1.1241641,-0.0545976758,0.520114958
S1_Walk_After,Tutorial T2 Landing,24,30,-9.65,0.350000381,1.41511261,1.60907793,-0.0545976758,0.520114958
S1_Walk_After,Tutorial T3 Landing,36,42,-9.65,0.350000381,1.80304348,1.997009,-0.0545976758,0.520114958
S1_Walk_After,Tutorial T4 Goal Floor,52,67,-9.65,0.350000381,2.32028484,2.80519867,-0.0545976758,0.520114958
S1_Jump_Before,Start Ground,-7,-1,-9.65,0.350000381,0.400724232,0.5946897,-0.0545976758,0.520114958
S1_Jump_Before,Tutorial Landing,9,15,-9.65,0.350000381,0.917965651,1.11193109,-0.0545976758,0.520114958
S1_Jump_Before,Tutorial T2 Landing,24,30,-9.65,0.350000381,1.40287948,1.596845,-0.0545976758,0.520114958
S1_Jump_Before,Tutorial T3 Landing,36,42,-9.65,0.350000381,1.7908107,1.98477614,-0.0545976758,0.520114958
S1_Jump_Before,Tutorial T4 Goal Floor,52,67,-9.65,0.350000381,2.308052,2.79296565,-0.0545976758,0.520114958
S1_Jump_After,Start Ground,-7,-1,-9.65,0.350000381,0.400724232,0.5946897,-0.0545976758,0.520114958
S1_Jump_After,Tutorial Landing,9,15,-9.65,0.350000381,0.917965651,1.11193109,-0.0545976758,0.520114958
S1_Jump_After,Tutorial T2 Landing,24,30,-9.65,0.350000381,1.40287948,1.596845,-0.0545976758,0.520114958
S1_Jump_After,Tutorial T3 Landing,36,42,-9.65,0.350000381,1.7908107,1.98477614,-0.0545976758,0.520114958
S1_Jump_After,Tutorial T4 Goal Floor,52,67,-9.65,0.350000381,2.308052,2.79296565,-0.0545976758,0.520114958
S1_SignWorldOnly_Before,Start Ground,-7,-1,-9.65,0.350000381,0.4010876,0.595053136,-0.0545976758,0.520114958
S1_SignWorldOnly_Before,Tutorial Landing,9,15,-9.65,0.350000381,0.918329,1.11229455,-0.0545976758,0.520114958
S1_SignWorldOnly_Before,Tutorial T2 Landing,24,30,-9.65,0.350000381,1.40324283,1.59720838,-0.0545976758,0.520114958
S1_SignWorldOnly_Before,Tutorial T3 Landing,36,42,-9.65,0.350000381,1.79117393,1.98513949,-0.0545976758,0.520114958
S1_SignWorldOnly_Before,Tutorial T4 Goal Floor,52,67,-9.65,0.350000381,2.30841541,2.79332948,-0.0545976758,0.520114958
S1_SignWorldOnly_After,Start Ground,-7,-1,-9.65,0.350000381,0.4010876,0.595053136,-0.0545976758,0.520114958
S1_SignWorldOnly_After,Tutorial Landing,9,15,-9.65,0.350000381,0.918329,1.11229455,-0.0545976758,0.520114958
S1_SignWorldOnly_After,Tutorial T2 Landing,24,30,-9.65,0.350000381,1.40324283,1.59720838,-0.0545976758,0.520114958
S1_SignWorldOnly_After,Tutorial T3 Landing,36,42,-9.65,0.350000381,1.79117393,1.98513949,-0.0545976758,0.520114958
S1_SignWorldOnly_After,Tutorial T4 Goal Floor,52,67,-9.65,0.350000381,2.30841541,2.79332948,-0.0545976758,0.520114958
S1_Aim_Before,Start Ground,-7,-1,-9.65,0.350000381,0.32168144,0.515647,-0.0545976758,0.520114958
S1_Aim_Before,Tutorial Landing,9,15,-9.65,0.350000381,0.838922858,1.03288841,-0.0545976758,0.520114958
S1_Aim_Before,Tutorial T2 Landing,24,30,-9.65,0.350000381,1.32383668,1.51780212,-0.0545976758,0.520114958
S1_Aim_Before,Tutorial T3 Landing,36,42,-9.65,0.350000381,1.71176779,1.90573335,-0.0545976758,0.520114958
S1_Aim_Before,Tutorial T4 Goal Floor,52,67,-9.65,0.350000381,2.22900915,2.713923,-0.0545976758,0.520114958
S1_Aim_After,Start Ground,-7,-1,-9.65,0.350000381,0.32168144,0.515647,-0.0545976758,0.520114958
S1_Aim_After,Tutorial Landing,9,15,-9.65,0.350000381,0.838922858,1.03288841,-0.0545976758,0.520114958
S1_Aim_After,Tutorial T2 Landing,24,30,-9.65,0.350000381,1.32383668,1.51780212,-0.0545976758,0.520114958
S1_Aim_After,Tutorial T3 Landing,36,42,-9.65,0.350000381,1.71176779,1.90573335,-0.0545976758,0.520114958
S1_Aim_After,Tutorial T4 Goal Floor,52,67,-9.65,0.350000381,2.22900915,2.713923,-0.0545976758,0.520114958
S1_Attached_Before,Start Ground,-7,-1,-9.65,0.350000381,0.32168144,0.515647,-0.0545976758,0.520114958
S1_Attached_Before,Tutorial Landing,9,15,-9.65,0.350000381,0.838922858,1.03288841,-0.0545976758,0.520114958
S1_Attached_Before,Tutorial T2 Landing,24,30,-9.65,0.350000381,1.32383668,1.51780212,-0.0545976758,0.520114958
S1_Attached_Before,Tutorial T3 Landing,36,42,-9.65,0.350000381,1.71176779,1.90573335,-0.0545976758,0.520114958
S1_Attached_Before,Tutorial T4 Goal Floor,52,67,-9.65,0.350000381,2.22900915,2.713923,-0.0545976758,0.520114958
S1_Attached_After,Start Ground,-7,-1,-9.65,0.350000381,0.32168144,0.515647,-0.0545976758,0.520114958
S1_Attached_After,Tutorial Landing,9,15,-9.65,0.350000381,0.838922858,1.03288841,-0.0545976758,0.520114958
S1_Attached_After,Tutorial T2 Landing,24,30,-9.65,0.350000381,1.32383668,1.51780212,-0.0545976758,0.520114958
S1_Attached_After,Tutorial T3 Landing,36,42,-9.65,0.350000381,1.71176779,1.90573335,-0.0545976758,0.520114958
S1_Attached_After,Tutorial T4 Goal Floor,52,67,-9.65,0.350000381,2.22900915,2.713923,-0.0545976758,0.520114958
S1_Released_Before,Start Ground,-7,-1,-9.65,0.350000381,0.142560825,0.3365264,-0.0545976758,0.520114958
S1_Released_Before,Tutorial Landing,9,15,-9.65,0.350000381,0.659802258,0.8537678,-0.0545976758,0.520114958
S1_Released_Before,Tutorial T2 Landing,24,30,-9.65,0.350000381,1.144716,1.3386817,-0.0545976758,0.520114958
S1_Released_Before,Tutorial T3 Landing,36,42,-9.65,0.350000381,1.53264725,1.72661269,-0.0545976758,0.520114958
S1_Released_Before,Tutorial T4 Goal Floor,52,67,-9.65,0.350000381,2.04988861,2.53480244,-0.0545976758,0.520114958
S1_Released_After,Start Ground,-7,-1,-9.65,0.350000381,0.142560825,0.3365264,-0.0545976758,0.520114958
S1_Released_After,Tutorial Landing,9,15,-9.65,0.350000381,0.659802258,0.8537678,-0.0545976758,0.520114958
S1_Released_After,Tutorial T2 Landing,24,30,-9.65,0.350000381,1.144716,1.3386817,-0.0545976758,0.520114958
S1_Released_After,Tutorial T3 Landing,36,42,-9.65,0.350000381,1.53264725,1.72661269,-0.0545976758,0.520114958
S1_Released_After,Tutorial T4 Goal Floor,52,67,-9.65,0.350000381,2.04988861,2.53480244,-0.0545976758,0.520114958
S2_Standing_Before,Start Ground,-7,-1,-9.65,0.350000381,-0.114224195,0.07974136,-0.0545976758,0.520114958
S2_Standing_Before,Tutorial Landing,9,15,-9.65,0.350000381,0.403017253,0.5969828,-0.0545976758,0.520114958
S2_Standing_Before,Tutorial T2 Landing,24,30,-9.65,0.350000381,0.887931049,1.08189654,-0.0545976758,0.520114958
S2_Standing_Before,Tutorial T3 Landing,36,42,-9.65,0.350000381,1.27586222,1.46982765,-0.0545976758,0.520114958
S2_Standing_Before,Tutorial T4 Goal Floor,52,67,-9.65,0.350000381,1.79310346,2.27801728,-0.0545976758,0.520114958
S2_Standing_After,Start Ground,-7,-1,-9.65,0.350000381,-0.114224195,0.07974136,-0.0545976758,0.520114958
S2_Standing_After,Tutorial Landing,9,15,-9.65,0.350000381,0.403017253,0.5969828,-0.0545976758,0.520114958
S2_Standing_After,Tutorial T2 Landing,24,30,-9.65,0.350000381,0.887931049,1.08189654,-0.0545976758,0.520114958
S2_Standing_After,Tutorial T3 Landing,36,42,-9.65,0.350000381,1.27586222,1.46982765,-0.0545976758,0.520114958
S2_Standing_After,Tutorial T4 Goal Floor,52,67,-9.65,0.350000381,1.79310346,2.27801728,-0.0545976758,0.520114958
S2_Walk_Before,Start Ground,-7,-1,-9.65,0.350000381,-0.104314923,0.08965063,-0.0545976758,0.520114958
S2_Walk_Before,Tutorial Landing,9,15,-9.65,0.350000381,0.412926525,0.606892049,-0.0545976758,0.520114958
S2_Walk_Before,Tutorial T2 Landing,24,30,-9.65,0.350000381,0.8978403,1.09180593,-0.0545976758,0.520114958
S2_Walk_Before,Tutorial T3 Landing,36,42,-9.65,0.350000381,1.28577149,1.479737,-0.0545976758,0.520114958
S2_Walk_Before,Tutorial T4 Goal Floor,52,67,-9.65,0.350000381,1.80301285,2.28792667,-0.0545976758,0.520114958
S2_Walk_After,Start Ground,-7,-1,-9.65,0.350000381,-0.104314923,0.08965063,-0.0545976758,0.520114958
S2_Walk_After,Tutorial Landing,9,15,-9.65,0.350000381,0.412926525,0.606892049,-0.0545976758,0.520114958
S2_Walk_After,Tutorial T2 Landing,24,30,-9.65,0.350000381,0.8978403,1.09180593,-0.0545976758,0.520114958
S2_Walk_After,Tutorial T3 Landing,36,42,-9.65,0.350000381,1.28577149,1.479737,-0.0545976758,0.520114958
S2_Walk_After,Tutorial T4 Goal Floor,52,67,-9.65,0.350000381,1.80301285,2.28792667,-0.0545976758,0.520114958
S2_Jump_Before,Start Ground,-7,-1,-9.65,0.350000381,-0.116493821,0.0774717,-0.0545976758,0.520114958
S2_Jump_Before,Tutorial Landing,9,15,-9.65,0.350000381,0.4007476,0.5947131,-0.0545976758,0.520114958
S2_Jump_Before,Tutorial T2 Landing,24,30,-9.65,0.350000381,0.885661364,1.07962692,-0.0545976758,0.520114958
S2_Jump_Before,Tutorial T3 Landing,36,42,-9.65,0.350000381,1.27359247,1.467558,-0.0545976758,0.520114958
S2_Jump_Before,Tutorial T4 Goal Floor,52,67,-9.65,0.350000381,1.79083383,2.27574778,-0.0545976758,0.520114958
S2_Jump_After,Start Ground,-7,-1,-9.65,0.350000381,-0.116493821,0.0774717,-0.0545976758,0.520114958
S2_Jump_After,Tutorial Landing,9,15,-9.65,0.350000381,0.4007476,0.5947131,-0.0545976758,0.520114958
S2_Jump_After,Tutorial T2 Landing,24,30,-9.65,0.350000381,0.885661364,1.07962692,-0.0545976758,0.520114958
S2_Jump_After,Tutorial T3 Landing,36,42,-9.65,0.350000381,1.27359247,1.467558,-0.0545976758,0.520114958
S2_Jump_After,Tutorial T4 Goal Floor,52,67,-9.65,0.350000381,1.79083383,2.27574778,-0.0545976758,0.520114958
S2_SignWorldOnly_Before,Start Ground,-7,-1,-9.65,0.350000381,-0.116153717,0.07781184,-0.0545976758,0.520114958
S2_SignWorldOnly_Before,Tutorial Landing,9,15,-9.65,0.350000381,0.401087731,0.595053256,-0.0545976758,0.520114958
S2_SignWorldOnly_Before,Tutorial T2 Landing,24,30,-9.65,0.350000381,0.8860015,1.079967,-0.0545976758,0.520114958
S2_SignWorldOnly_Before,Tutorial T3 Landing,36,42,-9.65,0.350000381,1.2739327,1.46789813,-0.0545976758,0.520114958
S2_SignWorldOnly_Before,Tutorial T4 Goal Floor,52,67,-9.65,0.350000381,1.79117393,2.27608776,-0.0545976758,0.520114958
S2_SignWorldOnly_After,Start Ground,-7,-1,-9.65,0.350000381,-0.116153717,0.07781184,-0.0545976758,0.520114958
S2_SignWorldOnly_After,Tutorial Landing,9,15,-9.65,0.350000381,0.401087731,0.595053256,-0.0545976758,0.520114958
S2_SignWorldOnly_After,Tutorial T2 Landing,24,30,-9.65,0.350000381,0.8860015,1.079967,-0.0545976758,0.520114958
S2_SignWorldOnly_After,Tutorial T3 Landing,36,42,-9.65,0.350000381,1.2739327,1.46789813,-0.0545976758,0.520114958
S2_SignWorldOnly_After,Tutorial T4 Goal Floor,52,67,-9.65,0.350000381,1.79117393,2.27608776,-0.0545976758,0.520114958
S2_Aim_Before,Start Ground,-7,-1,-9.65,0.350000381,-0.195681334,-0.0017157793,-0.0545976758,0.520114958
S2_Aim_Before,Tutorial Landing,9,15,-9.65,0.350000381,0.3215601,0.515525639,-0.0545976758,0.520114958
S2_Aim_Before,Tutorial T2 Landing,24,30,-9.65,0.350000381,0.8064739,1.00043941,-0.0545976758,0.520114958
S2_Aim_Before,Tutorial T3 Landing,36,42,-9.65,0.350000381,1.19440508,1.38837051,-0.0545976758,0.520114958
S2_Aim_Before,Tutorial T4 Goal Floor,52,67,-9.65,0.350000381,1.71164632,2.19656014,-0.0545976758,0.520114958
S2_Aim_After,Start Ground,-7,-1,-9.65,0.350000381,-0.195681334,-0.0017157793,-0.0545976758,0.520114958
S2_Aim_After,Tutorial Landing,9,15,-9.65,0.350000381,0.3215601,0.515525639,-0.0545976758,0.520114958
S2_Aim_After,Tutorial T2 Landing,24,30,-9.65,0.350000381,0.8064739,1.00043941,-0.0545976758,0.520114958
S2_Aim_After,Tutorial T3 Landing,36,42,-9.65,0.350000381,1.19440508,1.38837051,-0.0545976758,0.520114958
S2_Aim_After,Tutorial T4 Goal Floor,52,67,-9.65,0.350000381,1.71164632,2.19656014,-0.0545976758,0.520114958
S2_Attached_Before,Start Ground,-7,-1,-9.65,0.350000381,-0.195681334,-0.0017157793,-0.0545976758,0.520114958
S2_Attached_Before,Tutorial Landing,9,15,-9.65,0.350000381,0.3215601,0.515525639,-0.0545976758,0.520114958
S2_Attached_Before,Tutorial T2 Landing,24,30,-9.65,0.350000381,0.8064739,1.00043941,-0.0545976758,0.520114958
S2_Attached_Before,Tutorial T3 Landing,36,42,-9.65,0.350000381,1.19440508,1.38837051,-0.0545976758,0.520114958
S2_Attached_Before,Tutorial T4 Goal Floor,52,67,-9.65,0.350000381,1.71164632,2.19656014,-0.0545976758,0.520114958
S2_Attached_After,Start Ground,-7,-1,-9.65,0.350000381,-0.195681334,-0.0017157793,-0.0545976758,0.520114958
S2_Attached_After,Tutorial Landing,9,15,-9.65,0.350000381,0.3215601,0.515525639,-0.0545976758,0.520114958
S2_Attached_After,Tutorial T2 Landing,24,30,-9.65,0.350000381,0.8064739,1.00043941,-0.0545976758,0.520114958
S2_Attached_After,Tutorial T3 Landing,36,42,-9.65,0.350000381,1.19440508,1.38837051,-0.0545976758,0.520114958
S2_Attached_After,Tutorial T4 Goal Floor,52,67,-9.65,0.350000381,1.71164632,2.19656014,-0.0545976758,0.520114958
S2_Released_Before,Start Ground,-7,-1,-9.65,0.350000381,-0.38187933,-0.187913835,-0.0545976758,0.520114958
S2_Released_Before,Tutorial Landing,9,15,-9.65,0.350000381,0.135362059,0.329327583,-0.0545976758,0.520114958
S2_Released_Before,Tutorial T2 Landing,24,30,-9.65,0.350000381,0.620275855,0.8142414,-0.0545976758,0.520114958
S2_Released_Before,Tutorial T3 Landing,36,42,-9.65,0.350000381,1.008207,1.20217252,-0.0545976758,0.520114958
S2_Released_Before,Tutorial T4 Goal Floor,52,67,-9.65,0.350000381,1.52544832,2.01036215,-0.0545976758,0.520114958
S2_Released_After,Start Ground,-7,-1,-9.65,0.350000381,-0.38187933,-0.187913835,-0.0545976758,0.520114958
S2_Released_After,Tutorial Landing,9,15,-9.65,0.350000381,0.135362059,0.329327583,-0.0545976758,0.520114958
S2_Released_After,Tutorial T2 Landing,24,30,-9.65,0.350000381,0.620275855,0.8142414,-0.0545976758,0.520114958
S2_Released_After,Tutorial T3 Landing,36,42,-9.65,0.350000381,1.008207,1.20217252,-0.0545976758,0.520114958
S2_Released_After,Tutorial T4 Goal Floor,52,67,-9.65,0.350000381,1.52544832,2.01036215,-0.0545976758,0.520114958
S3_Standing_Before,Start Ground,-7,-1,-9.65,0.350000381,-0.599138,-0.405172467,-0.0545976758,0.520114958
S3_Standing_Before,Tutorial Landing,9,15,-9.65,0.350000381,-0.08189654,0.112068959,-0.0545976758,0.520114958
S3_Standing_Before,Tutorial T2 Landing,24,30,-9.65,0.350000381,0.403017223,0.5969828,-0.0545976758,0.520114958
S3_Standing_Before,Tutorial T3 Landing,36,42,-9.65,0.350000381,0.790948331,0.9849139,-0.0545976758,0.520114958
S3_Standing_Before,Tutorial T4 Goal Floor,52,67,-9.65,0.350000381,1.30818963,1.79310346,-0.0545976758,0.520114958
S3_Standing_After,Start Ground,-7,-1,-9.65,0.350000381,-0.599138,-0.405172467,-0.0545976758,0.520114958
S3_Standing_After,Tutorial Landing,9,15,-9.65,0.350000381,-0.08189654,0.112068959,-0.0545976758,0.520114958
S3_Standing_After,Tutorial T2 Landing,24,30,-9.65,0.350000381,0.403017223,0.5969828,-0.0545976758,0.520114958
S3_Standing_After,Tutorial T3 Landing,36,42,-9.65,0.350000381,0.790948331,0.9849139,-0.0545976758,0.520114958
S3_Standing_After,Tutorial T4 Goal Floor,52,67,-9.65,0.350000381,1.30818963,1.79310346,-0.0545976758,0.520114958
S3_Walk_Before,Start Ground,-7,-1,-9.65,0.350000381,-0.5892612,-0.39529562,-0.0545976758,0.520114958
S3_Walk_Before,Tutorial Landing,9,15,-9.65,0.350000381,-0.0720196962,0.121945791,-0.0545976758,0.520114958
S3_Walk_Before,Tutorial T2 Landing,24,30,-9.65,0.350000381,0.41289407,0.6068596,-0.0545976758,0.520114958
S3_Walk_Before,Tutorial T3 Landing,36,42,-9.65,0.350000381,0.8008252,0.994790733,-0.0545976758,0.520114958
S3_Walk_Before,Tutorial T4 Goal Floor,52,67,-9.65,0.350000381,1.31806672,1.80298042,-0.0545976758,0.520114958
S3_Walk_After,Start Ground,-7,-1,-9.65,0.350000381,-0.5892612,-0.39529562,-0.0545976758,0.520114958
S3_Walk_After,Tutorial Landing,9,15,-9.65,0.350000381,-0.0720196962,0.121945791,-0.0545976758,0.520114958
S3_Walk_After,Tutorial T2 Landing,24,30,-9.65,0.350000381,0.41289407,0.6068596,-0.0545976758,0.520114958
S3_Walk_After,Tutorial T3 Landing,36,42,-9.65,0.350000381,0.8008252,0.994790733,-0.0545976758,0.520114958
S3_Walk_After,Tutorial T4 Goal Floor,52,67,-9.65,0.350000381,1.31806672,1.80298042,-0.0545976758,0.520114958
S3_Jump_Before,Start Ground,-7,-1,-9.65,0.350000381,-0.6014112,-0.407445729,-0.0545976758,0.520114958
S3_Jump_Before,Tutorial Landing,9,15,-9.65,0.350000381,-0.0841698647,0.10979569,-0.0545976758,0.520114958
S3_Jump_Before,Tutorial T2 Landing,24,30,-9.65,0.350000381,0.400743961,0.5947095,-0.0545976758,0.520114958
S3_Jump_Before,Tutorial T3 Landing,36,42,-9.65,0.350000381,0.78867507,0.9826406,-0.0545976758,0.520114958
S3_Jump_Before,Tutorial T4 Goal Floor,52,67,-9.65,0.350000381,1.30591643,1.79083025,-0.0545976758,0.520114958
S3_Jump_After,Start Ground,-7,-1,-9.65,0.350000381,-0.6014112,-0.407445729,-0.0545976758,0.520114958
S3_Jump_After,Tutorial Landing,9,15,-9.65,0.350000381,-0.0841698647,0.10979569,-0.0545976758,0.520114958
S3_Jump_After,Tutorial T2 Landing,24,30,-9.65,0.350000381,0.400743961,0.5947095,-0.0545976758,0.520114958
S3_Jump_After,Tutorial T3 Landing,36,42,-9.65,0.350000381,0.78867507,0.9826406,-0.0545976758,0.520114958
S3_Jump_After,Tutorial T4 Goal Floor,52,67,-9.65,0.350000381,1.30591643,1.79083025,-0.0545976758,0.520114958
S3_SignWorldOnly_Before,Start Ground,-7,-1,-9.65,0.350000381,-0.6010674,-0.407101929,-0.0545976758,0.520114958
S3_SignWorldOnly_Before,Tutorial Landing,9,15,-9.65,0.350000381,-0.0838260651,0.110139489,-0.0545976758,0.520114958
S3_SignWorldOnly_Before,Tutorial T2 Landing,24,30,-9.65,0.350000381,0.401087761,0.5950533,-0.0545976758,0.520114958
S3_SignWorldOnly_Before,Tutorial T3 Landing,36,42,-9.65,0.350000381,0.789018869,0.9829844,-0.0545976758,0.520114958
S3_SignWorldOnly_Before,Tutorial T4 Goal Floor,52,67,-9.65,0.350000381,1.30626023,1.791174,-0.0545976758,0.520114958
S3_SignWorldOnly_After,Start Ground,-7,-1,-9.65,0.350000381,-0.6010674,-0.407101929,-0.0545976758,0.520114958
S3_SignWorldOnly_After,Tutorial Landing,9,15,-9.65,0.350000381,-0.0838260651,0.110139489,-0.0545976758,0.520114958
S3_SignWorldOnly_After,Tutorial T2 Landing,24,30,-9.65,0.350000381,0.401087761,0.5950533,-0.0545976758,0.520114958
S3_SignWorldOnly_After,Tutorial T3 Landing,36,42,-9.65,0.350000381,0.789018869,0.9829844,-0.0545976758,0.520114958
S3_SignWorldOnly_After,Tutorial T4 Goal Floor,52,67,-9.65,0.350000381,1.30626023,1.791174,-0.0545976758,0.520114958
S3_Aim_Before,Start Ground,-7,-1,-9.65,0.350000381,-0.669391036,-0.475425452,-0.0545976758,0.520114958
S3_Aim_Before,Tutorial Landing,9,15,-9.65,0.350000381,-0.152149543,0.0418159366,-0.0545976758,0.520114958
S3_Aim_Before,Tutorial T2 Landing,24,30,-9.65,0.350000381,0.3327642,0.526729763,-0.0545976758,0.520114958
S3_Aim_Before,Tutorial T3 Landing,36,42,-9.65,0.350000381,0.7206953,0.9146609,-0.0545976758,0.520114958
S3_Aim_Before,Tutorial T4 Goal Floor,52,67,-9.65,0.350000381,1.23793674,1.72285056,-0.0545976758,0.520114958
S3_Aim_After,Start Ground,-7,-1,-9.65,0.350000381,-0.669391036,-0.475425452,-0.0545976758,0.520114958
S3_Aim_After,Tutorial Landing,9,15,-9.65,0.350000381,-0.152149543,0.0418159366,-0.0545976758,0.520114958
S3_Aim_After,Tutorial T2 Landing,24,30,-9.65,0.350000381,0.3327642,0.526729763,-0.0545976758,0.520114958
S3_Aim_After,Tutorial T3 Landing,36,42,-9.65,0.350000381,0.7206953,0.9146609,-0.0545976758,0.520114958
S3_Aim_After,Tutorial T4 Goal Floor,52,67,-9.65,0.350000381,1.23793674,1.72285056,-0.0545976758,0.520114958
S3_Attached_Before,Start Ground,-7,-1,-9.65,0.350000381,-0.669391036,-0.475425452,-0.0545976758,0.520114958
S3_Attached_Before,Tutorial Landing,9,15,-9.65,0.350000381,-0.152149543,0.0418159366,-0.0545976758,0.520114958
S3_Attached_Before,Tutorial T2 Landing,24,30,-9.65,0.350000381,0.3327642,0.526729763,-0.0545976758,0.520114958
S3_Attached_Before,Tutorial T3 Landing,36,42,-9.65,0.350000381,0.7206953,0.9146609,-0.0545976758,0.520114958
S3_Attached_Before,Tutorial T4 Goal Floor,52,67,-9.65,0.350000381,1.23793674,1.72285056,-0.0545976758,0.520114958
S3_Attached_After,Start Ground,-7,-1,-9.65,0.350000381,-0.669391036,-0.475425452,-0.0545976758,0.520114958
S3_Attached_After,Tutorial Landing,9,15,-9.65,0.350000381,-0.152149543,0.0418159366,-0.0545976758,0.520114958
S3_Attached_After,Tutorial T2 Landing,24,30,-9.65,0.350000381,0.3327642,0.526729763,-0.0545976758,0.520114958
S3_Attached_After,Tutorial T3 Landing,36,42,-9.65,0.350000381,0.7206953,0.9146609,-0.0545976758,0.520114958
S3_Attached_After,Tutorial T4 Goal Floor,52,67,-9.65,0.350000381,1.23793674,1.72285056,-0.0545976758,0.520114958
S3_Bridge_Before,Start Ground,-7,-1,-9.65,0.350000381,-0.6958698,-0.501904249,-0.0545976758,0.520114958
S3_Bridge_Before,Tutorial Landing,9,15,-9.65,0.350000381,-0.178628311,0.0153371692,-0.0545976758,0.520114958
S3_Bridge_Before,Tutorial T2 Landing,24,30,-9.65,0.350000381,0.306285441,0.500251,-0.0545976758,0.520114958
S3_Bridge_Before,Tutorial T3 Landing,36,42,-9.65,0.350000381,0.694216549,0.8881821,-0.0545976758,0.520114958
S3_Bridge_Before,Tutorial T4 Goal Floor,52,67,-9.65,0.350000381,1.211458,1.69637179,-0.0545976758,0.520114958
S3_Bridge_After,Start Ground,-7,-1,-9.65,0.350000381,-0.6958698,-0.501904249,-0.0545976758,0.520114958
S3_Bridge_After,Tutorial Landing,9,15,-9.65,0.350000381,-0.178628311,0.0153371692,-0.0545976758,0.520114958
S3_Bridge_After,Tutorial T2 Landing,24,30,-9.65,0.350000381,0.306285441,0.500251,-0.0545976758,0.520114958
S3_Bridge_After,Tutorial T3 Landing,36,42,-9.65,0.350000381,0.694216549,0.8881821,-0.0545976758,0.520114958
S3_Bridge_After,Tutorial T4 Goal Floor,52,67,-9.65,0.350000381,1.211458,1.69637179,-0.0545976758,0.520114958
S3_BridgeWalk_Before,Start Ground,-7,-1,-9.65,0.350000381,-0.702250063,-0.50828445,-0.0545976758,0.520114958
S3_BridgeWalk_Before,Tutorial Landing,9,15,-9.65,0.350000381,-0.185008526,0.008956969,-0.0545976758,0.520114958
S3_BridgeWalk_Before,Tutorial T2 Landing,24,30,-9.65,0.350000381,0.299905241,0.4938708,-0.0545976758,0.520114958
S3_BridgeWalk_Before,Tutorial T3 Landing,36,42,-9.65,0.350000381,0.687836349,0.8818019,-0.0545976758,0.520114958
S3_BridgeWalk_Before,Tutorial T4 Goal Floor,52,67,-9.65,0.350000381,1.20507765,1.68999147,-0.0545976758,0.520114958
S3_BridgeWalk_After,Start Ground,-7,-1,-9.65,0.350000381,-0.702250063,-0.50828445,-0.0545976758,0.520114958
S3_BridgeWalk_After,Tutorial Landing,9,15,-9.65,0.350000381,-0.185008526,0.008956969,-0.0545976758,0.520114958
S3_BridgeWalk_After,Tutorial T2 Landing,24,30,-9.65,0.350000381,0.299905241,0.4938708,-0.0545976758,0.520114958
S3_BridgeWalk_After,Tutorial T3 Landing,36,42,-9.65,0.350000381,0.687836349,0.8818019,-0.0545976758,0.520114958
S3_BridgeWalk_After,Tutorial T4 Goal Floor,52,67,-9.65,0.350000381,1.20507765,1.68999147,-0.0545976758,0.520114958
S4_Standing_Before,Start Ground,-7,-1,-9.65,0.350000381,-0.987069,-0.793103456,-0.0545976758,0.520114958
S4_Standing_Before,Tutorial Landing,9,15,-9.65,0.350000381,-0.469827652,-0.2758621,-0.0545976758,0.520114958
S4_Standing_Before,Tutorial T2 Landing,24,30,-9.65,0.350000381,0.015086174,0.209051743,-0.0545976758,0.520114958
S4_Standing_Before,Tutorial T3 Landing,36,42,-9.65,0.350000381,0.4030173,0.596982837,-0.0545976758,0.520114958
S4_Standing_Before,Tutorial T4 Goal Floor,52,67,-9.65,0.350000381,0.920258641,1.40517247,-0.0545976758,0.520114958
S4_Standing_After,Start Ground,-7,-1,-9.65,0.350000381,-0.987069,-0.793103456,-0.0545976758,0.520114958
S4_Standing_After,Tutorial Landing,9,15,-9.65,0.350000381,-0.469827652,-0.2758621,-0.0545976758,0.520114958
S4_Standing_After,Tutorial T2 Landing,24,30,-9.65,0.350000381,0.015086174,0.209051743,-0.0545976758,0.520114958
S4_Standing_After,Tutorial T3 Landing,36,42,-9.65,0.350000381,0.4030173,0.596982837,-0.0545976758,0.520114958
S4_Standing_After,Tutorial T4 Goal Floor,52,67,-9.65,0.350000381,0.920258641,1.40517247,-0.0545976758,0.520114958
S4_Walk_Before,Start Ground,-7,-1,-9.65,0.350000381,-0.977120161,-0.7831546,-0.0545976758,0.520114958
S4_Walk_Before,Tutorial Landing,9,15,-9.65,0.350000381,-0.4598788,-0.265913248,-0.0545976758,0.520114958
S4_Walk_Before,Tutorial T2 Landing,24,30,-9.65,0.350000381,0.0250350237,0.219000578,-0.0545976758,0.520114958
S4_Walk_Before,Tutorial T3 Landing,36,42,-9.65,0.350000381,0.412966132,0.6069317,-0.0545976758,0.520114958
S4_Walk_Before,Tutorial T4 Goal Floor,52,67,-9.65,0.350000381,0.9302075,1.41512132,-0.0545976758,0.520114958
S4_Walk_After,Start Ground,-7,-1,-9.65,0.350000381,-0.977120161,-0.7831546,-0.0545976758,0.520114958
S4_Walk_After,Tutorial Landing,9,15,-9.65,0.350000381,-0.4598788,-0.265913248,-0.0545976758,0.520114958
S4_Walk_After,Tutorial T2 Landing,24,30,-9.65,0.350000381,0.0250350237,0.219000578,-0.0545976758,0.520114958
S4_Walk_After,Tutorial T3 Landing,36,42,-9.65,0.350000381,0.412966132,0.6069317,-0.0545976758,0.520114958
S4_Walk_After,Tutorial T4 Goal Floor,52,67,-9.65,0.350000381,0.9302075,1.41512132,-0.0545976758,0.520114958
S4_Jump_Before,Start Ground,-7,-1,-9.65,0.350000381,-0.9893223,-0.79535675,-0.0545976758,0.520114958
S4_Jump_Before,Tutorial Landing,9,15,-9.65,0.350000381,-0.472080916,-0.2781154,-0.0545976758,0.520114958
S4_Jump_Before,Tutorial T2 Landing,24,30,-9.65,0.350000381,0.01283288,0.206798419,-0.0545976758,0.520114958
S4_Jump_Before,Tutorial T3 Landing,36,42,-9.65,0.350000381,0.400764,0.594729543,-0.0545976758,0.520114958
S4_Jump_Before,Tutorial T4 Goal Floor,52,67,-9.65,0.350000381,0.918005347,1.40291917,-0.0545976758,0.520114958
S4_Jump_After,Start Ground,-7,-1,-9.65,0.350000381,-0.9893223,-0.79535675,-0.0545976758,0.520114958
S4_Jump_After,Tutorial Landing,9,15,-9.65,0.350000381,-0.472080916,-0.2781154,-0.0545976758,0.520114958
S4_Jump_After,Tutorial T2 Landing,24,30,-9.65,0.350000381,0.01283288,0.206798419,-0.0545976758,0.520114958
S4_Jump_After,Tutorial T3 Landing,36,42,-9.65,0.350000381,0.400764,0.594729543,-0.0545976758,0.520114958
S4_Jump_After,Tutorial T4 Goal Floor,52,67,-9.65,0.350000381,0.918005347,1.40291917,-0.0545976758,0.520114958
S4_SignWorldOnly_Before,Start Ground,-7,-1,-9.65,0.350000381,-0.988998652,-0.7950331,-0.0545976758,0.520114958
S4_SignWorldOnly_Before,Tutorial Landing,9,15,-9.65,0.350000381,-0.4717573,-0.2777917,-0.0545976758,0.520114958
S4_SignWorldOnly_Before,Tutorial T2 Landing,24,30,-9.65,0.350000381,0.0131565332,0.207122087,-0.0545976758,0.520114958
S4_SignWorldOnly_Before,Tutorial T3 Landing,36,42,-9.65,0.350000381,0.401087642,0.595053256,-0.0545976758,0.520114958
S4_SignWorldOnly_Before,Tutorial T4 Goal Floor,52,67,-9.65,0.350000381,0.918329,1.40324283,-0.0545976758,0.520114958
S4_SignWorldOnly_After,Start Ground,-7,-1,-9.65,0.350000381,-0.988998652,-0.7950331,-0.0545976758,0.520114958
S4_SignWorldOnly_After,Tutorial Landing,9,15,-9.65,0.350000381,-0.4717573,-0.2777917,-0.0545976758,0.520114958
S4_SignWorldOnly_After,Tutorial T2 Landing,24,30,-9.65,0.350000381,0.0131565332,0.207122087,-0.0545976758,0.520114958
S4_SignWorldOnly_After,Tutorial T3 Landing,36,42,-9.65,0.350000381,0.401087642,0.595053256,-0.0545976758,0.520114958
S4_SignWorldOnly_After,Tutorial T4 Goal Floor,52,67,-9.65,0.350000381,0.918329,1.40324283,-0.0545976758,0.520114958
S4_First_Aim_Before,Start Ground,-7,-1,-9.65,0.350000381,-1.0569818,-0.863016248,-0.0545976758,0.520114958
S4_First_Aim_Before,Tutorial Landing,9,15,-9.65,0.350000381,-0.539740443,-0.345774919,-0.0545976758,0.520114958
S4_First_Aim_Before,Tutorial T2 Landing,24,30,-9.65,0.350000381,-0.0548266172,0.139138937,-0.0545976758,0.520114958
S4_First_Aim_Before,Tutorial T3 Landing,36,42,-9.65,0.350000381,0.3331045,0.527070045,-0.0545976758,0.520114958
S4_First_Aim_Before,Tutorial T4 Goal Floor,52,67,-9.65,0.350000381,0.85034585,1.33525968,-0.0545976758,0.520114958
S4_First_Aim_After,Start Ground,-7,-1,-9.65,0.350000381,-1.0569818,-0.863016248,-0.0545976758,0.520114958
S4_First_Aim_After,Tutorial Landing,9,15,-9.65,0.350000381,-0.539740443,-0.345774919,-0.0545976758,0.520114958
S4_First_Aim_After,Tutorial T2 Landing,24,30,-9.65,0.350000381,-0.0548266172,0.139138937,-0.0545976758,0.520114958
S4_First_Aim_After,Tutorial T3 Landing,36,42,-9.65,0.350000381,0.3331045,0.527070045,-0.0545976758,0.520114958
S4_First_Aim_After,Tutorial T4 Goal Floor,52,67,-9.65,0.350000381,0.85034585,1.33525968,-0.0545976758,0.520114958
S4_First_Attached_Before,Start Ground,-7,-1,-9.65,0.350000381,-1.0569818,-0.863016248,-0.0545976758,0.520114958
S4_First_Attached_Before,Tutorial Landing,9,15,-9.65,0.350000381,-0.539740443,-0.345774919,-0.0545976758,0.520114958
S4_First_Attached_Before,Tutorial T2 Landing,24,30,-9.65,0.350000381,-0.0548266172,0.139138937,-0.0545976758,0.520114958
S4_First_Attached_Before,Tutorial T3 Landing,36,42,-9.65,0.350000381,0.3331045,0.527070045,-0.0545976758,0.520114958
S4_First_Attached_Before,Tutorial T4 Goal Floor,52,67,-9.65,0.350000381,0.85034585,1.33525968,-0.0545976758,0.520114958
S4_First_Attached_After,Start Ground,-7,-1,-9.65,0.350000381,-1.0569818,-0.863016248,-0.0545976758,0.520114958
S4_First_Attached_After,Tutorial Landing,9,15,-9.65,0.350000381,-0.539740443,-0.345774919,-0.0545976758,0.520114958
S4_First_Attached_After,Tutorial T2 Landing,24,30,-9.65,0.350000381,-0.0548266172,0.139138937,-0.0545976758,0.520114958
S4_First_Attached_After,Tutorial T3 Landing,36,42,-9.65,0.350000381,0.3331045,0.527070045,-0.0545976758,0.520114958
S4_First_Attached_After,Tutorial T4 Goal Floor,52,67,-9.65,0.350000381,0.85034585,1.33525968,-0.0545976758,0.520114958
S4_First_Bridge_Before,Start Ground,-7,-1,-9.65,0.350000381,-1.08227158,-0.888306,-0.0545976758,0.520114958
S4_First_Bridge_Before,Tutorial Landing,9,15,-9.65,0.350000381,-0.5650302,-0.371064663,-0.0545976758,0.520114958
S4_First_Bridge_Before,Tutorial T2 Landing,24,30,-9.65,0.350000381,-0.08011639,0.113849163,-0.0545976758,0.520114958
S4_First_Bridge_Before,Tutorial T3 Landing,36,42,-9.65,0.350000381,0.307814717,0.5017803,-0.0545976758,0.520114958
S4_First_Bridge_Before,Tutorial T4 Goal Floor,52,67,-9.65,0.350000381,0.8250561,1.30996978,-0.0545976758,0.520114958
S4_First_Bridge_After,Start Ground,-7,-1,-9.65,0.350000381,-1.08227158,-0.888306,-0.0545976758,0.520114958
S4_First_Bridge_After,Tutorial Landing,9,15,-9.65,0.350000381,-0.5650302,-0.371064663,-0.0545976758,0.520114958
S4_First_Bridge_After,Tutorial T2 Landing,24,30,-9.65,0.350000381,-0.08011639,0.113849163,-0.0545976758,0.520114958
S4_First_Bridge_After,Tutorial T3 Landing,36,42,-9.65,0.350000381,0.307814717,0.5017803,-0.0545976758,0.520114958
S4_First_Bridge_After,Tutorial T4 Goal Floor,52,67,-9.65,0.350000381,0.8250561,1.30996978,-0.0545976758,0.520114958
S4_Second_Aim_Before,Start Ground,-7,-1,-9.65,0.350000381,-1.220611,-1.02664542,-0.0545976758,0.520114958
S4_Second_Aim_Before,Tutorial Landing,9,15,-9.65,0.350000381,-0.7033697,-0.509404063,-0.0545976758,0.520114958
S4_Second_Aim_Before,Tutorial T2 Landing,24,30,-9.65,0.350000381,-0.218455791,-0.0244902372,-0.0545976758,0.520114958
S4_Second_Aim_Before,Tutorial T3 Landing,36,42,-9.65,0.350000381,0.169475317,0.363440871,-0.0545976758,0.520114958
S4_Second_Aim_Before,Tutorial T4 Goal Floor,52,67,-9.65,0.350000381,0.6867167,1.1716305,-0.0545976758,0.520114958
S4_Second_Aim_After,Start Ground,-7,-1,-9.65,0.350000381,-1.220611,-1.02664542,-0.0545976758,0.520114958
S4_Second_Aim_After,Tutorial Landing,9,15,-9.65,0.350000381,-0.7033697,-0.509404063,-0.0545976758,0.520114958
S4_Second_Aim_After,Tutorial T2 Landing,24,30,-9.65,0.350000381,-0.218455791,-0.0244902372,-0.0545976758,0.520114958
S4_Second_Aim_After,Tutorial T3 Landing,36,42,-9.65,0.350000381,0.169475317,0.363440871,-0.0545976758,0.520114958
S4_Second_Aim_After,Tutorial T4 Goal Floor,52,67,-9.65,0.350000381,0.6867167,1.1716305,-0.0545976758,0.520114958
S4_Second_Attached_Before,Start Ground,-7,-1,-9.65,0.350000381,-1.220611,-1.02664542,-0.0545976758,0.520114958
S4_Second_Attached_Before,Tutorial Landing,9,15,-9.65,0.350000381,-0.7033697,-0.509404063,-0.0545976758,0.520114958
S4_Second_Attached_Before,Tutorial T2 Landing,24,30,-9.65,0.350000381,-0.218455791,-0.0244902372,-0.0545976758,0.520114958
S4_Second_Attached_Before,Tutorial T3 Landing,36,42,-9.65,0.350000381,0.169475317,0.363440871,-0.0545976758,0.520114958
S4_Second_Attached_Before,Tutorial T4 Goal Floor,52,67,-9.65,0.350000381,0.6867167,1.1716305,-0.0545976758,0.520114958
S4_Second_Attached_After,Start Ground,-7,-1,-9.65,0.350000381,-1.220611,-1.02664542,-0.0545976758,0.520114958
S4_Second_Attached_After,Tutorial Landing,9,15,-9.65,0.350000381,-0.7033697,-0.509404063,-0.0545976758,0.520114958
S4_Second_Attached_After,Tutorial T2 Landing,24,30,-9.65,0.350000381,-0.218455791,-0.0244902372,-0.0545976758,0.520114958
S4_Second_Attached_After,Tutorial T3 Landing,36,42,-9.65,0.350000381,0.169475317,0.363440871,-0.0545976758,0.520114958
S4_Second_Attached_After,Tutorial T4 Goal Floor,52,67,-9.65,0.350000381,0.6867167,1.1716305,-0.0545976758,0.520114958
S4_Second_Bridge_Before,Start Ground,-7,-1,-9.65,0.350000381,-1.2221843,-1.02821875,-0.0545976758,0.520114958
S4_Second_Bridge_Before,Tutorial Landing,9,15,-9.65,0.350000381,-0.704942942,-0.5109774,-0.0545976758,0.520114958
S4_Second_Bridge_Before,Tutorial T2 Landing,24,30,-9.65,0.350000381,-0.220029116,-0.0260635614,-0.0545976758,0.520114958
S4_Second_Bridge_Before,Tutorial T3 Landing,36,42,-9.65,0.350000381,0.167902,0.361867547,-0.0545976758,0.520114958
S4_Second_Bridge_Before,Tutorial T4 Goal Floor,52,67,-9.65,0.350000381,0.685143352,1.17005718,-0.0545976758,0.520114958
S4_Second_Bridge_After,Start Ground,-7,-1,-9.65,0.350000381,-1.2221843,-1.02821875,-0.0545976758,0.520114958
S4_Second_Bridge_After,Tutorial Landing,9,15,-9.65,0.350000381,-0.704942942,-0.5109774,-0.0545976758,0.520114958
S4_Second_Bridge_After,Tutorial T2 Landing,24,30,-9.65,0.350000381,-0.220029116,-0.0260635614,-0.0545976758,0.520114958
S4_Second_Bridge_After,Tutorial T3 Landing,36,42,-9.65,0.350000381,0.167902,0.361867547,-0.0545976758,0.520114958
S4_Second_Bridge_After,Tutorial T4 Goal Floor,52,67,-9.65,0.350000381,0.685143352,1.17005718,-0.0545976758,0.520114958
S4_TwoBridges_Before,Start Ground,-7,-1,-9.65,0.350000381,-1.2221843,-1.02821875,-0.0545976758,0.520114958
S4_TwoBridges_Before,Tutorial Landing,9,15,-9.65,0.350000381,-0.704942942,-0.5109774,-0.0545976758,0.520114958
S4_TwoBridges_Before,Tutorial T2 Landing,24,30,-9.65,0.350000381,-0.220029116,-0.0260635614,-0.0545976758,0.520114958
S4_TwoBridges_Before,Tutorial T3 Landing,36,42,-9.65,0.350000381,0.167902,0.361867547,-0.0545976758,0.520114958
S4_TwoBridges_Before,Tutorial T4 Goal Floor,52,67,-9.65,0.350000381,0.685143352,1.17005718,-0.0545976758,0.520114958
S4_TwoBridges_After,Start Ground,-7,-1,-9.65,0.350000381,-1.2221843,-1.02821875,-0.0545976758,0.520114958
S4_TwoBridges_After,Tutorial Landing,9,15,-9.65,0.350000381,-0.704942942,-0.5109774,-0.0545976758,0.520114958
S4_TwoBridges_After,Tutorial T2 Landing,24,30,-9.65,0.350000381,-0.220029116,-0.0260635614,-0.0545976758,0.520114958
S4_TwoBridges_After,Tutorial T3 Landing,36,42,-9.65,0.350000381,0.167902,0.361867547,-0.0545976758,0.520114958
S4_TwoBridges_After,Tutorial T4 Goal Floor,52,67,-9.65,0.350000381,0.685143352,1.17005718,-0.0545976758,0.520114958
S4_Merged_Before,Start Ground,-7,-1,-9.65,0.350000381,-1.22246957,-1.028504,-0.0545976758,0.520114958
S4_Merged_Before,Tutorial Landing,9,15,-9.65,0.350000381,-0.7052282,-0.511262655,-0.0545976758,0.520114958
S4_Merged_Before,Tutorial T2 Landing,24,30,-9.65,0.350000381,-0.220314369,-0.02634883,-0.0545976758,0.520114958
S4_Merged_Before,Tutorial T3 Landing,36,42,-9.65,0.350000381,0.16761671,0.361582279,-0.0545976758,0.520114958
S4_Merged_Before,Tutorial T4 Goal Floor,52,67,-9.65,0.350000381,0.6848581,1.16977191,-0.0545976758,0.520114958
S4_Merged_After,Start Ground,-7,-1,-9.65,0.350000381,-1.22246957,-1.028504,-0.0545976758,0.520114958
S4_Merged_After,Tutorial Landing,9,15,-9.65,0.350000381,-0.7052282,-0.511262655,-0.0545976758,0.520114958
S4_Merged_After,Tutorial T2 Landing,24,30,-9.65,0.350000381,-0.220314369,-0.02634883,-0.0545976758,0.520114958
S4_Merged_After,Tutorial T3 Landing,36,42,-9.65,0.350000381,0.16761671,0.361582279,-0.0545976758,0.520114958
S4_Merged_After,Tutorial T4 Goal Floor,52,67,-9.65,0.350000381,0.6848581,1.16977191,-0.0545976758,0.520114958
S4_Restored_Before,Start Ground,-7,-1,-9.65,0.350000381,-0.987069,-0.793103456,-0.0545976758,0.520114958
S4_Restored_Before,Tutorial Landing,9,15,-9.65,0.350000381,-0.469827652,-0.2758621,-0.0545976758,0.520114958
S4_Restored_Before,Tutorial T2 Landing,24,30,-9.65,0.350000381,0.015086174,0.209051743,-0.0545976758,0.520114958
S4_Restored_Before,Tutorial T3 Landing,36,42,-9.65,0.350000381,0.4030173,0.596982837,-0.0545976758,0.520114958
S4_Restored_Before,Tutorial T4 Goal Floor,52,67,-9.65,0.350000381,0.920258641,1.40517247,-0.0545976758,0.520114958
S4_Restored_After,Start Ground,-7,-1,-9.65,0.350000381,-0.987069,-0.793103456,-0.0545976758,0.520114958
S4_Restored_After,Tutorial Landing,9,15,-9.65,0.350000381,-0.469827652,-0.2758621,-0.0545976758,0.520114958
S4_Restored_After,Tutorial T2 Landing,24,30,-9.65,0.350000381,0.015086174,0.209051743,-0.0545976758,0.520114958
S4_Restored_After,Tutorial T3 Landing,36,42,-9.65,0.350000381,0.4030173,0.596982837,-0.0545976758,0.520114958
S4_Restored_After,Tutorial T4 Goal Floor,52,67,-9.65,0.350000381,0.920258641,1.40517247,-0.0545976758,0.520114958
S4_Rebuilt_First_Aim_Before,Start Ground,-7,-1,-9.65,0.350000381,-1.05561483,-0.8616493,-0.0545976758,0.520114958
S4_Rebuilt_First_Aim_Before,Tutorial Landing,9,15,-9.65,0.350000381,-0.5383734,-0.344407916,-0.0545976758,0.520114958
S4_Rebuilt_First_Aim_Before,Tutorial T2 Landing,24,30,-9.65,0.350000381,-0.0534596443,0.140505925,-0.0545976758,0.520114958
S4_Rebuilt_First_Aim_Before,Tutorial T3 Landing,36,42,-9.65,0.350000381,0.334471434,0.528437,-0.0545976758,0.520114958
S4_Rebuilt_First_Aim_Before,Tutorial T4 Goal Floor,52,67,-9.65,0.350000381,0.8517128,1.33662665,-0.0545976758,0.520114958
S4_Rebuilt_First_Aim_After,Start Ground,-7,-1,-9.65,0.350000381,-1.05561483,-0.8616493,-0.0545976758,0.520114958
S4_Rebuilt_First_Aim_After,Tutorial Landing,9,15,-9.65,0.350000381,-0.5383734,-0.344407916,-0.0545976758,0.520114958
S4_Rebuilt_First_Aim_After,Tutorial T2 Landing,24,30,-9.65,0.350000381,-0.0534596443,0.140505925,-0.0545976758,0.520114958
S4_Rebuilt_First_Aim_After,Tutorial T3 Landing,36,42,-9.65,0.350000381,0.334471434,0.528437,-0.0545976758,0.520114958
S4_Rebuilt_First_Aim_After,Tutorial T4 Goal Floor,52,67,-9.65,0.350000381,0.8517128,1.33662665,-0.0545976758,0.520114958
S4_Rebuilt_First_Attached_Before,Start Ground,-7,-1,-9.65,0.350000381,-1.05561483,-0.8616493,-0.0545976758,0.520114958
S4_Rebuilt_First_Attached_Before,Tutorial Landing,9,15,-9.65,0.350000381,-0.5383734,-0.344407916,-0.0545976758,0.520114958
S4_Rebuilt_First_Attached_Before,Tutorial T2 Landing,24,30,-9.65,0.350000381,-0.0534596443,0.140505925,-0.0545976758,0.520114958
S4_Rebuilt_First_Attached_Before,Tutorial T3 Landing,36,42,-9.65,0.350000381,0.334471434,0.528437,-0.0545976758,0.520114958
S4_Rebuilt_First_Attached_Before,Tutorial T4 Goal Floor,52,67,-9.65,0.350000381,0.8517128,1.33662665,-0.0545976758,0.520114958
S4_Rebuilt_First_Attached_After,Start Ground,-7,-1,-9.65,0.350000381,-1.05561483,-0.8616493,-0.0545976758,0.520114958
S4_Rebuilt_First_Attached_After,Tutorial Landing,9,15,-9.65,0.350000381,-0.5383734,-0.344407916,-0.0545976758,0.520114958
S4_Rebuilt_First_Attached_After,Tutorial T2 Landing,24,30,-9.65,0.350000381,-0.0534596443,0.140505925,-0.0545976758,0.520114958
S4_Rebuilt_First_Attached_After,Tutorial T3 Landing,36,42,-9.65,0.350000381,0.334471434,0.528437,-0.0545976758,0.520114958
S4_Rebuilt_First_Attached_After,Tutorial T4 Goal Floor,52,67,-9.65,0.350000381,0.8517128,1.33662665,-0.0545976758,0.520114958
S4_Rebuilt_First_Bridge_Before,Start Ground,-7,-1,-9.65,0.350000381,-1.080462,-0.8864964,-0.0545976758,0.520114958
S4_Rebuilt_First_Bridge_Before,Tutorial Landing,9,15,-9.65,0.350000381,-0.5632206,-0.369255066,-0.0545976758,0.520114958
S4_Rebuilt_First_Bridge_Before,Tutorial T2 Landing,24,30,-9.65,0.350000381,-0.0783067942,0.11565876,-0.0545976758,0.520114958
S4_Rebuilt_First_Bridge_Before,Tutorial T3 Landing,36,42,-9.65,0.350000381,0.3096243,0.503589869,-0.0545976758,0.520114958
S4_Rebuilt_First_Bridge_Before,Tutorial T4 Goal Floor,52,67,-9.65,0.350000381,0.8268656,1.3117795,-0.0545976758,0.520114958
S4_Rebuilt_First_Bridge_After,Start Ground,-7,-1,-9.65,0.350000381,-1.080462,-0.8864964,-0.0545976758,0.520114958
S4_Rebuilt_First_Bridge_After,Tutorial Landing,9,15,-9.65,0.350000381,-0.5632206,-0.369255066,-0.0545976758,0.520114958
S4_Rebuilt_First_Bridge_After,Tutorial T2 Landing,24,30,-9.65,0.350000381,-0.0783067942,0.11565876,-0.0545976758,0.520114958
S4_Rebuilt_First_Bridge_After,Tutorial T3 Landing,36,42,-9.65,0.350000381,0.3096243,0.503589869,-0.0545976758,0.520114958
S4_Rebuilt_First_Bridge_After,Tutorial T4 Goal Floor,52,67,-9.65,0.350000381,0.8268656,1.3117795,-0.0545976758,0.520114958
S4_Rebuilt_Second_Aim_Before,Start Ground,-7,-1,-9.65,0.350000381,-1.220611,-1.02664542,-0.0545976758,0.520114958
S4_Rebuilt_Second_Aim_Before,Tutorial Landing,9,15,-9.65,0.350000381,-0.7033697,-0.509404063,-0.0545976758,0.520114958
S4_Rebuilt_Second_Aim_Before,Tutorial T2 Landing,24,30,-9.65,0.350000381,-0.218455791,-0.0244902372,-0.0545976758,0.520114958
S4_Rebuilt_Second_Aim_Before,Tutorial T3 Landing,36,42,-9.65,0.350000381,0.169475317,0.363440871,-0.0545976758,0.520114958
S4_Rebuilt_Second_Aim_Before,Tutorial T4 Goal Floor,52,67,-9.65,0.350000381,0.6867167,1.1716305,-0.0545976758,0.520114958
S4_Rebuilt_Second_Aim_After,Start Ground,-7,-1,-9.65,0.350000381,-1.220611,-1.02664542,-0.0545976758,0.520114958
S4_Rebuilt_Second_Aim_After,Tutorial Landing,9,15,-9.65,0.350000381,-0.7033697,-0.509404063,-0.0545976758,0.520114958
S4_Rebuilt_Second_Aim_After,Tutorial T2 Landing,24,30,-9.65,0.350000381,-0.218455791,-0.0244902372,-0.0545976758,0.520114958
S4_Rebuilt_Second_Aim_After,Tutorial T3 Landing,36,42,-9.65,0.350000381,0.169475317,0.363440871,-0.0545976758,0.520114958
S4_Rebuilt_Second_Aim_After,Tutorial T4 Goal Floor,52,67,-9.65,0.350000381,0.6867167,1.1716305,-0.0545976758,0.520114958
S4_Rebuilt_Second_Attached_Before,Start Ground,-7,-1,-9.65,0.350000381,-1.220611,-1.02664542,-0.0545976758,0.520114958
S4_Rebuilt_Second_Attached_Before,Tutorial Landing,9,15,-9.65,0.350000381,-0.7033697,-0.509404063,-0.0545976758,0.520114958
S4_Rebuilt_Second_Attached_Before,Tutorial T2 Landing,24,30,-9.65,0.350000381,-0.218455791,-0.0244902372,-0.0545976758,0.520114958
S4_Rebuilt_Second_Attached_Before,Tutorial T3 Landing,36,42,-9.65,0.350000381,0.169475317,0.363440871,-0.0545976758,0.520114958
S4_Rebuilt_Second_Attached_Before,Tutorial T4 Goal Floor,52,67,-9.65,0.350000381,0.6867167,1.1716305,-0.0545976758,0.520114958
S4_Rebuilt_Second_Attached_After,Start Ground,-7,-1,-9.65,0.350000381,-1.220611,-1.02664542,-0.0545976758,0.520114958
S4_Rebuilt_Second_Attached_After,Tutorial Landing,9,15,-9.65,0.350000381,-0.7033697,-0.509404063,-0.0545976758,0.520114958
S4_Rebuilt_Second_Attached_After,Tutorial T2 Landing,24,30,-9.65,0.350000381,-0.218455791,-0.0244902372,-0.0545976758,0.520114958
S4_Rebuilt_Second_Attached_After,Tutorial T3 Landing,36,42,-9.65,0.350000381,0.169475317,0.363440871,-0.0545976758,0.520114958
S4_Rebuilt_Second_Attached_After,Tutorial T4 Goal Floor,52,67,-9.65,0.350000381,0.6867167,1.1716305,-0.0545976758,0.520114958
S4_Rebuilt_Second_Bridge_Before,Start Ground,-7,-1,-9.65,0.350000381,-1.22218859,-1.028223,-0.0545976758,0.520114958
S4_Rebuilt_Second_Bridge_Before,Tutorial Landing,9,15,-9.65,0.350000381,-0.704947233,-0.5109817,-0.0545976758,0.520114958
S4_Rebuilt_Second_Bridge_Before,Tutorial T2 Landing,24,30,-9.65,0.350000381,-0.2200334,-0.026067853,-0.0545976758,0.520114958
S4_Rebuilt_Second_Bridge_Before,Tutorial T3 Landing,36,42,-9.65,0.350000381,0.1678977,0.361863256,-0.0545976758,0.520114958
S4_Rebuilt_Second_Bridge_Before,Tutorial T4 Goal Floor,52,67,-9.65,0.350000381,0.68513906,1.17005289,-0.0545976758,0.520114958
S4_Rebuilt_Second_Bridge_After,Start Ground,-7,-1,-9.65,0.350000381,-1.22218859,-1.028223,-0.0545976758,0.520114958
S4_Rebuilt_Second_Bridge_After,Tutorial Landing,9,15,-9.65,0.350000381,-0.704947233,-0.5109817,-0.0545976758,0.520114958
S4_Rebuilt_Second_Bridge_After,Tutorial T2 Landing,24,30,-9.65,0.350000381,-0.2200334,-0.026067853,-0.0545976758,0.520114958
S4_Rebuilt_Second_Bridge_After,Tutorial T3 Landing,36,42,-9.65,0.350000381,0.1678977,0.361863256,-0.0545976758,0.520114958
S4_Rebuilt_Second_Bridge_After,Tutorial T4 Goal Floor,52,67,-9.65,0.350000381,0.68513906,1.17005289,-0.0545976758,0.520114958
S4_Rebuilt_TwoBridges_Before,Start Ground,-7,-1,-9.65,0.350000381,-1.22218859,-1.028223,-0.0545976758,0.520114958
S4_Rebuilt_TwoBridges_Before,Tutorial Landing,9,15,-9.65,0.350000381,-0.704947233,-0.5109817,-0.0545976758,0.520114958
S4_Rebuilt_TwoBridges_Before,Tutorial T2 Landing,24,30,-9.65,0.350000381,-0.2200334,-0.026067853,-0.0545976758,0.520114958
S4_Rebuilt_TwoBridges_Before,Tutorial T3 Landing,36,42,-9.65,0.350000381,0.1678977,0.361863256,-0.0545976758,0.520114958
S4_Rebuilt_TwoBridges_Before,Tutorial T4 Goal Floor,52,67,-9.65,0.350000381,0.68513906,1.17005289,-0.0545976758,0.520114958
S4_Rebuilt_TwoBridges_After,Start Ground,-7,-1,-9.65,0.350000381,-1.22218859,-1.028223,-0.0545976758,0.520114958
S4_Rebuilt_TwoBridges_After,Tutorial Landing,9,15,-9.65,0.350000381,-0.704947233,-0.5109817,-0.0545976758,0.520114958
S4_Rebuilt_TwoBridges_After,Tutorial T2 Landing,24,30,-9.65,0.350000381,-0.2200334,-0.026067853,-0.0545976758,0.520114958
S4_Rebuilt_TwoBridges_After,Tutorial T3 Landing,36,42,-9.65,0.350000381,0.1678977,0.361863256,-0.0545976758,0.520114958
S4_Rebuilt_TwoBridges_After,Tutorial T4 Goal Floor,52,67,-9.65,0.350000381,0.68513906,1.17005289,-0.0545976758,0.520114958
S4_Rebuilt_Merged_Before,Start Ground,-7,-1,-9.65,0.350000381,-1.22247446,-1.0285089,-0.0545976758,0.520114958
S4_Rebuilt_Merged_Before,Tutorial Landing,9,15,-9.65,0.350000381,-0.705233157,-0.511267543,-0.0545976758,0.520114958
S4_Rebuilt_Merged_Before,Tutorial T2 Landing,24,30,-9.65,0.350000381,-0.220319271,-0.0263537169,-0.0545976758,0.520114958
S4_Rebuilt_Merged_Before,Tutorial T3 Landing,36,42,-9.65,0.350000381,0.167611837,0.3615774,-0.0545976758,0.520114958
S4_Rebuilt_Merged_Before,Tutorial T4 Goal Floor,52,67,-9.65,0.350000381,0.6848532,1.169767,-0.0545976758,0.520114958
S4_Rebuilt_Merged_After,Start Ground,-7,-1,-9.65,0.350000381,-1.22247446,-1.0285089,-0.0545976758,0.520114958
S4_Rebuilt_Merged_After,Tutorial Landing,9,15,-9.65,0.350000381,-0.705233157,-0.511267543,-0.0545976758,0.520114958
S4_Rebuilt_Merged_After,Tutorial T2 Landing,24,30,-9.65,0.350000381,-0.220319271,-0.0263537169,-0.0545976758,0.520114958
S4_Rebuilt_Merged_After,Tutorial T3 Landing,36,42,-9.65,0.350000381,0.167611837,0.3615774,-0.0545976758,0.520114958
S4_Rebuilt_Merged_After,Tutorial T4 Goal Floor,52,67,-9.65,0.350000381,0.6848532,1.169767,-0.0545976758,0.520114958
S4_WideStanding_Before,Start Ground,-7,-1,-9.65,0.350000381,-1.44873381,-1.25476825,-0.0545976758,0.520114958
S4_WideStanding_Before,Tutorial Landing,9,15,-9.65,0.350000381,-0.931492448,-0.7375269,-0.0545976758,0.520114958
S4_WideStanding_Before,Tutorial T2 Landing,24,30,-9.65,0.350000381,-0.446578622,-0.252613068,-0.0545976758,0.520114958
S4_WideStanding_Before,Tutorial T3 Landing,36,42,-9.65,0.350000381,-0.0586475134,0.135318041,-0.0545976758,0.520114958
S4_WideStanding_Before,Tutorial T4 Goal Floor,52,67,-9.65,0.350000381,0.458593845,0.9435076,-0.0545976758,0.520114958
S4_WideStanding_After,Start Ground,-7,-1,-9.65,0.350000381,-1.44873381,-1.25476825,-0.0545976758,0.520114958
S4_WideStanding_After,Tutorial Landing,9,15,-9.65,0.350000381,-0.931492448,-0.7375269,-0.0545976758,0.520114958
S4_WideStanding_After,Tutorial T2 Landing,24,30,-9.65,0.350000381,-0.446578622,-0.252613068,-0.0545976758,0.520114958
S4_WideStanding_After,Tutorial T3 Landing,36,42,-9.65,0.350000381,-0.0586475134,0.135318041,-0.0545976758,0.520114958
S4_WideStanding_After,Tutorial T4 Goal Floor,52,67,-9.65,0.350000381,0.458593845,0.9435076,-0.0545976758,0.520114958
S4_WideWalk_Before,Start Ground,-7,-1,-9.65,0.350000381,-1.44556832,-1.25160277,-0.0545976758,0.520114958
S4_WideWalk_Before,Tutorial Landing,9,15,-9.65,0.350000381,-0.928326964,-0.7343614,-0.0545976758,0.520114958
S4_WideWalk_Before,Tutorial T2 Landing,24,30,-9.65,0.350000381,-0.443413138,-0.249447584,-0.0545976758,0.520114958
S4_WideWalk_Before,Tutorial T3 Landing,36,42,-9.65,0.350000381,-0.05548203,0.138483524,-0.0545976758,0.520114958
S4_WideWalk_Before,Tutorial T4 Goal Floor,52,67,-9.65,0.350000381,0.4617593,0.946673155,-0.0545976758,0.520114958
S4_WideWalk_After,Start Ground,-7,-1,-9.65,0.350000381,-1.44556832,-1.25160277,-0.0545976758,0.520114958
S4_WideWalk_After,Tutorial Landing,9,15,-9.65,0.350000381,-0.928326964,-0.7343614,-0.0545976758,0.520114958
S4_WideWalk_After,Tutorial T2 Landing,24,30,-9.65,0.350000381,-0.443413138,-0.249447584,-0.0545976758,0.520114958
S4_WideWalk_After,Tutorial T3 Landing,36,42,-9.65,0.350000381,-0.05548203,0.138483524,-0.0545976758,0.520114958
S4_WideWalk_After,Tutorial T4 Goal Floor,52,67,-9.65,0.350000381,0.4617593,0.946673155,-0.0545976758,0.520114958
S4_WideJump_Before,Start Ground,-7,-1,-9.65,0.350000381,-1.4659909,-1.27202547,-0.0545976758,0.520114958
S4_WideJump_Before,Tutorial Landing,9,15,-9.65,0.350000381,-0.948749661,-0.754784167,-0.0545976758,0.520114958
S4_WideJump_Before,Tutorial T2 Landing,24,30,-9.65,0.350000381,-0.463835835,-0.269870281,-0.0545976758,0.520114958
S4_WideJump_Before,Tutorial T3 Landing,36,42,-9.65,0.350000381,-0.07590473,0.118060827,-0.0545976758,0.520114958
S4_WideJump_Before,Tutorial T4 Goal Floor,52,67,-9.65,0.350000381,0.441336632,0.926250458,-0.0545976758,0.520114958
S4_WideJump_After,Start Ground,-7,-1,-9.65,0.350000381,-1.4659909,-1.27202547,-0.0545976758,0.520114958
S4_WideJump_After,Tutorial Landing,9,15,-9.65,0.350000381,-0.948749661,-0.754784167,-0.0545976758,0.520114958
S4_WideJump_After,Tutorial T2 Landing,24,30,-9.65,0.350000381,-0.463835835,-0.269870281,-0.0545976758,0.520114958
S4_WideJump_After,Tutorial T3 Landing,36,42,-9.65,0.350000381,-0.07590473,0.118060827,-0.0545976758,0.520114958
S4_WideJump_After,Tutorial T4 Goal Floor,52,67,-9.65,0.350000381,0.441336632,0.926250458,-0.0545976758,0.520114958
S4_Wide_Aim_Before,Start Ground,-7,-1,-9.65,0.350000381,-1.4666127,-1.27264714,-0.0545976758,0.520114958
S4_Wide_Aim_Before,Tutorial Landing,9,15,-9.65,0.350000381,-0.949371338,-0.7554058,-0.0545976758,0.520114958
S4_Wide_Aim_Before,Tutorial T2 Landing,24,30,-9.65,0.350000381,-0.4644575,-0.270491958,-0.0545976758,0.520114958
S4_Wide_Aim_Before,Tutorial T3 Landing,36,42,-9.65,0.350000381,-0.0765264,0.117439151,-0.0545976758,0.520114958
S4_Wide_Aim_Before,Tutorial T4 Goal Floor,52,67,-9.65,0.350000381,0.440714955,0.9256288,-0.0545976758,0.520114958
S4_Wide_Aim_After,Start Ground,-7,-1,-9.65,0.350000381,-1.4666127,-1.27264714,-0.0545976758,0.520114958
S4_Wide_Aim_After,Tutorial Landing,9,15,-9.65,0.350000381,-0.949371338,-0.7554058,-0.0545976758,0.520114958
S4_Wide_Aim_After,Tutorial T2 Landing,24,30,-9.65,0.350000381,-0.4644575,-0.270491958,-0.0545976758,0.520114958
S4_Wide_Aim_After,Tutorial T3 Landing,36,42,-9.65,0.350000381,-0.0765264,0.117439151,-0.0545976758,0.520114958
S4_Wide_Aim_After,Tutorial T4 Goal Floor,52,67,-9.65,0.350000381,0.440714955,0.9256288,-0.0545976758,0.520114958
S4_Wide_Attached_Before,Start Ground,-7,-1,-9.65,0.350000381,-1.4666127,-1.27264714,-0.0545976758,0.520114958
S4_Wide_Attached_Before,Tutorial Landing,9,15,-9.65,0.350000381,-0.949371338,-0.7554058,-0.0545976758,0.520114958
S4_Wide_Attached_Before,Tutorial T2 Landing,24,30,-9.65,0.350000381,-0.4644575,-0.270491958,-0.0545976758,0.520114958
S4_Wide_Attached_Before,Tutorial T3 Landing,36,42,-9.65,0.350000381,-0.0765264,0.117439151,-0.0545976758,0.520114958
S4_Wide_Attached_Before,Tutorial T4 Goal Floor,52,67,-9.65,0.350000381,0.440714955,0.9256288,-0.0545976758,0.520114958
S4_Wide_Attached_After,Start Ground,-7,-1,-9.65,0.350000381,-1.4666127,-1.27264714,-0.0545976758,0.520114958
S4_Wide_Attached_After,Tutorial Landing,9,15,-9.65,0.350000381,-0.949371338,-0.7554058,-0.0545976758,0.520114958
S4_Wide_Attached_After,Tutorial T2 Landing,24,30,-9.65,0.350000381,-0.4644575,-0.270491958,-0.0545976758,0.520114958
S4_Wide_Attached_After,Tutorial T3 Landing,36,42,-9.65,0.350000381,-0.0765264,0.117439151,-0.0545976758,0.520114958
S4_Wide_Attached_After,Tutorial T4 Goal Floor,52,67,-9.65,0.350000381,0.440714955,0.9256288,-0.0545976758,0.520114958
S4_Clearing_Before,Start Ground,-7,-1,-9.65,0.350000381,-1.73217893,-1.53821349,-0.0545976758,0.520114958
S4_Clearing_Before,Tutorial Landing,9,15,-9.65,0.350000381,-1.21493757,-1.020972,-0.0545976758,0.520114958
S4_Clearing_Before,Tutorial T2 Landing,24,30,-9.65,0.350000381,-0.730023742,-0.5360582,-0.0545976758,0.520114958
S4_Clearing_Before,Tutorial T3 Landing,36,42,-9.65,0.350000381,-0.342092633,-0.148127079,-0.0545976758,0.520114958
S4_Clearing_Before,Tutorial T4 Goal Floor,52,67,-9.65,0.350000381,0.175148726,0.660062551,-0.0545976758,0.520114958
S4_Clearing_After,Start Ground,-7,-1,-9.65,0.350000381,-1.73217893,-1.53821349,-0.0545976758,0.520114958
S4_Clearing_After,Tutorial Landing,9,15,-9.65,0.350000381,-1.21493757,-1.020972,-0.0545976758,0.520114958
S4_Clearing_After,Tutorial T2 Landing,24,30,-9.65,0.350000381,-0.730023742,-0.5360582,-0.0545976758,0.520114958
S4_Clearing_After,Tutorial T3 Landing,36,42,-9.65,0.350000381,-0.342092633,-0.148127079,-0.0545976758,0.520114958
S4_Clearing_After,Tutorial T4 Goal Floor,52,67,-9.65,0.350000381,0.175148726,0.660062551,-0.0545976758,0.520114958
S4_Clear_Before,Start Ground,-7,-1,-9.65,0.350000381,-1.73217893,-1.53821349,-0.0545976758,0.520114958
S4_Clear_Before,Tutorial Landing,9,15,-9.65,0.350000381,-1.21493757,-1.020972,-0.0545976758,0.520114958
S4_Clear_Before,Tutorial T2 Landing,24,30,-9.65,0.350000381,-0.730023742,-0.5360582,-0.0545976758,0.520114958
S4_Clear_Before,Tutorial T3 Landing,36,42,-9.65,0.350000381,-0.342092633,-0.148127079,-0.0545976758,0.520114958
S4_Clear_Before,Tutorial T4 Goal Floor,52,67,-9.65,0.350000381,0.175148726,0.660062551,-0.0545976758,0.520114958
S4_Clear_After,Start Ground,-7,-1,-9.65,0.350000381,-1.73217893,-1.53821349,-0.0545976758,0.520114958
S4_Clear_After,Tutorial Landing,9,15,-9.65,0.350000381,-1.21493757,-1.020972,-0.0545976758,0.520114958
S4_Clear_After,Tutorial T2 Landing,24,30,-9.65,0.350000381,-0.730023742,-0.5360582,-0.0545976758,0.520114958
S4_Clear_After,Tutorial T3 Landing,36,42,-9.65,0.350000381,-0.342092633,-0.148127079,-0.0545976758,0.520114958
S4_Clear_After,Tutorial T4 Goal Floor,52,67,-9.65,0.350000381,0.175148726,0.660062551,-0.0545976758,0.520114958
S4_LifecycleRestored_Before,Start Ground,-7,-1,-9.65,0.350000381,-1.73217893,-1.53821349,-0.0545976758,0.520114958
S4_LifecycleRestored_Before,Tutorial Landing,9,15,-9.65,0.350000381,-1.21493757,-1.020972,-0.0545976758,0.520114958
S4_LifecycleRestored_Before,Tutorial T2 Landing,24,30,-9.65,0.350000381,-0.730023742,-0.5360582,-0.0545976758,0.520114958
S4_LifecycleRestored_Before,Tutorial T3 Landing,36,42,-9.65,0.350000381,-0.342092633,-0.148127079,-0.0545976758,0.520114958
S4_LifecycleRestored_Before,Tutorial T4 Goal Floor,52,67,-9.65,0.350000381,0.175148726,0.660062551,-0.0545976758,0.520114958
S4_LifecycleRestored_After,Start Ground,-7,-1,-9.65,0.350000381,-1.73217893,-1.53821349,-0.0545976758,0.520114958
S4_LifecycleRestored_After,Tutorial Landing,9,15,-9.65,0.350000381,-1.21493757,-1.020972,-0.0545976758,0.520114958
S4_LifecycleRestored_After,Tutorial T2 Landing,24,30,-9.65,0.350000381,-0.730023742,-0.5360582,-0.0545976758,0.520114958
S4_LifecycleRestored_After,Tutorial T3 Landing,36,42,-9.65,0.350000381,-0.342092633,-0.148127079,-0.0545976758,0.520114958
S4_LifecycleRestored_After,Tutorial T4 Goal Floor,52,67,-9.65,0.350000381,0.175148726,0.660062551,-0.0545976758,0.520114958
