frame,realtime,frame_ms,total_allocated_bytes,mono_used_bytes,gen0_collections
2,15.793,693.487,322421135,10915840,133
650,16.793,0.980,322455860,10305536,134
1624,17.794,1.171,322468886,10604544,134
2368,18.794,1.279,322469382,11329536,135
3326,19.794,0.915,322472574,11644928,135
4147,20.795,1.383,322473942,11616256,136
5028,21.796,0.991,322476358,10924032,137
6006,22.796,1.158,322478462,10223616,138
6688,23.796,1.142,322480870,11730944,138
7727,24.797,0.805,322481646,10256384,139
8473,25.798,1.466,322483014,10686464,140
9446,26.798,0.710,322485422,11169792,140
10474,27.798,1.344,322487526,11030528,141
11213,28.799,1.273,322751121,11202560,142
11980,29.799,1.499,322747857,11571200,143
12782,30.800,1.318,322749961,10346496,145
13435,31.800,1.662,322752377,10534912,146
14060,32.800,1.439,322899767,11137024,146
14595,33.828,89.304,337177912,11038720,147
15187,34.828,1.398,337107338,11571200,148
15832,35.829,1.763,337159952,10711040,149
16357,36.830,1.730,337635933,10629120,150
16888,37.831,1.873,337845748,11747328,151
17477,38.832,1.821,337802094,11857920,152
18086,39.832,1.686,337854796,11001856,153
18665,40.832,1.810,337878421,10756096,154
19272,41.834,1.932,337833793,11046912,155
19854,42.834,1.967,337886301,10485760,156
20383,43.834,1.542,337841401,12038144,156
20983,44.835,1.408,337856537,11423744,157
21598,45.835,1.389,337856633,11583488,158
22170,46.836,1.516,337863433,11067392,159
22763,47.838,1.719,337892764,10690560,160
23328,48.839,1.687,337945585,11800576,160
23825,49.841,1.795,337935221,10477568,162
24321,50.841,2.366,337934685,10977280,163
24821,51.842,1.905,337917846,11337728,164
25372,52.842,1.581,337918622,11251712,165
25935,53.843,1.842,337926486,10506240,166
26500,54.844,2.122,337986674,10993664,166
27283,55.845,0.851,337975462,11300864,166
28051,56.845,1.780,337976830,10653696,167
28655,57.846,1.691,338028332,11550720,167
29210,58.847,2.095,338045341,11063296,168
29700,59.848,2.312,340072749,11718656,169
30225,60.849,1.790,340137123,11616256,170
30811,61.850,1.870,339991781,11112448,171
31386,62.851,1.639,340044579,10313728,172
31919,63.852,1.913,340069068,11882496,172
32415,64.853,2.004,340097762,10342400,174
32905,65.853,1.887,340087045,11186176,175
33346,66.854,1.867,340136175,10973184,178
33861,67.854,1.722,340109514,11620352,179
34364,68.855,1.884,340121746,10653696,181
34872,69.855,1.795,340125562,11513856,182
35377,70.858,2.491,340216140,10973184,183
35865,71.861,2.968,340211390,10952704,184
36286,72.862,2.290,340184609,11890688,186
36738,73.863,2.494,340238499,12255232,187
37263,74.864,1.526,340420656,11935744,188
37944,75.866,1.604,340414448,12242944,189
38121,79.237,10.994,320228183,10481664,203
38794,80.963,1.169,356631468,11288576,209
39611,81.963,1.348,322330104,11644928,209
